house_size_m2,rooms,floor,open_kitchen,parking_spaces,house_age,garden,bathrooms,toilets,distance_to_city_center_km,municipality,property_type,sauna,balcony_terrace,heating_system,condition,plot_size_m2,energy_rating,price_thousand_eur
91,3,0,1,1,5,1,2,2,19.8,Helsinki,Terraced house,1,1,District heating,Good,740,C,387
81,3,2,1,1,5,0,1,1,4.1,Jyväskylä,Apartment,0,1,District heating,Excellent,0,A,173
57,2,2,1,1,14,0,1,1,8.1,Oulu,Apartment,0,1,Electric heating,Fair,0,C,104
103,4,0,0,2,28,1,2,2,11.7,Oulu,Semi-detached house,1,0,Air-source heat pump,Fair,890,C,190
127,5,0,0,2,91,1,2,3,8.3,Pori,Detached house,0,0,Electric heating,Needs renovation,1640,G,83
103,4,0,0,1,33,1,1,2,1.4,Tampere,Detached house,1,1,Oil heating,Needs renovation,865,E,241
94,4,1,1,2,27,0,2,2,5.1,Helsinki,Apartment,0,0,District heating,Good,0,C,406
95,4,0,1,2,28,1,2,2,4.9,Lahti,Detached house,1,0,Electric heating,Needs renovation,1140,D,130
80,4,0,1,1,30,0,2,2,8.6,Vantaa,Apartment,0,1,District heating,Excellent,0,B,213
81,3,0,0,1,28,0,1,1,15.1,Vantaa,Apartment,0,1,District heating,Needs renovation,0,E,122
43,2,3,0,1,51,0,1,1,2.4,Helsinki,Apartment,0,1,District heating,Fair,0,E,159
81,4,0,1,1,16,1,1,2,12.2,Oulu,Terraced house,1,1,Electric heating,Excellent,405,D,150
114,5,0,0,1,26,1,2,2,20.6,Vantaa,Terraced house,0,1,Electric heating,Good,515,C,256
54,3,1,0,1,41,0,1,1,1.1,Kuopio,Apartment,0,1,District heating,Fair,0,D,95
58,2,2,0,1,31,0,1,1,2.9,Helsinki,Apartment,0,1,District heating,Excellent,0,C,263
99,3,1,1,0,17,0,1,2,19.4,Vantaa,Apartment,0,1,District heating,Excellent,0,C,195
87,3,0,0,1,50,1,2,2,5.2,Turku,Terraced house,0,1,Oil heating,Needs renovation,430,F,131
53,2,2,0,1,53,0,1,1,1.6,Tampere,Apartment,0,0,District heating,Fair,0,F,115
38,2,1,0,1,17,0,1,1,2.6,Kuopio,Apartment,0,1,District heating,Excellent,0,B,76
102,4,0,1,2,19,1,2,2,10.6,Vantaa,Detached house,1,1,Electric heating,Good,885,C,247
61,3,2,0,1,18,0,1,1,1.6,Oulu,Apartment,0,1,District heating,Good,0,D,149
122,5,0,1,2,70,1,2,3,6.1,Espoo,Detached house,0,1,Oil heating,Good,1425,G,388
97,4,0,1,1,21,1,1,1,18.6,Espoo,Semi-detached house,0,0,Wood heating,Good,760,B,324
127,5,1,0,1,4,0,1,2,1.5,Jyväskylä,Apartment,0,1,Air-source heat pump,New,0,A,320
57,3,0,1,1,10,0,1,2,2.9,Helsinki,Apartment,0,1,District heating,Fair,0,C,219
103,4,0,1,2,44,1,2,2,5.9,Helsinki,Detached house,0,1,District heating,Fair,645,D,479
64,3,0,0,0,41,0,1,1,3.3,Helsinki,Apartment,0,1,District heating,Fair,0,D,192
88,3,2,0,1,54,0,1,1,0.6,Jyväskylä,Apartment,0,1,District heating,Fair,0,C,163
87,4,0,1,2,40,0,2,2,12.1,Espoo,Terraced house,1,1,Air-source heat pump,Good,210,C,305
70,3,2,0,0,28,0,1,1,1.2,Turku,Apartment,0,1,District heating,Good,0,C,156
95,4,0,1,1,23,1,2,2,2.1,Kuopio,Terraced house,1,1,District heating,Needs renovation,405,E,157
83,3,0,1,1,66,1,1,2,7.1,Jyväskylä,Semi-detached house,0,1,Electric heating,Needs renovation,455,G,88
123,4,0,1,2,0,1,2,2,15.3,Turku,Detached house,1,1,Electric heating,New,1485,B,252
67,2,6,0,1,4,0,1,1,5.9,Turku,Apartment,0,1,District heating,New,0,A,196
79,3,4,1,1,10,0,1,1,3.2,Helsinki,Apartment,0,1,District heating,Fair,0,B,324
39,2,4,1,0,1,0,1,1,2.0,Tampere,Apartment,0,1,District heating,New,0,A,149
63,3,3,1,0,10,0,1,1,6.7,Tampere,Apartment,0,1,Geothermal,Excellent,0,B,189
43,1,1,0,1,49,0,1,1,1.6,Oulu,Apartment,0,1,Geothermal,Fair,0,D,83
137,5,0,1,2,0,1,2,2,2.9,Oulu,Detached house,1,1,Electric heating,Good,1940,A,328
45,2,3,0,1,47,0,1,1,1.4,Turku,Apartment,0,1,District heating,Needs renovation,0,E,86
103,4,0,0,2,68,1,1,1,15.8,Vantaa,Detached house,0,0,Electric heating,Fair,355,F,167
80,2,1,1,1,29,0,1,1,3.5,Lahti,Apartment,0,1,District heating,Good,0,C,130
69,4,2,1,0,1,0,1,1,14.2,Helsinki,Apartment,0,1,Air-source heat pump,Excellent,0,A,272
88,4,1,0,1,37,0,1,1,1.7,Oulu,Apartment,0,1,District heating,Needs renovation,0,D,139
85,4,0,1,1,10,1,1,2,11.0,Oulu,Semi-detached house,1,1,District heating,Good,730,C,177
62,2,0,0,1,28,0,1,1,5.2,Espoo,Apartment,0,0,District heating,Good,0,D,192
72,3,0,1,1,0,0,1,1,2.1,Turku,Apartment,0,1,District heating,Excellent,0,A,200
69,3,2,1,1,3,0,1,1,8.2,Espoo,Apartment,0,1,District heating,Excellent,0,B,264
42,1,2,0,1,45,0,1,1,2.1,Oulu,Apartment,0,1,District heating,Fair,0,D,74
69,3,2,1,0,87,0,1,1,9.4,Helsinki,Apartment,0,1,Electric heating,Needs renovation,0,F,139
74,3,0,0,2,94,1,2,2,9.9,Helsinki,Semi-detached house,0,0,Oil heating,Fair,455,G,213
93,4,0,1,1,12,1,1,1,29.2,Kuopio,Detached house,0,1,Geothermal,Needs renovation,2120,D,76
35,1,1,0,0,27,0,1,1,2.6,Turku,Apartment,0,1,District heating,Good,0,C,79
70,3,0,1,1,17,1,1,1,5.9,Oulu,Apartment,0,1,Air-source heat pump,Fair,0,D,115
62,3,5,0,1,24,0,1,1,3.5,Helsinki,Apartment,0,0,District heating,Good,0,C,267
54,2,3,0,0,46,0,1,1,5.9,Espoo,Apartment,0,1,District heating,Good,0,D,141
63,3,0,0,1,39,0,1,1,5.6,Espoo,Apartment,0,1,District heating,Good,0,D,195
80,3,0,0,1,72,1,1,1,3.7,Turku,Detached house,1,0,Air-source heat pump,Good,790,E,189
64,3,0,0,0,36,1,1,1,3.2,Tampere,Apartment,0,0,Air-source heat pump,Good,0,C,145
97,4,0,0,3,4,1,2,2,4.8,Lahti,Detached house,0,0,Geothermal,Needs renovation,2780,C,183
98,4,0,1,2,24,1,1,1,2.5,Tampere,Semi-detached house,0,0,Air-source heat pump,Good,505,B,276
99,3,1,0,1,63,0,2,3,5.3,Jyväskylä,Apartment,0,1,District heating,Good,0,E,152
62,3,1,0,1,30,0,2,2,6.8,Oulu,Apartment,0,1,Geothermal,Needs renovation,0,D,101
73,3,0,1,2,26,1,2,2,21.0,Tampere,Detached house,0,0,Air-source heat pump,Fair,665,C,138
73,3,0,1,1,23,0,1,1,4.0,Helsinki,Apartment,0,1,District heating,Fair,0,D,289
129,5,2,1,1,12,0,1,1,2.2,Pori,Apartment,1,1,District heating,Fair,0,C,158
84,4,0,0,2,45,1,2,2,1.2,Kuopio,Terraced house,0,1,Electric heating,Fair,565,F,135
78,5,0,1,1,9,0,1,1,8.5,Oulu,Terraced house,0,1,District heating,Good,460,D,156
39,2,0,0,1,24,0,1,1,4.2,Oulu,Apartment,0,0,District heating,Good,0,C,80
100,4,0,0,2,1,1,2,2,13.0,Espoo,Detached house,1,1,Air-source heat pump,Excellent,875,B,410
50,2,5,0,1,53,0,1,1,3.9,Oulu,Apartment,0,0,Electric heating,Good,0,D,100
70,3,5,0,1,39,0,1,1,2.3,Oulu,Apartment,0,1,District heating,Good,0,D,129
107,4,0,0,1,24,1,2,3,6.7,Jyväskylä,Terraced house,1,1,District heating,Good,475,B,205
68,2,5,0,0,37,0,1,1,5.1,Helsinki,Apartment,0,1,Oil heating,Good,0,E,247
63,3,2,1,1,13,0,1,1,10.2,Jyväskylä,Apartment,1,1,District heating,Good,0,C,108
142,6,0,1,2,54,1,2,2,4.1,Espoo,Detached house,1,1,Air-source heat pump,Good,1875,E,715
74,4,0,0,2,39,1,1,1,11.0,Vantaa,Terraced house,0,1,District heating,Fair,195,D,149
65,3,3,0,1,17,0,1,1,1.7,Turku,Apartment,0,0,District heating,Good,0,C,171
55,2,2,1,0,1,0,1,1,4.5,Tampere,Apartment,0,0,District heating,Excellent,0,B,164
86,4,1,0,1,54,0,1,1,15.8,Espoo,Apartment,0,0,District heating,Fair,0,E,189
38,2,5,1,1,1,0,1,1,1.0,Jyväskylä,Apartment,0,1,District heating,New,0,A,118
112,5,0,0,2,55,1,2,2,4.7,Helsinki,Detached house,1,0,Electric heating,Needs renovation,780,G,420
124,5,10,0,2,41,0,2,2,3.1,Helsinki,Apartment,0,1,District heating,Excellent,0,D,537
133,6,0,0,1,18,0,2,3,3.0,Kuopio,Detached house,0,0,Geothermal,Excellent,1545,C,254
44,1,0,0,1,15,0,1,1,14.2,Vantaa,Apartment,0,1,District heating,Good,0,D,103
69,3,2,0,0,95,0,1,1,2.7,Helsinki,Apartment,0,1,District heating,Excellent,0,F,245
51,2,0,0,1,37,0,1,1,1.9,Kuopio,Apartment,0,0,District heating,Good,0,E,81
158,4,0,1,1,31,1,2,3,14.1,Espoo,Detached house,0,1,Electric heating,Good,1045,E,523
70,3,5,1,1,2,0,1,1,5.0,Espoo,Apartment,0,1,Air-source heat pump,Excellent,0,A,303
200,6,0,1,1,21,1,3,5,3.4,Tampere,Detached house,1,1,Wood heating,Good,1510,E,527
62,2,6,0,1,21,0,1,1,7.0,Espoo,Apartment,0,1,District heating,Good,0,C,236
44,2,0,1,0,28,1,1,1,1.0,Helsinki,Apartment,0,1,District heating,Needs renovation,0,E,139
73,2,0,0,1,13,0,1,1,1.1,Oulu,Apartment,0,1,District heating,Needs renovation,0,D,121
158,6,0,1,1,30,0,2,2,8.5,Pori,Detached house,1,1,Electric heating,Good,795,D,165
85,3,0,0,1,44,1,2,3,6.5,Oulu,Terraced house,0,1,Geothermal,Fair,485,C,162
77,3,0,1,0,33,1,1,1,8.5,Pori,Terraced house,1,1,District heating,Fair,395,E,82
101,4,0,0,0,23,1,1,1,3.0,Helsinki,Terraced house,1,1,District heating,Good,535,D,535
78,4,0,1,1,14,1,1,1,1.8,Jyväskylä,Apartment,1,1,Oil heating,Good,0,C,158
57,2,2,0,1,95,0,1,1,1.4,Pori,Apartment,0,1,District heating,Good,0,F,56
120,4,2,1,1,17,0,2,3,4.0,Kuopio,Apartment,0,1,District heating,Fair,0,C,222
59,2,4,1,0,28,0,1,1,10.9,Tampere,Apartment,0,0,District heating,Excellent,0,D,132
163,6,0,1,2,12,1,2,2,6.5,Oulu,Detached house,1,1,Wood heating,Fair,1530,D,327
58,2,4,0,0,23,0,1,1,2.3,Tampere,Apartment,0,1,District heating,Fair,0,E,140
110,5,0,0,2,51,1,2,2,9.6,Lahti,Detached house,0,1,Wood heating,Fair,2265,G,134
100,4,0,1,1,15,0,2,2,5.9,Helsinki,Semi-detached house,0,1,Electric heating,Fair,600,D,496
87,4,4,0,1,3,0,1,1,4.4,Oulu,Apartment,0,1,District heating,New,0,A,217
54,2,6,1,1,27,0,1,1,2.6,Helsinki,Apartment,0,1,Air-source heat pump,Excellent,0,B,292
53,2,1,0,1,19,0,1,1,4.8,Espoo,Apartment,0,1,District heating,Good,0,D,192
82,3,0,1,2,2,0,1,1,2.9,Tampere,Apartment,0,1,District heating,New,0,A,258
97,4,1,0,0,20,0,1,1,7.6,Tampere,Apartment,0,1,District heating,Excellent,0,B,229
31,2,1,0,0,15,0,1,1,6.0,Helsinki,Apartment,0,1,District heating,Good,0,C,138
70,3,0,0,1,74,0,1,2,1.4,Tampere,Apartment,0,0,District heating,Needs renovation,0,G,117
28,1,2,0,1,3,0,1,1,9.8,Oulu,Apartment,0,1,Air-source heat pump,Good,0,B,60
107,3,0,0,0,12,0,1,2,2.6,Helsinki,Apartment,1,1,District heating,Good,0,B,432
24,1,0,0,0,29,0,1,1,8.2,Turku,Apartment,0,1,District heating,Good,0,D,45
61,2,2,0,0,21,0,1,2,1.8,Helsinki,Apartment,0,1,District heating,Fair,0,C,249
98,4,0,1,1,14,0,2,2,4.6,Pori,Semi-detached house,1,0,Air-source heat pump,Fair,620,B,128
65,3,0,0,0,67,0,1,1,3.7,Turku,Apartment,0,1,District heating,Good,0,F,113
59,3,1,0,1,49,0,1,1,4.4,Helsinki,Apartment,0,1,District heating,Fair,0,E,206
66,3,4,0,0,43,0,1,1,2.5,Tampere,Apartment,0,1,District heating,Fair,0,E,171
61,2,0,0,1,16,1,1,1,1.4,Turku,Apartment,0,1,District heating,Good,0,B,144
45,1,1,1,1,4,0,1,1,4.7,Helsinki,Apartment,0,1,District heating,Excellent,0,C,221
46,2,0,0,1,59,0,1,1,4.7,Oulu,Apartment,0,1,District heating,Needs renovation,0,F,60
82,4,0,0,1,24,0,1,2,13.0,Espoo,Terraced house,0,1,Electric heating,Needs renovation,215,D,229
94,3,0,0,1,17,1,1,1,4.3,Vantaa,Semi-detached house,1,1,Geothermal,Good,375,C,265
121,6,0,0,1,37,1,2,2,17.5,Espoo,Detached house,0,0,Electric heating,Good,1260,D,393
85,2,2,0,0,0,0,1,1,11.3,Helsinki,Apartment,1,1,District heating,Excellent,0,B,351
71,4,0,0,1,18,1,1,1,6.0,Helsinki,Terraced house,1,1,Air-source heat pump,Good,365,C,357
59,3,4,1,1,31,0,2,2,3.0,Helsinki,Apartment,0,1,District heating,Good,0,D,291
95,4,0,0,1,37,1,1,2,7.3,Vantaa,Detached house,1,1,District heating,Fair,1480,E,294
98,4,0,1,1,5,1,2,3,12.5,Vantaa,Semi-detached house,0,1,Electric heating,Excellent,785,B,308
58,2,4,0,0,43,0,1,1,2.8,Turku,Apartment,0,0,District heating,Good,0,D,118
68,2,2,1,1,1,0,1,1,6.1,Helsinki,Apartment,0,1,District heating,New,0,A,341
81,3,0,0,2,54,1,2,2,18.1,Tampere,Detached house,0,1,Electric heating,Good,1310,E,180
187,7,0,0,2,9,1,3,3,10.5,Vantaa,Detached house,1,1,Air-source heat pump,Excellent,1935,A,542
47,2,4,0,1,22,0,1,1,5.4,Tampere,Apartment,0,0,Electric heating,Fair,0,D,126
114,4,0,0,2,34,1,2,2,6.3,Oulu,Detached house,1,1,District heating,Fair,2065,D,235
129,5,0,0,1,24,0,2,3,11.9,Vantaa,Apartment,0,0,District heating,Fair,0,E,252
30,2,0,1,1,54,0,1,1,2.0,Lahti,Apartment,0,1,District heating,Good,0,E,43
143,5,0,0,1,23,1,2,2,8.9,Helsinki,Detached house,1,1,District heating,Good,1025,D,664
62,3,0,1,2,10,1,1,1,3.4,Oulu,Terraced house,1,1,District heating,Excellent,655,C,175
37,1,3,1,0,0,0,1,1,1.4,Turku,Apartment,0,1,Electric heating,New,0,A,127
64,3,0,1,2,18,1,1,1,3.5,Jyväskylä,Terraced house,1,0,Geothermal,Good,235,B,118
60,2,1,1,1,9,0,1,1,6.2,Helsinki,Apartment,0,1,District heating,Good,0,A,280
152,5,0,1,3,15,0,2,2,9.9,Espoo,Detached house,1,1,Electric heating,Good,1875,B,622
133,4,0,0,2,40,1,2,3,3.4,Kuopio,Detached house,0,1,District heating,Fair,2225,E,191
78,3,0,0,1,20,0,1,1,17.6,Vantaa,Apartment,0,0,District heating,Good,0,C,163
73,3,0,0,1,24,1,2,2,1.9,Turku,Terraced house,1,0,District heating,Fair,400,E,144
86,4,0,0,1,21,1,1,1,6.5,Helsinki,Terraced house,0,1,Air-source heat pump,Fair,520,B,446
98,3,2,1,1,0,0,2,2,5.5,Jyväskylä,Apartment,0,1,Electric heating,Excellent,0,A,210
200,8,0,0,2,95,1,3,4,5.3,Jyväskylä,Detached house,1,1,District heating,Fair,1240,F,289
94,3,3,1,2,3,0,1,1,24.9,Vantaa,Apartment,1,1,Air-source heat pump,Good,0,B,225
91,3,6,0,1,12,0,1,1,7.0,Helsinki,Apartment,1,1,District heating,Fair,0,D,347
66,2,5,0,1,42,0,1,1,0.4,Lahti,Apartment,1,0,Geothermal,Fair,0,E,106
98,4,1,1,1,58,0,1,2,11.5,Espoo,Apartment,1,0,District heating,Fair,0,E,229
71,3,6,0,1,10,0,1,1,1.8,Tampere,Apartment,0,1,District heating,Good,0,C,243
238,9,0,0,2,0,1,3,4,7.5,Turku,Detached house,1,1,Electric heating,New,840,B,563
67,3,5,1,1,4,0,1,1,3.5,Kuopio,Apartment,0,1,Electric heating,Excellent,0,B,136
71,3,0,1,2,13,1,1,1,8.0,Helsinki,Terraced house,0,0,Electric heating,Good,310,D,327
41,2,0,0,1,50,0,1,1,25.7,Vantaa,Apartment,0,0,District heating,Fair,0,D,68
106,4,0,1,2,46,1,1,1,4.2,Helsinki,Detached house,0,1,Electric heating,Needs renovation,640,F,328
94,4,4,1,2,43,0,1,1,1.5,Tampere,Apartment,0,1,District heating,Good,0,D,232
49,3,4,1,1,4,0,1,1,1.6,Pori,Apartment,0,0,District heating,Excellent,0,C,70
99,4,0,0,0,44,1,1,2,3.1,Kuopio,Terraced house,0,1,District heating,Needs renovation,545,D,152
74,3,0,0,2,46,1,1,1,3.5,Turku,Terraced house,0,0,Electric heating,Good,380,E,154
103,4,0,0,1,56,1,2,2,5.1,Kuopio,Terraced house,1,1,District heating,Fair,670,F,152
85,2,3,0,1,18,0,1,1,12.2,Vantaa,Apartment,0,1,Electric heating,Fair,0,C,184
107,4,0,1,2,3,1,1,1,3.0,Jyväskylä,Detached house,0,1,Electric heating,New,660,B,253
44,2,7,1,2,2,0,1,1,22.6,Espoo,Apartment,0,1,District heating,New,0,A,162
90,3,2,0,0,27,0,1,1,3.4,Helsinki,Apartment,1,0,District heating,Needs renovation,0,C,305
67,3,0,0,2,15,1,1,1,8.5,Tampere,Terraced house,0,1,Electric heating,Fair,350,E,198
74,3,0,0,1,5,0,1,1,4.1,Kuopio,Semi-detached house,0,1,Electric heating,Good,360,C,148
103,3,0,0,0,60,1,2,3,5.9,Kuopio,Detached house,0,1,Electric heating,Good,2060,F,171
68,3,0,1,1,15,0,1,1,3.2,Jyväskylä,Apartment,0,1,District heating,Excellent,0,C,145
72,3,1,1,1,36,0,1,1,9.4,Helsinki,Apartment,0,1,District heating,Good,0,D,248
136,6,0,1,1,20,1,2,2,13.5,Vantaa,Detached house,0,1,Electric heating,Good,1350,E,384
55,2,4,0,1,95,0,1,1,3.8,Helsinki,Apartment,0,0,District heating,Fair,0,F,168
62,2,2,0,1,72,0,1,1,6.3,Vantaa,Apartment,0,0,District heating,Good,0,G,136
30,2,4,0,1,20,0,1,1,3.8,Oulu,Apartment,0,0,District heating,Good,0,C,67
55,2,5,0,1,22,0,1,1,5.7,Helsinki,Apartment,0,1,District heating,Good,0,C,256
56,2,1,1,1,49,0,1,1,2.0,Lahti,Apartment,0,1,Electric heating,Needs renovation,0,E,76
62,3,0,0,1,25,0,1,1,5.0,Kuopio,Apartment,0,1,District heating,Excellent,0,C,102
72,3,0,0,0,17,0,1,1,1.8,Pori,Apartment,0,1,District heating,Good,0,D,88
83,3,0,0,1,27,0,1,1,6.1,Kuopio,Apartment,0,1,District heating,Needs renovation,0,E,88
85,3,2,0,1,34,0,1,1,5.3,Tampere,Apartment,0,1,District heating,Fair,0,D,187
28,1,2,1,1,19,0,1,1,12.5,Espoo,Apartment,0,1,District heating,Good,0,B,99
139,5,0,1,1,33,1,2,2,14.4,Espoo,Detached house,1,1,District heating,Fair,1175,E,383
43,1,0,0,0,21,0,1,1,3.6,Tampere,Apartment,0,1,Electric heating,Good,0,C,109
56,2,5,0,0,22,0,1,1,5.2,Tampere,Apartment,0,1,District heating,Fair,0,D,123
53,2,0,1,0,95,0,1,1,10.1,Vantaa,Apartment,0,0,District heating,Fair,0,F,90
71,2,0,1,1,25,0,1,1,4.1,Jyväskylä,Apartment,0,1,District heating,Good,0,C,127
70,4,0,1,1,18,0,1,1,1.9,Kuopio,Apartment,0,1,Air-source heat pump,Fair,0,C,119
72,3,0,0,2,58,1,1,1,4.3,Helsinki,Detached house,0,1,Wood heating,Good,740,F,366
103,4,1,0,2,17,0,1,1,6.3,Espoo,Apartment,0,1,District heating,Good,0,C,333
122,5,0,0,2,51,1,2,2,2.4,Oulu,Detached house,0,1,Wood heating,Fair,925,E,198
110,4,0,0,1,69,0,1,1,12.6,Tampere,Apartment,0,0,District heating,Good,0,E,170
81,4,0,0,1,17,1,1,1,6.5,Kuopio,Terraced house,1,1,Air-source heat pump,Excellent,250,C,153
40,1,3,0,1,64,0,1,1,2.4,Jyväskylä,Apartment,0,0,District heating,Needs renovation,0,G,64
52,3,0,1,0,4,0,1,1,5.1,Turku,Apartment,0,0,District heating,New,0,A,125
28,1,0,0,1,19,1,1,1,9.1,Vantaa,Apartment,0,0,District heating,Good,0,D,82
94,4,0,0,2,32,1,1,1,12.2,Helsinki,Terraced house,0,1,Electric heating,Good,230,E,339
113,5,0,1,3,3,0,2,2,10.1,Vantaa,Terraced house,1,1,District heating,Excellent,240,B,320
64,3,1,0,1,25,0,1,2,1.6,Pori,Apartment,0,1,Air-source heat pump,Good,0,C,86
80,3,0,1,2,29,1,2,2,4.3,Helsinki,Terraced house,0,1,District heating,Excellent,480,C,484
50,2,2,0,1,15,0,1,1,6.1,Turku,Apartment,0,1,Electric heating,Needs renovation,0,D,105
93,4,0,1,2,10,1,2,2,3.6,Kuopio,Terraced house,1,1,Air-source heat pump,Needs renovation,795,B,133
39,1,0,1,1,40,0,1,1,6.1,Vantaa,Apartment,0,0,District heating,Good,0,D,96
85,3,1,0,0,1,0,1,1,2.2,Tampere,Apartment,0,1,District heating,New,0,B,280
134,4,0,1,1,79,1,2,3,6.9,Helsinki,Detached house,0,1,Electric heating,Good,755,F,572
196,8,0,1,1,33,1,3,3,3.8,Oulu,Detached house,1,1,District heating,Fair,1620,D,297
80,2,1,0,1,25,0,1,1,4.6,Jyväskylä,Apartment,0,1,District heating,Good,0,D,153
121,4,0,0,2,15,1,1,1,4.7,Vantaa,Semi-detached house,1,1,District heating,Good,700,D,307
102,4,0,0,1,45,0,1,1,2.5,Jyväskylä,Apartment,0,1,Geothermal,Good,0,C,170
35,1,11,0,1,10,0,1,1,9.3,Espoo,Apartment,0,1,District heating,Needs renovation,0,D,131
88,3,12,1,0,4,0,1,1,4.8,Helsinki,Apartment,1,0,District heating,Good,0,B,424
50,3,0,0,0,15,1,1,1,11.3,Helsinki,Apartment,0,0,District heating,Good,0,C,171
58,2,5,0,1,9,0,1,1,4.7,Helsinki,Apartment,0,1,Air-source heat pump,Good,0,C,283
98,3,0,1,1,43,1,2,2,4.1,Lahti,Terraced house,0,1,District heating,Fair,420,E,126
92,3,0,0,1,44,0,1,1,1.8,Turku,Apartment,0,0,District heating,Fair,0,E,157
65,2,1,1,1,40,0,1,1,6.3,Tampere,Apartment,0,1,District heating,Good,0,E,143
74,3,0,0,1,11,1,2,2,9.9,Oulu,Terraced house,0,1,Geothermal,Good,485,B,167
107,4,0,1,1,19,1,2,2,4.9,Espoo,Detached house,0,1,District heating,Needs renovation,1205,E,489
59,3,2,0,0,64,0,1,1,11.1,Vantaa,Apartment,0,0,District heating,Good,0,E,109
101,4,0,1,1,9,1,2,2,2.0,Tampere,Terraced house,1,1,Air-source heat pump,Good,290,B,319
81,3,2,1,1,17,0,2,2,8.2,Helsinki,Apartment,0,1,District heating,Good,0,D,306
30,2,0,0,1,95,0,1,1,1.5,Kuopio,Apartment,0,0,District heating,Needs renovation,0,G,37
89,4,0,0,1,37,0,1,1,2.0,Tampere,Apartment,0,1,Air-source heat pump,Good,0,D,201
56,2,3,1,0,15,0,1,1,1.9,Tampere,Apartment,0,0,District heating,Fair,0,C,149
92,3,1,1,0,3,0,1,1,4.8,Helsinki,Apartment,0,1,District heating,Excellent,0,C,392
59,3,2,1,1,9,0,1,1,5.5,Oulu,Apartment,0,1,District heating,Good,0,B,121
62,3,4,0,1,21,0,1,1,1.1,Helsinki,Apartment,0,1,Electric heating,Good,0,D,318
135,5,0,1,2,4,1,2,2,6.8,Helsinki,Detached house,1,1,Electric heating,Good,1100,C,725
59,2,0,1,2,22,0,1,1,6.4,Helsinki,Apartment,0,0,District heating,Excellent,0,B,262
119,5,1,0,1,25,0,2,2,4.1,Espoo,Apartment,0,1,District heating,Fair,0,D,382
76,3,3,0,1,31,0,1,1,4.6,Espoo,Apartment,0,1,District heating,Needs renovation,0,F,198
56,3,0,0,1,28,1,1,1,2.2,Jyväskylä,Apartment,0,1,District heating,Good,0,D,114
31,1,2,0,0,43,0,1,1,19.3,Espoo,Apartment,0,1,District heating,Good,0,D,75
26,1,2,1,1,18,0,1,1,4.1,Kuopio,Apartment,0,1,District heating,Excellent,0,C,56
60,2,3,1,0,37,0,1,2,6.6,Vantaa,Apartment,0,1,District heating,Good,0,D,152
36,1,2,0,1,21,0,1,1,5.4,Helsinki,Apartment,0,0,District heating,Good,0,C,170
42,2,1,1,1,12,0,1,1,3.6,Tampere,Apartment,0,1,District heating,Good,0,C,139
118,4,0,0,1,34,1,1,2,9.9,Oulu,Terraced house,1,1,District heating,Needs renovation,460,D,137
149,6,0,0,2,64,1,3,3,10.0,Vantaa,Detached house,1,0,Electric heating,Needs renovation,805,G,231
152,7,0,1,0,33,1,2,3,4.2,Jyväskylä,Detached house,0,1,Electric heating,Good,1275,C,290
55,2,2,0,1,33,0,1,1,4.8,Lahti,Apartment,0,0,District heating,Fair,0,C,76
56,3,1,1,1,65,0,1,1,2.5,Turku,Apartment,0,0,District heating,Excellent,0,E,123
70,4,0,0,1,28,0,1,1,10.1,Vantaa,Apartment,0,1,District heating,Excellent,0,C,161
166,6,0,1,1,64,1,2,3,24.7,Vantaa,Detached house,1,1,Electric heating,Needs renovation,1620,F,322
52,2,3,0,2,14,0,1,1,1.3,Turku,Apartment,0,1,District heating,Good,0,D,146
85,3,0,0,1,18,0,1,1,6.3,Kuopio,Apartment,0,1,District heating,Good,0,B,147
39,1,5,1,0,10,0,1,1,5.9,Helsinki,Apartment,0,0,District heating,Fair,0,C,154
31,1,1,1,1,26,0,1,1,4.2,Helsinki,Apartment,0,0,District heating,Fair,0,E,154
49,2,6,0,1,35,0,1,1,1.9,Oulu,Apartment,0,0,District heating,Good,0,D,99
80,4,5,1,1,38,0,1,1,3.7,Jyväskylä,Apartment,0,0,District heating,Fair,0,F,141
65,3,0,1,2,66,0,1,1,7.0,Turku,Terraced house,0,1,Wood heating,Needs renovation,175,G,86
25,1,0,0,1,11,1,1,1,2.0,Jyväskylä,Apartment,0,1,District heating,Good,0,C,61
45,1,5,1,1,64,0,1,1,2.5,Helsinki,Apartment,0,1,District heating,Excellent,0,F,172
196,7,0,1,2,28,1,3,3,11.7,Vantaa,Detached house,1,1,Wood heating,Excellent,1465,C,552
54,2,11,1,1,9,0,1,1,5.9,Tampere,Apartment,0,1,District heating,Good,0,B,175
94,3,0,0,2,17,1,2,3,6.1,Turku,Semi-detached house,1,0,Geothermal,Fair,750,C,223
127,5,0,1,2,22,1,2,3,10.9,Turku,Detached house,1,0,Wood heating,Fair,1405,D,259
127,3,8,0,1,45,0,2,2,3.0,Helsinki,Apartment,0,1,District heating,Good,0,E,519
49,3,3,1,1,27,0,1,2,2.8,Turku,Apartment,0,1,District heating,Excellent,0,C,134
90,5,0,1,2,17,1,2,2,8.4,Espoo,Semi-detached house,0,0,Oil heating,Good,685,C,375
57,3,1,0,0,4,0,1,1,15.5,Espoo,Apartment,0,0,Electric heating,Excellent,0,C,173
60,2,4,1,0,21,0,1,1,5.6,Oulu,Apartment,0,0,District heating,Fair,0,D,103
127,4,5,1,1,14,0,2,2,11.7,Helsinki,Apartment,0,1,District heating,Good,0,C,407
117,5,1,0,1,58,0,2,3,4.9,Turku,Apartment,0,1,District heating,Excellent,0,E,226
79,3,2,1,0,59,0,2,2,1.5,Jyväskylä,Apartment,0,0,District heating,Good,0,F,141
74,3,7,1,1,19,0,1,1,0.8,Turku,Apartment,0,1,District heating,Excellent,0,C,218
108,4,0,0,2,28,1,2,2,7.5,Oulu,Semi-detached house,1,0,Air-source heat pump,Fair,650,D,238
71,3,0,0,1,50,1,1,1,1.9,Oulu,Apartment,0,0,District heating,Good,0,D,139
93,4,0,1,1,50,0,1,1,2.1,Pori,Apartment,0,1,District heating,Good,0,E,101
118,5,1,0,1,93,0,2,2,5.5,Helsinki,Apartment,0,0,District heating,Good,0,F,331
131,5,0,0,1,65,0,2,2,1.1,Lahti,Apartment,0,0,Air-source heat pump,Fair,0,E,153
39,1,2,1,1,3,0,1,1,3.6,Tampere,Apartment,0,1,District heating,Excellent,0,B,142
118,5,4,1,1,61,0,2,3,5.9,Helsinki,Apartment,0,1,District heating,Fair,0,F,381
96,4,7,1,1,11,0,2,2,2.4,Espoo,Apartment,1,1,District heating,Good,0,C,399
40,2,5,0,1,26,0,1,1,5.7,Oulu,Apartment,0,1,District heating,Good,0,C,87
119,4,0,0,2,50,1,2,2,2.8,Lahti,Detached house,1,1,Air-source heat pump,Excellent,1260,D,210
71,2,0,0,0,16,0,1,1,3.3,Helsinki,Apartment,0,1,District heating,Excellent,0,B,302
106,4,3,0,1,24,0,2,3,2.6,Tampere,Apartment,0,0,District heating,Needs renovation,0,C,257
109,4,0,0,1,34,0,1,1,5.5,Helsinki,Apartment,0,0,District heating,Excellent,0,D,383
169,7,0,0,1,0,0,2,2,4.8,Tampere,Detached house,1,1,Air-source heat pump,New,1915,A,473
49,2,6,0,1,36,0,1,1,4.7,Helsinki,Apartment,0,1,Electric heating,Good,0,D,227
64,3,2,1,1,37,0,1,1,5.1,Espoo,Apartment,0,1,District heating,Fair,0,E,171
49,2,2,1,0,8,0,1,1,13.8,Espoo,Apartment,0,1,District heating,Needs renovation,0,C,126
136,5,2,1,1,3,0,2,3,0.7,Tampere,Apartment,0,1,District heating,Good,0,B,434
48,2,3,0,0,48,0,1,1,5.3,Helsinki,Apartment,0,1,District heating,Good,0,E,156
93,4,0,0,1,30,1,2,2,12.3,Pori,Detached house,0,0,Air-source heat pump,Good,2655,C,109
118,4,0,1,1,0,1,1,2,3.7,Tampere,Terraced house,1,1,Electric heating,New,725,A,375
75,4,1,0,1,29,0,2,2,4.5,Oulu,Apartment,0,1,District heating,Fair,0,E,138
142,5,0,1,1,33,1,2,3,1.8,Tampere,Semi-detached house,0,1,District heating,Fair,420,E,325
35,1,0,1,1,13,0,1,1,2.2,Pori,Apartment,0,1,District heating,Good,0,C,49
48,2,0,0,1,9,0,1,1,1.2,Tampere,Apartment,0,0,District heating,Excellent,0,B,146
95,4,0,0,1,59,1,1,1,17.3,Espoo,Terraced house,0,1,Oil heating,Fair,450,G,220
109,5,1,1,1,29,0,2,2,2.1,Helsinki,Apartment,0,1,District heating,Fair,0,D,432
120,4,0,0,1,26,1,1,1,5.4,Jyväskylä,Detached house,0,1,District heating,Excellent,1590,D,241
58,2,1,0,1,25,0,1,1,4.7,Espoo,Apartment,0,1,District heating,Good,0,C,201
94,3,3,0,1,25,0,1,1,1.8,Oulu,Apartment,0,1,District heating,Fair,0,C,176
51,2,3,0,0,47,0,1,1,4.0,Jyväskylä,Apartment,0,0,District heating,Needs renovation,0,E,71
106,5,0,0,2,36,0,1,1,7.2,Turku,Semi-detached house,0,1,Electric heating,Excellent,380,D,201
65,2,6,1,1,20,0,1,2,4.7,Turku,Apartment,0,1,District heating,Good,0,D,152
80,3,0,1,1,13,0,1,1,7.7,Espoo,Apartment,0,0,District heating,Fair,0,C,238
54,2,3,0,1,5,0,1,1,1.8,Lahti,Apartment,0,1,Electric heating,Excellent,0,B,106
218,7,0,0,1,50,1,3,3,20.8,Vantaa,Detached house,1,1,Geothermal,Good,1065,E,422
67,3,0,0,1,51,1,2,2,5.0,Kuopio,Terraced house,1,1,District heating,Good,470,D,113
106,5,0,1,0,1,1,1,1,6.6,Helsinki,Detached house,1,1,Electric heating,New,820,C,559
100,4,0,0,0,4,0,2,2,4.8,Helsinki,Apartment,1,1,District heating,Good,0,A,455
43,2,5,1,1,58,0,1,1,4.8,Helsinki,Apartment,0,1,District heating,Good,0,F,171
43,2,4,1,1,26,0,1,1,5.7,Lahti,Apartment,0,1,District heating,Needs renovation,0,C,61
49,3,0,0,1,52,0,2,2,21.2,Vantaa,Apartment,0,0,Air-source heat pump,Excellent,0,E,96
99,4,0,1,1,65,1,2,2,7.1,Kuopio,Semi-detached house,0,1,Geothermal,Needs renovation,1410,F,128
69,3,0,0,1,49,1,1,1,5.2,Jyväskylä,Semi-detached house,1,1,Wood heating,Fair,325,F,108
86,3,4,0,1,26,0,1,2,15.0,Vantaa,Apartment,0,1,Geothermal,Fair,0,C,166
59,3,1,0,0,63,0,1,1,5.0,Helsinki,Apartment,0,0,District heating,Excellent,0,F,222
64,3,0,1,0,6,0,1,1,4.0,Espoo,Apartment,0,1,Electric heating,Good,0,C,225
33,1,0,0,1,27,1,1,1,4.3,Helsinki,Apartment,0,0,District heating,Good,0,C,151
82,3,0,0,1,69,1,2,3,4.6,Pori,Semi-detached house,1,1,Electric heating,Excellent,470,G,81
98,3,0,0,1,3,1,1,1,15.9,Vantaa,Semi-detached house,1,1,Air-source heat pump,Excellent,1320,B,309
69,3,0,1,1,8,1,1,1,2.6,Tampere,Semi-detached house,0,0,Electric heating,Good,250,C,198
32,1,4,0,0,17,0,1,1,5.0,Helsinki,Apartment,0,1,District heating,Fair,0,C,122
57,2,0,0,1,52,0,1,1,9.5,Helsinki,Apartment,0,1,District heating,Fair,0,F,161
35,2,3,1,1,51,0,1,1,4.2,Helsinki,Apartment,0,0,District heating,Needs renovation,0,F,135
48,2,0,1,2,20,1,1,1,4.9,Tampere,Apartment,0,1,District heating,Good,0,C,154
73,2,2,0,1,11,0,1,1,3.9,Espoo,Apartment,0,1,District heating,Good,0,C,270
86,4,1,0,1,29,0,1,1,4.5,Oulu,Apartment,0,1,District heating,Good,0,C,146
60,2,0,0,1,4,1,1,1,7.2,Vantaa,Apartment,0,1,Electric heating,Good,0,B,154
59,2,1,0,1,50,0,1,2,1.2,Tampere,Apartment,0,0,District heating,Fair,0,D,163
63,3,3,0,1,2,0,1,1,5.7,Oulu,Apartment,0,1,District heating,New,0,B,149
70,3,0,0,2,66,1,1,2,7.9,Turku,Semi-detached house,0,1,Air-source heat pump,Fair,260,F,121
51,3,7,0,1,26,0,1,1,3.3,Oulu,Apartment,0,0,District heating,Good,0,B,126
64,2,1,1,1,5,0,1,1,3.0,Tampere,Apartment,0,1,District heating,New,0,A,207
107,4,0,1,3,17,1,2,3,13.8,Vantaa,Semi-detached house,1,1,Geothermal,Good,785,B,358
98,4,1,0,1,19,0,1,2,14.3,Helsinki,Apartment,0,1,District heating,Good,0,B,322
57,2,1,1,0,29,0,1,2,1.6,Tampere,Apartment,0,1,District heating,Good,0,D,156
83,3,7,1,0,5,0,2,2,4.6,Helsinki,Apartment,0,0,District heating,Good,0,C,351
69,2,0,1,1,17,1,1,1,22.9,Tampere,Terraced house,0,1,Air-source heat pump,Needs renovation,285,C,110
39,2,2,1,0,28,0,1,1,9.6,Helsinki,Apartment,0,1,District heating,Fair,0,E,137
278,9,0,1,2,8,1,3,3,3.3,Turku,Detached house,1,1,Electric heating,Excellent,1430,B,584
51,2,1,0,0,42,0,1,1,1.8,Tampere,Apartment,0,1,District heating,Fair,0,E,121
99,3,0,0,1,22,0,1,1,5.1,Turku,Apartment,0,0,Air-source heat pump,Good,0,C,218
77,3,3,0,1,5,0,2,2,6.4,Helsinki,Apartment,0,1,District heating,Excellent,0,C,349
69,3,4,1,0,25,0,1,1,2.3,Helsinki,Apartment,0,1,District heating,Fair,0,D,268
117,4,3,1,1,3,0,2,2,4.0,Turku,Apartment,0,1,District heating,New,0,A,308
46,2,1,0,1,4,0,1,1,6.3,Helsinki,Apartment,0,1,District heating,New,0,B,238
33,2,0,1,0,31,0,1,1,3.1,Helsinki,Apartment,0,1,Air-source heat pump,Needs renovation,0,D,122
84,4,0,1,2,45,1,2,2,9.1,Lahti,Detached house,1,1,District heating,Needs renovation,625,F,89
74,3,3,0,0,60,0,1,1,3.7,Helsinki,Apartment,0,1,District heating,Good,0,F,242
66,2,0,0,1,4,0,1,1,4.8,Lahti,Apartment,0,1,District heating,Excellent,0,B,103
60,2,3,1,1,24,0,1,1,15.6,Tampere,Apartment,0,1,Electric heating,Fair,0,D,110
74,2,0,0,1,28,0,1,1,1.9,Helsinki,Apartment,0,0,District heating,Fair,0,E,274
83,3,0,1,2,40,1,1,1,6.5,Helsinki,Semi-detached house,0,1,Wood heating,Good,275,F,349
183,7,0,1,2,41,1,2,3,23.8,Vantaa,Detached house,1,1,Electric heating,Needs renovation,2470,E,253
81,3,0,1,1,58,0,1,1,6.7,Helsinki,Apartment,0,0,District heating,Good,0,E,252
67,3,0,0,1,24,1,1,1,3.6,Tampere,Apartment,0,1,District heating,Good,0,C,177
75,3,2,1,1,22,0,1,1,6.2,Jyväskylä,Apartment,0,1,Electric heating,Excellent,0,C,155
58,2,0,1,1,4,0,1,1,2.3,Vantaa,Apartment,1,0,District heating,Excellent,0,C,184
60,2,0,0,1,37,0,1,2,2.0,Helsinki,Apartment,0,1,District heating,Excellent,0,C,262
84,2,2,0,0,27,0,1,1,1.7,Tampere,Apartment,0,1,District heating,Good,0,C,219
97,5,0,0,1,38,1,1,1,5.6,Espoo,Terraced house,0,1,Air-source heat pump,Fair,320,C,363
131,6,3,0,1,0,0,2,2,8.2,Vantaa,Apartment,0,1,District heating,New,0,B,401
65,2,13,1,1,59,0,1,1,6.3,Helsinki,Apartment,1,0,District heating,Good,0,G,230
73,2,0,1,1,10,0,1,1,9.0,Jyväskylä,Apartment,0,1,District heating,Excellent,0,B,126
60,3,0,0,1,5,1,1,1,6.8,Vantaa,Apartment,0,0,District heating,Excellent,0,A,180
52,2,1,1,0,40,0,1,1,6.8,Oulu,Apartment,0,0,Electric heating,Needs renovation,0,E,64
140,5,0,0,1,32,1,2,2,3.7,Kuopio,Terraced house,0,1,District heating,Excellent,800,C,302
76,4,0,1,1,2,0,2,2,6.8,Lahti,Apartment,0,1,District heating,New,0,A,135
73,3,2,0,1,46,0,1,1,1.7,Lahti,Apartment,0,1,District heating,Needs renovation,0,E,83
64,2,0,1,1,33,0,1,1,8.5,Vantaa,Apartment,0,1,District heating,Good,0,E,144
80,4,1,0,1,33,0,1,1,2.7,Tampere,Apartment,0,1,Air-source heat pump,Excellent,0,C,218
74,3,2,1,1,74,0,1,1,2.4,Turku,Apartment,0,1,District heating,Fair,0,F,139
122,5,1,0,0,34,0,2,2,3.3,Tampere,Apartment,1,1,District heating,Fair,0,D,283
123,4,3,0,1,10,0,2,2,5.3,Vantaa,Apartment,1,1,District heating,Fair,0,B,345
85,3,7,1,0,28,0,2,2,5.6,Helsinki,Apartment,0,1,Geothermal,Fair,0,C,284
62,2,5,0,1,79,0,1,1,4.5,Helsinki,Apartment,0,0,District heating,Needs renovation,0,G,156
102,5,0,0,3,30,1,2,2,4.2,Turku,Detached house,1,1,Oil heating,Good,470,D,209
59,2,2,0,1,46,0,1,1,11.6,Vantaa,Apartment,0,1,District heating,Good,0,E,129
53,3,4,0,1,10,0,1,1,5.2,Espoo,Apartment,0,1,District heating,Good,0,B,212
128,5,0,1,1,45,1,2,2,14.9,Espoo,Detached house,1,1,Oil heating,Good,1560,F,400
42,2,1,1,1,12,0,1,1,1.9,Tampere,Apartment,0,0,District heating,Fair,0,C,121
70,3,1,0,1,19,0,1,1,2.8,Turku,Apartment,0,1,District heating,Fair,0,B,162
53,2,2,0,1,8,0,1,1,3.8,Helsinki,Apartment,0,1,District heating,Good,0,B,261
40,2,1,1,0,21,0,1,1,2.2,Turku,Apartment,0,0,District heating,Good,0,B,95
71,3,1,1,1,1,0,1,1,7.3,Vantaa,Apartment,0,1,District heating,New,0,A,249
55,2,0,0,1,25,1,1,1,5.7,Helsinki,Apartment,0,0,District heating,Excellent,0,B,249
79,4,0,0,1,42,1,1,1,2.7,Tampere,Terraced house,0,1,District heating,Needs renovation,395,D,174
54,3,5,1,1,20,0,1,1,3.2,Jyväskylä,Apartment,0,1,Geothermal,Excellent,0,B,142
124,5,0,1,2,0,1,2,2,12.7,Vantaa,Detached house,1,1,Air-source heat pump,New,1295,B,420
132,6,0,1,1,23,0,2,2,21.7,Vantaa,Terraced house,1,1,District heating,Good,535,D,279
56,2,3,0,0,36,0,1,1,4.1,Jyväskylä,Apartment,0,1,District heating,Fair,0,C,86
67,2,5,0,1,26,0,1,2,4.7,Espoo,Apartment,0,0,District heating,Needs renovation,0,E,193
91,4,0,1,1,18,1,2,2,2.1,Jyväskylä,Detached house,1,1,District heating,Fair,875,D,207
110,4,1,0,1,20,0,2,2,2.4,Tampere,Apartment,0,1,District heating,Fair,0,C,261
100,3,1,1,1,18,0,2,2,5.3,Espoo,Apartment,0,0,District heating,Excellent,0,C,390
64,2,0,0,0,68,1,1,1,6.2,Turku,Apartment,0,0,District heating,Good,0,F,109
91,4,0,0,1,48,0,2,2,0.9,Tampere,Apartment,0,1,District heating,Needs renovation,0,E,215
100,5,0,1,0,25,1,1,1,13.2,Helsinki,Terraced house,1,1,Geothermal,Good,220,C,419
43,2,3,1,1,21,0,1,1,7.6,Vantaa,Apartment,0,1,Electric heating,Excellent,0,A,128
39,2,3,1,1,1,0,1,1,3.4,Espoo,Apartment,0,0,District heating,New,0,A,207
120,5,3,1,1,9,0,2,2,2.4,Oulu,Apartment,0,1,District heating,Excellent,0,B,262
46,2,0,0,0,54,0,1,1,5.3,Oulu,Apartment,0,0,District heating,Good,0,E,72
49,2,5,0,1,29,0,1,1,1.4,Turku,Apartment,0,1,Electric heating,Good,0,D,130
50,2,7,1,0,54,0,1,1,1.7,Turku,Apartment,0,0,District heating,Fair,0,E,100
87,3,2,1,1,53,0,1,2,2.2,Turku,Apartment,1,0,District heating,Fair,0,D,157
131,6,4,0,1,7,0,2,2,9.9,Espoo,Apartment,0,1,District heating,Excellent,0,C,456
68,2,2,1,1,32,0,1,1,3.7,Espoo,Apartment,0,1,District heating,Fair,0,D,206
44,2,0,1,1,56,0,1,1,5.5,Vantaa,Apartment,0,0,District heating,Needs renovation,0,F,80
64,3,3,0,0,49,0,1,1,3.6,Helsinki,Apartment,0,1,District heating,Good,0,F,220
93,4,2,0,2,9,0,2,2,14.2,Helsinki,Apartment,0,1,Electric heating,Good,0,B,335
87,4,0,0,0,20,0,1,2,2.8,Helsinki,Apartment,0,0,District heating,Good,0,C,326
106,4,4,1,1,7,0,1,1,8.4,Espoo,Apartment,0,1,District heating,Fair,0,B,370
116,4,6,0,1,38,0,2,2,14.6,Espoo,Apartment,1,1,District heating,Excellent,0,D,322
52,2,4,1,1,12,0,1,1,2.3,Oulu,Apartment,0,1,District heating,Needs renovation,0,C,108
121,5,0,1,3,4,1,2,2,9.2,Kuopio,Detached house,0,0,Geothermal,Good,1465,B,240
71,2,1,1,0,3,0,1,1,7.6,Lahti,Apartment,0,1,District heating,Excellent,0,C,105
56,3,2,0,0,36,0,1,1,2.0,Turku,Apartment,0,1,District heating,Fair,0,C,129
46,2,0,0,0,83,0,1,1,2.9,Turku,Apartment,0,1,District heating,Needs renovation,0,G,58
68,3,2,1,1,0,0,1,1,1.9,Lahti,Apartment,0,1,Electric heating,Good,0,C,142
53,2,3,1,0,13,0,1,1,1.5,Tampere,Apartment,0,0,Air-source heat pump,Good,0,B,176
138,5,0,1,2,36,1,2,3,6.2,Pori,Detached house,0,1,Oil heating,Fair,2325,G,137
119,4,1,0,2,40,0,2,3,2.2,Helsinki,Apartment,1,1,District heating,Fair,0,D,421
85,3,0,0,1,60,1,2,2,6.3,Helsinki,Semi-detached house,0,1,Air-source heat pump,Needs renovation,1095,F,381
139,5,0,0,1,2,1,2,2,3.7,Jyväskylä,Detached house,1,1,Electric heating,Excellent,1265,B,349
58,2,5,0,0,72,0,1,1,3.1,Turku,Apartment,0,1,District heating,Fair,0,G,93
45,2,2,1,1,32,0,1,1,14.2,Turku,Apartment,0,1,District heating,Good,0,D,77
59,2,0,0,1,71,0,1,1,1.8,Turku,Apartment,0,0,Electric heating,Good,0,F,102
101,3,1,0,1,30,0,2,3,2.6,Jyväskylä,Apartment,0,1,Oil heating,Needs renovation,0,F,129
63,2,2,0,0,27,0,1,1,3.4,Tampere,Apartment,0,1,District heating,Excellent,0,B,182
71,4,2,1,1,10,0,2,2,4.5,Helsinki,Apartment,0,1,District heating,Good,0,B,341
69,3,0,0,1,34,0,2,3,3.7,Oulu,Apartment,0,0,District heating,Good,0,D,119
49,2,3,1,0,14,0,1,1,4.2,Vantaa,Apartment,0,1,District heating,Good,0,B,139
46,2,2,0,0,5,0,1,1,1.8,Tampere,Apartment,0,1,District heating,New,0,A,165
46,2,3,0,1,16,0,1,1,4.7,Espoo,Apartment,0,1,District heating,Fair,0,D,148
76,3,0,1,2,4,1,2,3,5.8,Helsinki,Terraced house,0,1,Electric heating,Excellent,280,B,431
143,5,0,0,2,29,1,2,3,7.4,Pori,Detached house,0,1,Electric heating,Fair,970,E,149
89,4,1,0,1,39,0,1,1,1.9,Oulu,Apartment,1,0,District heating,Needs renovation,0,D,114
84,4,0,1,1,7,1,1,1,2.8,Tampere,Terraced house,0,1,Electric heating,Excellent,365,C,232
69,3,1,0,0,61,0,2,2,4.0,Helsinki,Apartment,0,0,District heating,Good,0,E,219
68,3,2,0,0,30,0,1,1,1.9,Helsinki,Apartment,0,1,Electric heating,Good,0,D,278
119,5,0,0,3,23,1,2,2,5.5,Tampere,Semi-detached house,0,0,Geothermal,Good,425,C,343
155,6,0,0,2,44,0,1,2,4.7,Helsinki,Detached house,0,1,Wood heating,Good,820,E,629
122,5,0,1,2,29,0,1,1,7.9,Helsinki,Semi-detached house,0,1,Electric heating,Good,550,C,528
67,2,2,0,1,58,0,1,1,2.4,Helsinki,Apartment,0,0,District heating,Needs renovation,0,F,240
42,2,1,0,0,26,0,1,1,4.4,Helsinki,Apartment,0,1,District heating,Good,0,D,173
34,2,1,0,0,87,0,1,1,4.5,Tampere,Apartment,0,0,District heating,Needs renovation,0,F,53
55,2,2,0,1,39,0,1,1,3.6,Espoo,Apartment,1,1,District heating,Good,0,D,181
98,4,0,1,2,12,1,2,2,7.0,Espoo,Detached house,1,1,Air-source heat pump,Excellent,1875,B,513
67,3,0,0,1,4,1,1,1,4.9,Oulu,Terraced house,1,1,Air-source heat pump,Good,495,B,170
117,4,0,0,1,20,1,1,2,1.6,Lahti,Detached house,1,1,District heating,Good,945,C,197
53,3,0,0,1,34,0,1,1,3.9,Helsinki,Apartment,0,1,District heating,Fair,0,D,212
90,4,0,0,1,22,1,1,2,1.2,Turku,Apartment,0,0,District heating,Good,0,C,222
87,4,0,1,1,23,1,2,3,5.8,Espoo,Detached house,1,1,Oil heating,Fair,845,E,344
52,2,1,0,0,22,0,1,1,3.7,Turku,Apartment,0,1,District heating,Fair,0,D,105
49,2,4,0,0,27,0,1,1,20.1,Vantaa,Apartment,0,0,District heating,Good,0,B,96
84,3,3,1,1,9,0,2,2,1.7,Helsinki,Apartment,0,1,District heating,Good,0,C,430
42,2,1,0,1,21,0,1,1,11.2,Vantaa,Apartment,0,0,District heating,Fair,0,D,120
81,3,0,0,1,53,0,2,3,11.6,Turku,Terraced house,0,1,District heating,Good,305,D,151
23,1,6,1,1,1,0,1,1,5.4,Espoo,Apartment,0,1,District heating,New,0,A,126
117,5,0,0,2,64,1,2,3,8.6,Helsinki,Detached house,0,1,District heating,Excellent,920,E,499
46,2,4,1,0,5,0,1,1,3.3,Turku,Apartment,0,0,District heating,Good,0,C,118
70,3,1,0,0,47,0,1,1,5.0,Helsinki,Apartment,0,0,District heating,Needs renovation,0,D,202
150,7,0,1,2,18,1,2,3,6.6,Turku,Detached house,1,1,Electric heating,Good,1945,D,410
50,2,4,0,0,26,0,1,1,2.2,Jyväskylä,Apartment,0,1,District heating,Fair,0,E,94
91,4,4,0,1,48,0,1,1,3.3,Helsinki,Apartment,1,0,Electric heating,Needs renovation,0,E,248
68,3,3,0,0,49,0,1,2,4.4,Helsinki,Apartment,0,1,District heating,Fair,0,E,212
86,3,2,0,0,32,0,2,3,2.1,Turku,Apartment,0,1,District heating,Good,0,C,195
32,1,4,1,0,22,0,1,1,6.7,Helsinki,Apartment,0,1,District heating,Good,0,D,123
61,2,2,1,0,89,0,1,1,4.1,Helsinki,Apartment,0,0,District heating,Good,0,E,200
46,2,1,1,0,3,0,1,1,2.3,Tampere,Apartment,1,1,District heating,Excellent,0,B,158
109,4,0,1,1,26,1,2,3,5.9,Vantaa,Terraced house,0,1,Air-source heat pump,Fair,180,D,229
80,3,2,1,1,28,0,2,2,4.5,Kuopio,Apartment,0,1,District heating,Fair,0,D,133
96,4,0,1,1,13,0,2,2,9.2,Jyväskylä,Semi-detached house,0,1,District heating,Good,1010,C,195
80,3,3,1,0,12,0,1,1,1.0,Turku,Apartment,1,1,District heating,Good,0,C,237
132,5,4,1,1,27,0,2,2,4.9,Helsinki,Apartment,0,1,District heating,Good,0,C,545
109,4,0,0,1,69,1,1,1,1.1,Oulu,Terraced house,1,1,District heating,Needs renovation,520,G,166
68,2,3,1,2,9,0,1,1,7.4,Lahti,Apartment,0,1,District heating,Good,0,A,118
74,3,0,1,1,0,1,1,1,26.4,Vantaa,Terraced house,0,1,Electric heating,New,475,B,188
35,2,2,1,1,29,0,1,1,1.4,Turku,Apartment,0,0,District heating,Fair,0,D,98
41,1,1,0,1,40,0,1,1,2.4,Pori,Apartment,0,1,Air-source heat pump,Excellent,0,C,59
131,5,0,0,2,31,1,2,3,17.5,Vantaa,Detached house,1,1,Air-source heat pump,Fair,2910,D,321
100,4,0,0,2,53,1,1,2,4.0,Tampere,Semi-detached house,0,1,Oil heating,Fair,545,G,179
78,4,5,0,0,36,0,1,1,7.5,Vantaa,Apartment,1,0,Geothermal,Excellent,0,B,216
98,4,0,1,2,5,1,2,2,1.5,Tampere,Apartment,0,1,District heating,Good,0,A,308
83,3,0,0,1,31,1,1,1,10.5,Espoo,Terraced house,1,1,District heating,Good,315,C,267
46,2,7,0,0,77,0,1,1,4.5,Helsinki,Apartment,0,1,District heating,Needs renovation,0,G,146
34,1,2,0,1,21,0,1,1,20.6,Vantaa,Apartment,0,0,District heating,Fair,0,D,70
49,2,1,0,1,55,0,1,1,12.1,Vantaa,Apartment,1,0,Electric heating,Fair,0,F,90
115,4,0,1,2,3,1,3,3,4.9,Oulu,Semi-detached house,1,1,District heating,Good,1810,B,312
108,4,2,0,1,20,0,2,2,18.2,Jyväskylä,Apartment,0,1,District heating,Good,0,D,143
44,2,0,0,1,16,0,1,1,4.2,Espoo,Apartment,0,1,District heating,Good,0,C,164
109,4,0,1,1,15,1,2,3,7.8,Jyväskylä,Detached house,1,1,Geothermal,Fair,1155,C,231
76,3,0,1,1,5,0,2,2,5.0,Tampere,Apartment,0,1,Air-source heat pump,Excellent,0,A,230
28,1,1,1,0,17,0,1,1,2.4,Jyväskylä,Apartment,0,1,District heating,Excellent,0,C,65
187,7,0,0,1,38,1,3,4,7.6,Lahti,Detached house,1,1,Electric heating,Good,1030,D,262
118,5,0,1,1,25,1,2,2,22.9,Vantaa,Apartment,0,0,District heating,Needs renovation,0,C,184
135,4,13,1,1,2,0,2,2,4.8,Helsinki,Apartment,1,1,District heating,New,0,A,719
74,3,1,0,0,16,0,1,1,3.3,Helsinki,Apartment,0,1,District heating,Fair,0,C,288
126,5,0,1,1,32,1,2,2,8.7,Espoo,Detached house,1,1,Air-source heat pump,Good,1075,C,500
72,2,0,1,1,25,1,1,1,0.8,Pori,Apartment,0,1,Air-source heat pump,Excellent,0,C,102
60,2,1,1,1,51,0,1,1,2.2,Turku,Apartment,0,1,District heating,Good,0,E,128
99,4,0,0,1,17,1,1,1,17.3,Vantaa,Terraced house,0,1,Electric heating,Good,440,E,213
60,2,1,0,1,50,0,1,1,3.3,Tampere,Apartment,0,0,District heating,Good,0,E,145
97,4,0,0,2,12,0,1,1,3.9,Lahti,Apartment,0,1,District heating,Excellent,0,B,158
91,4,0,0,2,95,1,1,1,11.5,Helsinki,Semi-detached house,0,0,Oil heating,Good,530,F,309
55,2,2,0,1,31,0,1,1,7.1,Jyväskylä,Apartment,0,1,Air-source heat pump,Good,0,C,100
55,3,0,0,1,70,1,1,1,5.2,Turku,Apartment,0,0,District heating,Fair,0,F,98
138,5,0,1,2,37,1,2,2,7.1,Oulu,Detached house,0,1,Air-source heat pump,Good,720,D,200
53,2,3,0,1,32,0,1,1,3.2,Espoo,Apartment,0,0,Geothermal,Fair,0,D,189
67,4,1,1,1,14,0,1,1,3.5,Lahti,Apartment,0,1,Geothermal,Good,0,B,127
89,4,2,1,1,16,0,1,1,8.2,Vantaa,Apartment,0,1,District heating,Good,0,C,232
128,5,0,1,3,8,1,2,2,17.7,Kuopio,Terraced house,0,1,Wood heating,Needs renovation,465,D,130
132,6,0,0,1,48,1,2,2,12.1,Oulu,Detached house,0,1,Electric heating,Good,1465,E,183
35,2,4,0,0,78,0,1,1,4.0,Espoo,Apartment,0,0,District heating,Fair,0,F,85
86,3,0,1,2,27,1,1,1,6.6,Helsinki,Semi-detached house,0,1,Air-source heat pump,Needs renovation,285,D,284
98,3,4,1,1,17,0,2,2,4.1,Helsinki,Apartment,0,1,District heating,Fair,0,C,443
92,4,0,0,2,42,1,1,1,4.8,Kuopio,Detached house,1,1,Geothermal,Fair,2395,E,172
45,1,1,0,1,45,0,1,1,1.8,Helsinki,Apartment,0,1,District heating,Fair,0,F,188
71,3,7,0,1,39,0,1,1,2.8,Tampere,Apartment,0,0,District heating,Fair,0,D,173
51,3,4,1,0,31,0,1,1,6.3,Espoo,Apartment,0,0,District heating,Needs renovation,0,D,143
190,8,0,0,1,60,1,2,3,8.2,Kuopio,Detached house,1,1,Air-source heat pump,Needs renovation,2385,E,194
70,2,0,0,1,61,0,1,1,3.1,Pori,Apartment,0,0,District heating,Fair,0,E,63
49,2,0,1,1,13,0,1,1,6.4,Espoo,Apartment,0,0,District heating,Needs renovation,0,C,149
71,3,0,0,0,11,1,2,2,9.2,Tampere,Semi-detached house,1,0,Electric heating,Good,620,B,192
121,5,0,1,1,60,1,3,3,20.1,Lahti,Detached house,1,1,Wood heating,Needs renovation,1350,G,104
27,1,0,1,0,2,1,1,1,15.4,Vantaa,Apartment,0,1,District heating,New,0,A,77
60,3,6,0,0,10,0,1,1,11.7,Espoo,Apartment,0,1,District heating,Good,0,C,194
121,5,0,1,2,44,1,1,2,5.2,Tampere,Detached house,1,1,District heating,Good,1070,F,317
66,3,0,0,1,12,1,2,2,10.0,Vantaa,Semi-detached house,1,0,Geothermal,Good,405,B,182
66,2,2,1,1,20,0,1,1,2.5,Helsinki,Apartment,0,1,District heating,Good,0,C,321
94,3,0,0,0,32,1,2,2,0.7,Tampere,Apartment,0,0,District heating,Fair,0,E,192
43,1,2,0,1,15,0,1,1,1.0,Lahti,Apartment,0,1,District heating,Fair,0,D,82
189,8,0,1,2,23,1,3,3,5.9,Vantaa,Semi-detached house,1,1,District heating,Good,1015,D,597
47,2,0,1,1,4,0,1,1,4.4,Kuopio,Apartment,0,1,District heating,Excellent,0,A,93
56,3,4,1,1,33,0,1,1,2.2,Tampere,Apartment,0,1,District heating,Good,0,D,165
52,3,2,0,0,22,0,2,2,1.2,Tampere,Apartment,0,0,District heating,Fair,0,D,143
199,8,0,1,2,21,1,3,4,8.7,Lahti,Detached house,0,1,Air-source heat pump,Needs renovation,1155,E,241
68,4,5,0,1,14,0,1,1,2.5,Jyväskylä,Apartment,0,1,District heating,Good,0,C,152
87,4,0,0,0,37,1,1,1,5.1,Tampere,Semi-detached house,1,1,Oil heating,Fair,895,G,213
69,3,1,0,1,18,0,1,1,2.8,Jyväskylä,Apartment,0,1,District heating,Fair,0,C,140
92,3,1,1,1,4,0,1,1,3.1,Turku,Apartment,0,0,Air-source heat pump,Excellent,0,A,233
101,3,0,0,3,40,1,2,3,4.5,Oulu,Terraced house,0,1,District heating,Excellent,640,E,196
78,3,0,1,1,23,1,1,1,2.8,Oulu,Apartment,0,1,District heating,Good,0,D,145
45,2,3,0,1,28,0,1,1,4.3,Helsinki,Apartment,0,0,District heating,Excellent,0,C,207
114,6,0,0,1,31,1,3,3,10.6,Vantaa,Detached house,0,1,Geothermal,Fair,1330,D,365
52,3,1,1,1,25,0,1,1,5.3,Jyväskylä,Apartment,0,1,District heating,Good,0,C,104
87,3,0,1,2,32,1,1,2,2.4,Helsinki,Semi-detached house,1,1,Electric heating,Good,615,D,449
99,4,0,1,1,91,1,2,2,29.4,Vantaa,Detached house,0,1,Electric heating,Good,1940,G,165
85,3,0,1,1,7,1,2,2,7.3,Kuopio,Semi-detached house,1,1,District heating,Excellent,580,B,177
37,1,0,0,0,18,0,1,1,4.2,Helsinki,Apartment,0,1,District heating,Good,0,C,144
122,4,1,0,0,95,0,1,1,5.4,Helsinki,Apartment,0,1,District heating,Fair,0,F,317
126,5,0,0,2,63,1,2,2,13.4,Kuopio,Detached house,0,1,Air-source heat pump,Needs renovation,2290,F,121
74,2,3,1,0,72,0,1,1,1.5,Helsinki,Apartment,0,0,District heating,Good,0,G,264
51,2,1,1,1,48,0,1,1,7.3,Pori,Apartment,0,1,District heating,Needs renovation,0,E,40
118,4,0,1,1,32,0,2,3,2.5,Pori,Semi-detached house,1,1,Air-source heat pump,Fair,510,C,139
52,3,3,1,0,35,0,1,1,3.6,Oulu,Apartment,0,1,District heating,Fair,0,D,98
69,4,5,0,1,1,0,1,2,5.6,Helsinki,Apartment,0,1,District heating,New,0,A,385
190,8,0,1,2,75,1,3,3,9.0,Jyväskylä,Detached house,1,1,District heating,Fair,1495,G,234
102,5,0,1,1,32,1,2,2,3.2,Jyväskylä,Detached house,0,1,Electric heating,Good,1820,C,233
130,4,4,1,1,5,0,2,3,2.0,Oulu,Apartment,1,1,District heating,Good,0,B,289
91,4,4,1,0,6,0,1,2,8.3,Espoo,Apartment,0,1,Electric heating,Good,0,B,316
51,2,1,0,1,17,0,1,1,1.5,Jyväskylä,Apartment,0,1,District heating,Needs renovation,0,D,98
111,3,9,1,1,15,0,1,2,1.5,Espoo,Apartment,1,1,District heating,Fair,0,C,482
150,6,0,0,2,40,1,3,4,5.1,Turku,Detached house,0,1,Geothermal,Good,1605,D,367
34,2,2,1,1,8,0,1,1,6.5,Tampere,Apartment,0,1,District heating,Needs renovation,0,C,94
45,2,2,0,1,60,0,1,1,5.5,Turku,Apartment,0,0,District heating,Good,0,F,82
43,1,4,1,1,0,0,1,1,2.9,Lahti,Apartment,0,1,District heating,New,0,A,88
152,6,0,0,2,26,1,2,2,10.6,Helsinki,Detached house,1,1,Geothermal,Fair,1495,C,842
49,2,3,0,1,22,0,1,1,1.7,Oulu,Apartment,0,0,District heating,Excellent,0,C,108
79,2,0,0,2,39,1,1,1,4.9,Lahti,Semi-detached house,0,1,Air-source heat pump,Fair,655,E,114
119,4,2,0,0,3,0,2,2,3.4,Helsinki,Apartment,0,1,District heating,Excellent,0,A,593
143,6,0,1,2,38,1,2,3,3.0,Turku,Detached house,1,1,District heating,Needs renovation,950,E,214
91,4,0,1,3,10,1,2,2,7.4,Turku,Detached house,1,1,Electric heating,Excellent,1195,D,218
66,3,0,0,1,34,0,1,2,6.7,Vantaa,Apartment,0,0,District heating,Needs renovation,0,E,115
79,4,0,0,2,12,1,1,1,13.5,Vantaa,Terraced house,0,1,Wood heating,Fair,210,D,205
79,3,0,0,0,44,0,1,1,6.3,Espoo,Apartment,0,1,District heating,Fair,0,E,198
72,3,0,0,1,32,0,1,1,15.6,Espoo,Apartment,0,1,District heating,Needs renovation,0,E,161
55,2,1,1,0,20,0,1,1,3.6,Helsinki,Apartment,0,0,District heating,Good,0,C,228
103,4,4,0,2,85,0,1,1,6.4,Vantaa,Apartment,0,1,District heating,Good,0,F,230
78,4,0,0,2,30,1,1,1,5.4,Espoo,Semi-detached house,0,1,District heating,Excellent,375,C,313
43,1,4,0,1,34,0,1,1,9.1,Espoo,Apartment,0,0,Electric heating,Fair,0,D,140
74,3,9,1,0,42,0,1,1,17.8,Espoo,Apartment,1,0,District heating,Fair,0,E,163
71,3,0,0,1,28,1,2,2,10.9,Tampere,Terraced house,0,0,Electric heating,Good,240,C,174
98,3,1,0,0,37,0,1,2,4.9,Helsinki,Apartment,0,0,District heating,Excellent,0,D,343
59,3,0,0,1,89,1,1,1,8.3,Vantaa,Apartment,0,0,District heating,Fair,0,G,99
84,3,7,1,0,0,0,1,1,3.2,Helsinki,Apartment,0,0,Electric heating,Good,0,B,373
64,2,5,0,1,65,0,1,1,2.6,Helsinki,Apartment,0,1,District heating,Needs renovation,0,F,231
58,2,3,1,1,38,0,1,1,4.0,Tampere,Apartment,0,1,District heating,Excellent,0,C,169
46,2,2,0,0,41,0,1,1,3.7,Helsinki,Apartment,0,1,District heating,Needs renovation,0,E,142
138,6,0,0,2,79,1,2,2,7.4,Jyväskylä,Detached house,1,1,Geothermal,Excellent,1585,F,217
43,2,0,0,1,52,1,1,1,2.6,Kuopio,Apartment,0,0,District heating,Fair,0,D,76
132,6,0,1,1,8,1,3,3,2.7,Jyväskylä,Detached house,1,1,Electric heating,Good,1975,B,308
41,2,2,0,0,27,0,1,1,2.8,Tampere,Apartment,0,1,Air-source heat pump,Good,0,C,111
153,6,0,0,3,12,1,2,3,22.6,Espoo,Detached house,1,1,Wood heating,Good,1195,D,447
70,4,1,0,1,55,0,1,2,6.8,Jyväskylä,Apartment,0,1,Air-source heat pump,Good,0,D,115
47,2,1,0,1,75,0,1,1,1.1,Tampere,Apartment,0,1,District heating,Good,0,F,121
82,4,0,1,2,23,1,1,2,11.1,Espoo,Terraced house,0,1,Air-source heat pump,Fair,230,C,256
99,5,2,0,1,66,0,1,1,5.1,Espoo,Apartment,1,0,District heating,Good,0,F,307
199,6,0,0,2,27,1,3,3,9.6,Espoo,Detached house,1,1,Wood heating,Good,1315,F,760
96,4,1,0,1,19,0,1,1,3.0,Helsinki,Apartment,0,1,District heating,Good,0,C,411
122,4,0,1,1,17,1,3,4,20.7,Vantaa,Detached house,1,1,Air-source heat pump,Fair,1715,D,333
122,5,0,0,1,21,0,1,1,3.9,Turku,Apartment,0,0,District heating,Fair,0,D,226
29,1,4,0,0,15,0,1,1,7.2,Helsinki,Apartment,0,1,District heating,Excellent,0,B,132
75,3,1,1,1,66,0,2,2,2.1,Jyväskylä,Apartment,0,0,District heating,Needs renovation,0,G,101
27,1,0,0,0,37,0,1,1,4.2,Vantaa,Apartment,0,0,District heating,Good,0,C,63
89,5,0,0,1,50,1,1,1,12.5,Oulu,Detached house,1,0,Geothermal,Good,1390,D,161
50,2,5,0,1,57,0,1,1,1.8,Turku,Apartment,0,0,District heating,Good,0,E,111
65,2,7,0,0,28,0,1,1,3.5,Helsinki,Apartment,0,0,District heating,Good,0,C,271
42,2,0,0,0,29,0,1,1,3.0,Helsinki,Apartment,0,0,District heating,Excellent,0,C,165
102,5,0,1,2,39,1,2,3,4.0,Kuopio,Detached house,0,0,Electric heating,Fair,1855,E,190
125,5,0,0,1,41,1,2,2,7.6,Vantaa,Detached house,1,0,District heating,Good,885,D,343
49,2,1,0,1,57,0,1,1,4.0,Tampere,Apartment,0,1,District heating,Fair,0,E,105
47,2,5,0,1,21,0,1,1,6.6,Helsinki,Apartment,0,0,District heating,Excellent,0,C,203
100,5,0,1,1,36,1,2,2,23.9,Vantaa,Detached house,0,1,Electric heating,Good,1195,D,198
75,3,1,0,1,37,0,1,1,7.0,Espoo,Apartment,0,0,District heating,Excellent,0,D,231
93,4,1,0,1,64,0,1,1,6.3,Espoo,Apartment,0,1,District heating,Fair,0,F,212
26,1,0,0,1,38,0,1,1,0.8,Pori,Apartment,0,1,District heating,Fair,0,E,37
124,5,7,0,1,46,0,2,3,2.9,Helsinki,Apartment,0,1,District heating,Good,0,E,510
167,7,0,0,3,1,1,3,4,3.3,Pori,Detached house,0,1,District heating,New,1570,B,282
66,3,0,0,1,41,0,1,1,1.8,Turku,Apartment,0,1,District heating,Fair,0,E,122
59,3,1,0,1,6,0,1,1,4.8,Lahti,Apartment,0,1,District heating,Excellent,0,C,104
89,4,0,1,1,27,1,1,1,1.3,Kuopio,Apartment,0,0,District heating,Fair,0,C,154
131,5,0,0,1,48,1,3,4,4.9,Turku,Detached house,1,0,Geothermal,Fair,845,F,193
55,2,1,0,1,27,0,1,1,9.6,Espoo,Apartment,0,0,Air-source heat pump,Needs renovation,0,D,141
139,4,0,1,2,5,1,2,3,10.1,Turku,Detached house,1,1,Electric heating,Excellent,1815,C,340
68,4,1,1,0,2,0,1,1,5.9,Helsinki,Apartment,0,0,District heating,New,0,A,341
50,2,6,1,1,67,0,1,1,1.0,Turku,Apartment,0,0,District heating,Good,0,E,105
131,5,0,0,2,26,1,1,1,2.5,Tampere,Detached house,0,1,Electric heating,Needs renovation,665,D,291
57,3,0,0,2,33,0,1,1,2.7,Tampere,Apartment,0,1,District heating,Fair,0,D,128
72,3,3,1,0,17,0,1,1,4.0,Tampere,Apartment,0,1,District heating,Good,0,B,197
41,2,1,1,1,2,0,1,1,6.6,Vantaa,Apartment,0,1,District heating,New,0,A,151
56,3,2,0,0,27,0,1,1,1.6,Turku,Apartment,0,1,Electric heating,Good,0,D,129
81,4,0,0,1,17,1,1,1,4.9,Tampere,Terraced house,0,1,Air-source heat pump,Good,590,C,222
50,2,1,0,1,19,0,1,1,2.4,Tampere,Apartment,0,1,District heating,Excellent,0,B,148
102,4,0,1,1,7,1,2,2,6.9,Oulu,Detached house,0,0,Electric heating,Fair,2840,C,249
131,5,0,1,3,5,1,2,2,5.5,Oulu,Semi-detached house,0,1,Electric heating,Good,960,C,295
74,3,0,0,1,17,1,1,1,6.3,Helsinki,Terraced house,0,1,Air-source heat pump,Fair,195,C,344
47,2,3,1,1,51,0,1,1,3.0,Tampere,Apartment,0,0,District heating,Good,0,E,107
67,3,4,0,0,48,0,1,1,7.4,Helsinki,Apartment,1,1,District heating,Good,0,E,232
57,3,1,0,0,26,0,1,1,8.6,Helsinki,Apartment,0,1,District heating,Excellent,0,C,218
148,6,0,0,3,11,1,3,3,8.7,Tampere,Detached house,0,1,Wood heating,Good,965,C,338
52,2,2,1,1,31,0,1,1,5.9,Helsinki,Apartment,0,1,District heating,Good,0,C,212
52,3,4,1,1,29,0,1,1,3.1,Helsinki,Apartment,0,1,District heating,Needs renovation,0,D,198
87,3,1,0,1,66,0,1,1,14.9,Helsinki,Apartment,0,1,District heating,Fair,0,F,219
63,2,5,1,0,15,0,1,1,3.0,Vantaa,Apartment,0,1,Air-source heat pump,Excellent,0,C,204
124,5,0,0,1,26,1,2,2,5.3,Helsinki,Semi-detached house,1,1,District heating,Fair,970,D,746
132,4,1,0,2,71,0,1,1,1.1,Tampere,Apartment,0,0,Electric heating,Fair,0,F,274
38,1,1,0,1,43,0,1,1,3.0,Helsinki,Apartment,0,1,District heating,Needs renovation,0,E,116
115,5,0,0,1,29,1,2,3,4.1,Lahti,Semi-detached house,1,0,Air-source heat pump,Good,1285,C,221
46,2,0,0,1,48,0,1,1,3.4,Espoo,Apartment,0,1,District heating,Good,0,E,152
84,3,3,1,0,3,0,2,2,18.0,Espoo,Apartment,0,1,District heating,Excellent,0,C,249
210,8,0,0,1,15,1,3,4,14.0,Vantaa,Detached house,1,1,Geothermal,Fair,860,C,474
100,4,0,0,1,49,1,2,2,15.0,Helsinki,Terraced house,0,1,District heating,Needs renovation,415,E,308
124,6,0,0,1,27,0,3,3,4.7,Tampere,Semi-detached house,1,1,Geothermal,Fair,695,D,310
37,2,7,1,0,27,0,1,1,2.1,Tampere,Apartment,0,0,Oil heating,Good,0,D,114
60,3,1,1,1,29,0,1,1,1.2,Vantaa,Apartment,0,0,District heating,Good,0,D,161
70,2,0,0,0,46,1,1,1,2.2,Jyväskylä,Terraced house,0,1,Wood heating,Needs renovation,245,F,82
62,3,0,1,0,3,0,1,1,4.6,Turku,Apartment,0,0,District heating,Excellent,0,B,140
117,4,0,1,2,15,1,2,2,7.4,Espoo,Detached house,1,1,Geothermal,Excellent,890,B,517
98,4,0,0,0,55,0,2,2,21.5,Vantaa,Apartment,1,0,Oil heating,Fair,0,G,116
63,2,3,0,0,43,0,1,1,2.9,Helsinki,Apartment,0,1,District heating,Good,0,D,202
54,2,0,1,1,87,0,1,1,2.8,Jyväskylä,Apartment,0,0,District heating,Good,0,F,82
115,5,0,1,1,25,1,2,2,7.8,Tampere,Detached house,0,1,Geothermal,Needs renovation,830,D,220
78,3,1,0,0,19,0,1,1,6.7,Helsinki,Apartment,0,1,District heating,Fair,0,C,272
94,3,0,0,1,33,1,1,2,3.4,Helsinki,Terraced house,0,1,Air-source heat pump,Fair,175,E,397
88,3,0,0,1,13,1,1,1,2.8,Helsinki,Apartment,0,1,District heating,Good,0,C,368
80,3,4,1,0,54,0,2,2,3.6,Helsinki,Apartment,0,1,District heating,Needs renovation,0,E,234
78,3,7,1,1,0,0,2,2,4.8,Vantaa,Apartment,0,1,District heating,New,0,A,269
109,5,3,0,0,22,0,2,2,4.2,Helsinki,Apartment,0,1,District heating,Good,0,D,437
129,5,0,0,2,21,1,1,2,5.6,Helsinki,Terraced house,0,0,District heating,Good,390,C,526
51,2,0,1,0,65,0,1,1,3.7,Turku,Apartment,0,1,District heating,Fair,0,F,83
114,4,0,0,1,60,1,1,1,2.9,Tampere,Detached house,1,1,District heating,Fair,820,F,247
58,2,6,0,0,27,0,1,1,2.8,Oulu,Apartment,0,0,District heating,Fair,0,C,115
112,5,0,0,2,9,1,3,3,13.9,Espoo,Semi-detached house,0,1,Air-source heat pump,Good,605,B,399
56,2,0,0,0,56,0,1,1,2.6,Lahti,Apartment,0,1,District heating,Needs renovation,0,E,51
92,4,0,0,2,24,1,1,1,5.3,Helsinki,Terraced house,0,1,District heating,Good,295,D,416
105,4,0,1,1,0,1,2,2,7.6,Espoo,Terraced house,1,0,Electric heating,New,525,B,487
130,4,0,1,2,3,1,2,2,9.6,Kuopio,Detached house,1,1,Air-source heat pump,Good,1450,C,264
70,3,3,1,1,14,0,1,1,9.8,Vantaa,Apartment,0,1,District heating,Excellent,0,C,198
99,4,2,0,1,16,0,1,1,0.5,Lahti,Apartment,0,1,District heating,Fair,0,D,181
71,3,4,1,0,20,0,1,1,5.1,Turku,Apartment,0,0,District heating,Fair,0,C,148
124,5,0,0,3,21,1,3,4,2.0,Tampere,Detached house,1,1,District heating,Excellent,1005,A,397
80,4,0,0,2,28,1,1,1,5.0,Lahti,Semi-detached house,1,1,District heating,Needs renovation,340,E,77
61,2,0,0,2,27,1,1,1,4.0,Tampere,Terraced house,0,1,Oil heating,Excellent,215,D,152
89,4,0,0,1,26,1,1,2,3.8,Kuopio,Detached house,0,1,District heating,Fair,2160,D,167
73,4,0,0,1,56,1,1,1,8.2,Lahti,Terraced house,0,1,District heating,Needs renovation,475,G,79
121,5,8,0,2,15,0,1,1,5.4,Espoo,Apartment,0,1,District heating,Good,0,D,432
54,2,3,0,1,35,0,1,1,6.1,Helsinki,Apartment,0,1,District heating,Fair,0,D,189
75,3,2,0,0,37,0,1,1,12.4,Helsinki,Apartment,0,1,District heating,Fair,0,D,179
40,2,8,0,1,24,0,1,1,3.6,Espoo,Apartment,0,0,District heating,Excellent,0,D,166
97,4,5,1,1,10,0,1,2,7.2,Espoo,Apartment,0,1,District heating,Needs renovation,0,C,291
90,4,0,1,2,17,0,2,3,2.6,Tampere,Detached house,0,1,District heating,Excellent,690,C,287
82,4,2,1,1,16,0,1,1,4.4,Espoo,Apartment,0,0,District heating,Good,0,C,270
47,2,2,1,1,2,0,1,1,7.7,Vantaa,Apartment,0,1,District heating,New,0,B,152
32,1,3,0,1,27,0,1,1,4.3,Oulu,Apartment,0,0,District heating,Good,0,B,64
138,6,0,1,2,20,1,2,2,3.8,Vantaa,Terraced house,1,1,District heating,Excellent,525,C,418
45,2,3,1,0,27,0,1,1,2.0,Helsinki,Apartment,0,1,District heating,Good,0,D,204
61,2,0,1,0,18,1,1,1,6.0,Vantaa,Terraced house,0,0,District heating,Needs renovation,295,D,139
40,2,3,0,0,53,0,1,1,7.6,Helsinki,Apartment,0,0,District heating,Needs renovation,0,E,109
70,3,0,0,1,29,1,2,2,2.1,Turku,Terraced house,0,1,District heating,Good,275,D,156
32,2,0,1,1,31,0,1,1,11.6,Vantaa,Apartment,0,0,Electric heating,Excellent,0,C,85
50,2,3,1,0,16,0,1,1,1.5,Tampere,Apartment,0,1,District heating,Excellent,0,C,158
80,4,0,0,1,49,1,1,2,9.6,Pori,Detached house,1,0,District heating,Fair,2575,F,83
54,3,3,0,1,32,0,1,1,3.8,Oulu,Apartment,0,1,District heating,Good,0,D,100
47,2,1,1,1,36,0,1,1,3.9,Kuopio,Apartment,0,1,District heating,Fair,0,E,73
73,3,0,0,1,40,0,1,1,4.6,Helsinki,Apartment,0,1,District heating,Good,0,E,277
33,1,0,0,0,14,0,1,1,3.4,Helsinki,Apartment,1,1,District heating,Good,0,C,141
29,1,3,1,0,4,0,1,1,5.9,Vantaa,Apartment,0,1,District heating,Good,0,C,90
119,4,3,1,1,42,0,2,3,3.9,Helsinki,Apartment,1,0,District heating,Good,0,D,465
61,2,1,0,0,33,0,1,1,4.4,Tampere,Apartment,0,1,District heating,Excellent,0,C,159
117,5,0,1,1,35,0,2,3,1.3,Turku,Apartment,1,0,District heating,Fair,0,D,257
81,4,0,0,0,0,0,1,1,3.4,Kuopio,Apartment,0,0,District heating,New,0,A,173
52,2,0,0,1,10,0,1,1,2.2,Helsinki,Apartment,0,1,District heating,Good,0,B,251
99,4,0,1,1,6,1,2,2,3.6,Oulu,Terraced house,1,1,Electric heating,Excellent,835,A,248
132,5,0,1,2,28,1,2,3,23.5,Vantaa,Detached house,0,1,Electric heating,Good,1190,D,268
102,4,0,0,0,13,0,1,1,4.5,Helsinki,Apartment,0,1,District heating,Fair,0,C,380
42,2,2,0,1,0,0,1,1,1.5,Helsinki,Apartment,0,1,District heating,New,0,A,263
110,4,0,0,2,9,1,2,3,13.9,Espoo,Semi-detached house,1,1,District heating,Excellent,720,C,399
85,4,0,0,1,1,1,1,2,14.4,Vantaa,Terraced house,0,1,District heating,New,615,A,301
121,5,3,0,1,15,0,1,1,6.2,Turku,Apartment,1,1,District heating,Good,0,B,278
55,3,0,1,0,39,0,1,1,3.4,Espoo,Apartment,0,0,District heating,Good,0,D,171
116,5,0,1,1,0,1,3,3,6.7,Helsinki,Semi-detached house,1,1,District heating,Excellent,415,B,567
62,2,0,0,0,50,0,1,1,5.0,Kuopio,Apartment,1,0,District heating,Needs renovation,0,E,75
47,2,3,1,1,10,0,1,1,3.0,Tampere,Apartment,0,0,District heating,Fair,0,B,122
38,1,1,1,0,17,0,1,1,1.4,Helsinki,Apartment,0,1,District heating,Good,0,C,178
87,4,3,0,1,10,0,1,1,1.6,Oulu,Apartment,0,1,Oil heating,Good,0,D,189
90,4,0,1,2,18,0,1,1,13.4,Turku,Semi-detached house,0,1,Air-source heat pump,Fair,530,C,161
100,4,2,1,1,3,0,2,3,2.2,Oulu,Apartment,1,1,District heating,Good,0,C,248
83,3,0,0,1,41,0,2,2,8.9,Espoo,Apartment,0,0,District heating,Fair,0,D,218
117,5,0,1,1,3,0,2,2,1.2,Jyväskylä,Apartment,0,0,District heating,Excellent,0,A,282
37,2,3,1,1,74,0,1,1,3.8,Pori,Apartment,0,0,District heating,Fair,0,E,38
166,6,0,0,2,1,1,3,3,2.1,Tampere,Detached house,1,1,Electric heating,New,545,B,478
83,3,0,0,1,17,0,1,1,2.9,Pori,Apartment,0,1,District heating,Good,0,C,95
51,2,3,0,1,79,0,1,1,2.3,Lahti,Apartment,0,0,District heating,Fair,0,F,64
39,1,3,1,1,95,0,1,1,4.9,Tampere,Apartment,0,1,District heating,Fair,0,E,79
87,3,2,0,1,35,0,1,1,2.7,Turku,Apartment,0,1,District heating,Good,0,C,177
162,7,0,0,2,39,1,3,5,8.6,Helsinki,Detached house,1,1,Electric heating,Good,890,D,713
165,7,0,0,2,6,1,3,4,23.0,Espoo,Detached house,1,1,Air-source heat pump,Fair,3070,C,543
51,2,4,1,1,36,0,1,1,1.3,Helsinki,Apartment,0,0,District heating,Fair,0,D,225
105,4,6,1,1,31,0,1,2,4.5,Turku,Apartment,0,1,District heating,Good,0,E,221
151,6,0,0,3,28,1,3,4,3.5,Tampere,Detached house,1,1,Wood heating,Fair,670,E,300
45,1,1,0,1,49,0,1,1,3.0,Jyväskylä,Apartment,0,1,District heating,Fair,0,F,80
89,3,3,1,0,13,0,1,2,0.5,Jyväskylä,Apartment,0,1,Electric heating,Good,0,C,217
40,2,6,1,0,47,0,1,1,1.6,Helsinki,Apartment,0,0,District heating,Excellent,0,E,156
30,2,3,0,1,24,0,1,1,2.7,Oulu,Apartment,0,0,District heating,Excellent,0,D,67
135,5,0,1,2,2,1,2,3,9.1,Oulu,Semi-detached house,1,1,Electric heating,New,1460,B,299
92,3,0,1,2,26,1,1,1,25.1,Vantaa,Terraced house,0,1,District heating,Good,360,D,193
117,4,0,1,1,31,1,3,3,6.4,Jyväskylä,Detached house,0,1,Geothermal,Fair,1980,C,232
137,6,0,1,2,19,1,3,4,3.4,Jyväskylä,Detached house,1,1,Air-source heat pump,Fair,2990,C,275
93,3,0,1,1,24,1,3,3,1.9,Helsinki,Terraced house,1,1,District heating,Good,425,D,565
86,4,0,0,1,2,1,2,2,5.8,Turku,Semi-detached house,0,0,Electric heating,New,640,C,202
61,2,1,1,0,13,0,1,1,7.0,Kuopio,Apartment,0,1,District heating,Fair,0,C,94
101,4,0,0,0,28,1,1,1,3.3,Turku,Detached house,1,1,Electric heating,Fair,1170,C,240
43,1,1,1,1,5,0,1,1,2.7,Kuopio,Apartment,0,1,District heating,New,0,B,105
87,3,5,0,1,30,0,2,3,5.8,Tampere,Apartment,0,1,District heating,Excellent,0,C,223
85,4,0,0,0,28,1,1,1,10.1,Jyväskylä,Detached house,0,1,Air-source heat pump,Fair,1535,C,154
96,4,0,1,1,10,1,2,2,22.6,Vantaa,Detached house,0,1,Wood heating,Good,1165,C,245
99,4,0,0,1,31,1,1,1,7.7,Turku,Semi-detached house,0,1,District heating,Fair,885,D,199
51,2,0,1,0,15,0,1,1,1.5,Helsinki,Apartment,0,0,District heating,Good,0,B,222
104,4,0,0,1,65,1,2,2,3.8,Helsinki,Apartment,1,0,District heating,Fair,0,G,384
80,4,0,1,0,9,0,1,1,2.6,Helsinki,Apartment,0,0,District heating,Good,0,B,332
22,1,3,1,1,18,0,1,1,3.9,Espoo,Apartment,0,1,District heating,Excellent,0,C,93
38,1,2,0,1,63,0,1,1,4.7,Lahti,Apartment,1,0,Electric heating,Fair,0,F,61
85,4,0,0,2,30,1,2,3,7.4,Helsinki,Detached house,0,1,Electric heating,Fair,420,E,326
27,1,0,1,1,42,0,1,1,1.8,Jyväskylä,Apartment,0,1,District heating,Needs renovation,0,E,46
176,7,0,1,1,1,1,2,2,4.6,Oulu,Detached house,1,1,Air-source heat pump,New,2350,B,401
29,1,0,0,0,84,0,1,1,2.0,Turku,Apartment,0,0,District heating,Fair,0,E,51
69,4,0,0,1,14,0,1,1,10.5,Vantaa,Terraced house,0,1,Electric heating,Fair,355,C,173
145,5,0,0,0,69,1,2,3,6.0,Kuopio,Detached house,0,0,Electric heating,Needs renovation,2040,G,161
160,6,0,1,1,20,1,2,2,5.5,Lahti,Detached house,0,1,Air-source heat pump,Good,1335,C,273
92,4,4,1,1,14,0,2,2,3.7,Tampere,Apartment,1,1,District heating,Good,0,B,274
83,3,6,0,1,17,0,1,2,8.6,Tampere,Apartment,0,1,District heating,Needs renovation,0,D,174
130,5,0,0,2,38,1,2,2,6.4,Helsinki,Detached house,1,1,District heating,Fair,1040,E,517
88,3,4,0,0,18,0,1,2,9.9,Tampere,Apartment,0,1,District heating,Good,0,B,193
98,4,0,0,1,39,1,2,2,10.2,Tampere,Terraced house,0,1,District heating,Fair,565,F,240
82,3,0,1,1,3,1,1,1,4.7,Helsinki,Terraced house,0,0,Air-source heat pump,Fair,315,B,437
82,5,1,0,1,81,0,1,1,2.0,Tampere,Apartment,0,0,District heating,Excellent,0,E,207
29,1,2,1,0,2,0,1,1,3.2,Helsinki,Apartment,0,1,Electric heating,New,0,B,156
86,3,3,0,1,25,0,1,1,9.5,Vantaa,Apartment,0,1,Electric heating,Fair,0,D,183
56,3,6,1,1,28,0,1,1,2.4,Tampere,Apartment,0,1,District heating,Fair,0,C,159
52,2,5,1,1,6,0,1,2,4.0,Vantaa,Apartment,0,1,District heating,Excellent,0,C,187
157,7,0,1,2,20,1,3,3,6.2,Turku,Detached house,1,1,Wood heating,Needs renovation,1445,E,330
79,3,3,1,1,0,0,1,1,5.0,Helsinki,Apartment,0,1,District heating,Excellent,0,A,387
47,3,5,0,0,8,0,1,1,8.3,Tampere,Apartment,0,1,District heating,Excellent,0,C,130
87,2,2,0,1,35,0,1,1,8.9,Turku,Apartment,0,1,District heating,Needs renovation,0,E,119
50,2,0,0,1,21,0,1,1,1.7,Turku,Apartment,0,1,District heating,Excellent,0,C,126
49,3,9,1,1,20,0,1,1,11.3,Helsinki,Apartment,0,0,District heating,Excellent,0,C,215
125,5,0,0,2,8,1,2,2,13.0,Espoo,Semi-detached house,1,1,Air-source heat pump,Good,345,A,441
63,3,1,0,0,25,0,2,2,2.8,Turku,Apartment,0,0,District heating,Fair,0,C,132
130,5,0,1,1,5,1,2,2,7.3,Kuopio,Detached house,1,1,District heating,Excellent,1255,B,256
128,5,0,1,1,9,1,2,2,9.6,Lahti,Detached house,1,1,Electric heating,Excellent,1735,C,230
65,2,7,0,1,5,0,1,1,10.0,Helsinki,Apartment,0,1,District heating,Good,0,B,284
75,2,0,0,1,48,0,1,1,6.9,Vantaa,Apartment,0,1,District heating,Needs renovation,0,F,132
55,3,0,0,1,32,0,1,1,1.7,Helsinki,Apartment,0,0,District heating,Good,0,C,234
85,3,5,1,1,1,0,1,1,6.3,Lahti,Apartment,0,0,District heating,New,0,A,160
79,3,12,0,0,39,0,1,1,7.3,Helsinki,Apartment,0,1,District heating,Fair,0,E,245
105,5,0,0,1,15,1,2,2,5.8,Helsinki,Terraced house,1,1,District heating,Good,305,C,507
40,2,0,0,1,19,0,1,1,2.1,Helsinki,Apartment,0,0,District heating,Good,0,D,202
62,3,0,0,1,11,1,2,2,5.7,Jyväskylä,Terraced house,0,1,Geothermal,Excellent,530,B,132
45,1,2,0,1,16,0,1,1,11.0,Vantaa,Apartment,0,1,District heating,Excellent,0,B,126
71,3,0,0,1,65,0,1,1,4.3,Lahti,Apartment,0,0,Electric heating,Good,0,F,79
136,5,0,1,1,5,1,2,2,5.4,Kuopio,Terraced house,0,1,Air-source heat pump,New,630,B,296
38,2,2,0,1,4,0,1,1,1.8,Espoo,Apartment,0,1,District heating,Excellent,0,B,170
61,4,4,0,1,42,0,1,1,15.0,Espoo,Apartment,0,1,Electric heating,Good,0,D,179
82,4,0,1,2,38,1,1,1,4.6,Tampere,Terraced house,1,1,Geothermal,Needs renovation,320,E,151
40,2,0,0,1,13,0,1,1,6.4,Espoo,Apartment,0,1,District heating,Good,0,C,151
196,7,0,1,2,3,1,3,5,6.7,Jyväskylä,Detached house,1,1,Air-source heat pump,New,1540,A,515
77,4,0,0,1,49,1,2,3,4.2,Jyväskylä,Terraced house,1,1,District heating,Fair,615,D,147
123,5,2,1,1,5,0,2,3,2.0,Turku,Apartment,1,1,Air-source heat pump,Good,0,B,328
87,4,0,0,1,20,0,1,1,7.7,Helsinki,Apartment,0,0,District heating,Excellent,0,C,349
88,4,3,0,1,21,0,1,1,3.2,Turku,Apartment,0,0,District heating,Good,0,D,207
92,4,0,0,1,34,1,2,2,13.2,Espoo,Semi-detached house,0,1,Air-source heat pump,Good,540,D,327
105,3,4,1,1,4,0,1,1,3.0,Jyväskylä,Apartment,0,0,Air-source heat pump,New,0,A,266
42,2,2,1,0,10,0,1,1,3.0,Tampere,Apartment,0,1,District heating,Excellent,0,C,126
50,3,2,0,1,48,0,1,1,1.2,Turku,Apartment,0,0,District heating,Needs renovation,0,D,96
84,4,0,0,1,95,1,2,2,4.3,Helsinki,Terraced house,0,1,Electric heating,Fair,460,G,370
83,4,7,1,0,40,0,1,1,4.0,Helsinki,Apartment,0,0,District heating,Fair,0,D,326
121,5,0,1,1,10,1,1,1,15.6,Espoo,Semi-detached house,1,1,Geothermal,Good,495,B,429
70,2,5,0,1,11,0,1,1,2.1,Lahti,Apartment,0,1,Air-source heat pump,Good,0,A,132
56,2,1,1,0,11,0,1,1,3.9,Lahti,Apartment,0,1,District heating,Good,0,B,97
76,3,0,1,1,19,0,1,1,2.2,Tampere,Apartment,1,1,Air-source heat pump,Fair,0,B,212
46,2,2,0,0,75,0,1,1,6.3,Kuopio,Apartment,0,0,District heating,Needs renovation,0,G,48
66,4,5,0,0,62,0,1,1,3.0,Helsinki,Apartment,0,1,District heating,Fair,0,F,247
69,2,2,0,2,62,0,1,1,2.3,Tampere,Apartment,0,0,District heating,Good,0,F,180
98,4,0,1,2,25,0,1,1,17.0,Espoo,Terraced house,0,1,Electric heating,Needs renovation,180,D,228
42,1,3,1,1,33,0,1,1,8.7,Vantaa,Apartment,0,1,District heating,Fair,0,D,107
72,4,0,1,2,4,1,1,2,5.3,Turku,Semi-detached house,0,1,District heating,Excellent,580,B,219
64,2,0,1,1,7,0,1,1,3.8,Helsinki,Apartment,0,1,Electric heating,Good,0,C,295
88,3,0,0,1,34,0,1,2,4.0,Oulu,Apartment,0,0,District heating,Fair,0,C,132
123,6,0,0,2,51,1,2,3,8.5,Helsinki,Detached house,1,1,Electric heating,Fair,625,E,484
70,3,0,1,1,23,0,1,1,12.1,Vantaa,Apartment,0,0,District heating,Good,0,C,151
40,2,2,0,1,67,0,1,1,11.8,Vantaa,Apartment,0,0,District heating,Good,0,F,90
70,4,13,0,0,25,0,1,1,3.7,Helsinki,Apartment,0,1,Air-source heat pump,Needs renovation,0,C,285
38,1,2,0,1,25,0,1,1,2.9,Turku,Apartment,0,1,District heating,Needs renovation,0,D,78
52,2,2,0,1,4,0,1,1,3.3,Helsinki,Apartment,0,1,District heating,Excellent,0,B,296
66,3,3,1,1,5,0,1,1,6.0,Espoo,Apartment,0,1,District heating,Good,0,B,255
117,5,0,0,1,1,1,2,3,9.6,Helsinki,Detached house,1,1,Geothermal,Fair,610,B,523
52,2,6,1,0,3,0,1,1,6.7,Tampere,Apartment,0,1,District heating,Excellent,0,B,158
85,4,0,0,2,68,1,1,1,6.7,Turku,Semi-detached house,0,1,Electric heating,Fair,810,G,146
79,4,0,1,0,45,1,1,1,7.4,Tampere,Semi-detached house,1,1,Oil heating,Good,690,E,192
44,2,0,0,0,15,0,1,1,7.7,Helsinki,Apartment,0,0,District heating,Fair,0,D,156
60,2,1,1,1,25,0,1,1,3.5,Turku,Apartment,0,1,District heating,Fair,0,D,123
150,6,0,0,1,9,1,2,3,16.9,Espoo,Detached house,1,1,Geothermal,Excellent,1405,B,597
45,2,2,0,1,61,0,1,1,5.3,Espoo,Apartment,0,0,District heating,Needs renovation,0,F,104
51,2,0,0,0,20,1,1,1,3.9,Oulu,Apartment,0,1,District heating,Good,0,D,102
96,3,0,1,1,0,1,2,2,3.7,Tampere,Terraced house,1,0,Geothermal,Excellent,395,A,331
124,6,0,0,1,1,1,2,3,17.9,Espoo,Terraced house,1,1,Electric heating,New,625,B,488
147,6,0,1,2,3,1,2,2,3.8,Tampere,Detached house,1,1,Air-source heat pump,Good,1525,A,528
74,3,1,0,0,26,0,1,1,7.2,Helsinki,Apartment,0,1,District heating,Needs renovation,0,C,183
101,3,1,0,1,18,0,1,1,5.1,Espoo,Apartment,0,1,District heating,Good,0,B,323
81,3,5,0,1,16,0,2,2,3.8,Tampere,Apartment,0,1,District heating,Good,0,B,261
49,2,1,1,0,21,0,1,2,1.7,Tampere,Apartment,0,1,Air-source heat pump,Good,0,B,148
105,3,2,0,1,11,0,2,3,2.3,Turku,Apartment,1,1,District heating,Fair,0,B,292
115,5,0,1,2,22,0,2,2,3.6,Tampere,Semi-detached house,0,1,District heating,Fair,300,B,231
123,5,2,0,1,46,0,1,1,1.9,Jyväskylä,Apartment,0,1,District heating,Fair,0,D,162
73,3,8,0,1,5,0,1,1,7.8,Vantaa,Apartment,0,1,District heating,New,0,B,270
97,4,0,1,1,14,0,1,1,3.8,Helsinki,Terraced house,1,1,District heating,Good,225,C,476
39,2,1,0,1,33,0,1,1,9.4,Helsinki,Apartment,0,1,District heating,Good,0,D,157
193,7,0,1,1,18,1,3,4,4.6,Tampere,Detached house,1,1,District heating,Good,2045,C,590
45,2,7,0,1,43,0,1,1,10.9,Helsinki,Apartment,0,1,District heating,Fair,0,F,142
63,3,2,0,1,42,0,1,1,4.7,Lahti,Apartment,0,0,Electric heating,Good,0,D,98
70,3,0,1,2,12,1,1,2,6.4,Oulu,Semi-detached house,1,1,Air-source heat pump,Good,685,B,178
67,3,3,1,1,16,0,1,1,1.5,Turku,Apartment,0,1,District heating,Good,0,C,169
79,3,4,1,1,1,0,1,1,4.6,Helsinki,Apartment,0,1,District heating,New,0,A,450
29,1,1,1,1,33,0,1,1,9.6,Oulu,Apartment,0,1,District heating,Good,0,D,52
66,3,1,1,1,34,0,1,1,2.6,Kuopio,Apartment,0,1,District heating,Good,0,D,110
44,2,7,0,1,87,0,1,1,3.0,Espoo,Apartment,0,1,Electric heating,Fair,0,F,145
48,2,0,1,1,5,0,1,1,1.7,Turku,Apartment,0,1,District heating,Excellent,0,B,136
106,4,6,0,1,24,0,2,2,12.2,Espoo,Apartment,0,1,District heating,Excellent,0,C,327
57,2,1,0,1,19,0,1,1,5.4,Espoo,Apartment,0,1,District heating,Good,0,B,195
47,2,0,0,0,34,0,1,1,3.0,Helsinki,Apartment,0,0,District heating,Needs renovation,0,D,124
52,2,8,0,1,37,0,1,1,14.5,Espoo,Apartment,0,1,District heating,Fair,0,E,137
38,2,2,1,1,26,0,1,1,3.1,Turku,Apartment,0,1,District heating,Fair,0,C,86
99,3,3,0,1,14,0,1,2,8.6,Espoo,Apartment,0,1,District heating,Good,0,D,354
87,4,0,0,2,79,1,1,1,2.5,Pori,Terraced house,0,1,District heating,Fair,210,F,85
44,2,4,0,1,37,0,1,1,5.0,Vantaa,Apartment,0,0,District heating,Needs renovation,0,F,98
95,4,0,1,1,95,1,2,3,3.6,Tampere,Terraced house,0,1,Oil heating,Fair,495,F,157
145,6,0,0,1,1,1,2,3,0.8,Tampere,Detached house,1,1,Air-source heat pump,New,1200,A,616
46,3,2,1,1,4,0,1,1,7.4,Turku,Apartment,0,0,District heating,Excellent,0,A,117
41,2,0,0,1,31,0,1,1,5.0,Jyväskylä,Apartment,0,1,District heating,Fair,0,E,75
60,3,8,0,1,3,0,1,1,1.4,Helsinki,Apartment,0,1,District heating,Fair,0,C,320
51,2,3,1,1,9,0,1,1,1.4,Oulu,Apartment,0,1,District heating,Good,0,C,123
52,2,5,0,1,31,0,1,2,14.0,Espoo,Apartment,0,1,District heating,Good,0,C,170
99,5,0,0,1,11,1,1,1,2.6,Pori,Detached house,0,1,Air-source heat pump,Needs renovation,925,C,105
121,5,0,1,2,5,1,2,2,2.9,Jyväskylä,Detached house,1,1,Air-source heat pump,Excellent,1085,B,280
49,2,1,0,1,27,0,1,1,2.1,Helsinki,Apartment,0,1,District heating,Fair,0,E,198
101,4,0,1,1,2,1,2,2,9.2,Kuopio,Semi-detached house,1,1,District heating,Good,1145,C,197
72,2,0,1,1,22,1,1,1,3.5,Helsinki,Semi-detached house,0,1,District heating,Good,665,C,443
60,2,0,0,0,32,1,1,2,9.8,Vantaa,Apartment,0,1,District heating,Fair,0,D,126
30,1,3,1,0,2,0,1,1,1.9,Tampere,Apartment,0,1,District heating,New,0,B,118
68,3,1,1,1,18,0,2,2,7.9,Tampere,Apartment,0,1,District heating,Good,0,C,189
35,1,1,1,1,18,0,1,1,6.4,Oulu,Apartment,0,1,District heating,Excellent,0,C,74
24,1,3,1,1,30,0,1,1,3.9,Helsinki,Apartment,0,1,District heating,Fair,0,D,109
48,2,1,0,1,21,0,1,2,3.6,Espoo,Apartment,0,1,District heating,Excellent,0,C,169
71,3,0,1,1,28,1,1,1,2.2,Tampere,Terraced house,0,1,Air-source heat pump,Fair,410,C,211
96,3,0,0,3,3,1,2,2,9.1,Oulu,Detached house,0,1,Geothermal,Excellent,1230,B,224
67,4,6,1,1,47,0,1,1,5.8,Espoo,Apartment,0,1,District heating,Good,0,E,210
61,3,0,1,0,15,0,1,1,1.1,Helsinki,Apartment,0,1,District heating,Good,0,C,292
30,2,4,0,0,24,0,1,1,10.9,Helsinki,Apartment,0,1,District heating,Good,0,D,110
91,5,1,0,1,58,0,1,1,2.2,Turku,Apartment,0,0,District heating,Needs renovation,0,E,136
85,3,10,0,1,26,0,1,1,3.8,Tampere,Apartment,0,1,District heating,Needs renovation,0,D,176
110,4,0,1,2,27,1,2,2,26.7,Jyväskylä,Detached house,0,1,Electric heating,Fair,1070,D,135
94,4,1,1,1,4,0,2,2,5.4,Helsinki,Apartment,0,1,District heating,Excellent,0,B,482
89,4,2,0,0,48,0,1,1,3.4,Espoo,Apartment,0,1,District heating,Needs renovation,0,E,214
69,2,1,0,1,36,0,1,1,0.9,Turku,Apartment,0,1,District heating,Needs renovation,0,E,116
42,2,1,1,0,23,0,1,1,2.7,Turku,Apartment,0,0,District heating,Good,0,C,102
80,3,1,0,1,64,0,1,1,2.5,Turku,Apartment,0,0,Air-source heat pump,Good,0,E,154
83,3,0,0,2,76,1,3,3,8.0,Helsinki,Terraced house,1,0,District heating,Fair,310,F,314
60,3,1,0,1,33,0,1,1,6.2,Vantaa,Apartment,0,0,District heating,Good,0,C,130
51,2,0,1,2,5,1,1,1,3.5,Tampere,Apartment,0,1,District heating,New,0,B,167
84,3,0,0,1,24,0,2,2,5.3,Espoo,Apartment,0,1,District heating,Good,0,C,282
103,5,0,1,1,20,1,2,2,8.1,Oulu,Semi-detached house,0,1,Wood heating,Excellent,1020,B,226
48,2,1,1,0,5,0,1,1,3.4,Helsinki,Apartment,0,1,District heating,Good,0,B,237
74,3,1,0,1,73,0,1,1,3.1,Turku,Apartment,0,0,District heating,Fair,0,F,134
97,4,0,1,2,11,1,2,3,3.3,Oulu,Terraced house,0,1,District heating,Good,290,C,189
74,3,3,1,1,24,0,2,2,13.0,Vantaa,Apartment,0,1,District heating,Fair,0,C,192
157,6,0,0,1,35,1,2,4,5.7,Jyväskylä,Detached house,1,1,Air-source heat pump,Good,1560,C,309
65,4,0,0,0,26,1,1,1,6.4,Kuopio,Terraced house,0,1,District heating,Good,335,D,118
54,2,2,1,0,0,0,1,1,4.8,Helsinki,Apartment,0,1,District heating,New,0,B,266
111,4,0,1,2,1,1,2,2,11.8,Espoo,Semi-detached house,1,1,Electric heating,Excellent,1015,B,531
40,2,3,0,1,57,0,1,1,3.9,Helsinki,Apartment,0,0,District heating,Fair,0,F,138
107,5,0,0,0,10,1,1,1,4.3,Pori,Detached house,1,0,Geothermal,Good,815,B,146
68,3,0,1,3,40,1,1,1,2.8,Tampere,Terraced house,0,1,District heating,Excellent,265,C,212
38,1,4,1,1,9,0,1,1,4.1,Tampere,Apartment,0,1,District heating,Good,0,B,126
44,2,2,0,1,29,0,1,1,11.0,Vantaa,Apartment,0,0,District heating,Good,0,C,107
58,2,1,0,0,44,0,1,1,2.9,Turku,Apartment,0,1,District heating,Fair,0,E,111
56,2,3,0,1,37,0,1,1,3.5,Tampere,Apartment,0,0,Oil heating,Good,0,F,136
36,1,3,0,0,95,0,1,1,1.3,Helsinki,Apartment,0,0,Electric heating,Good,0,G,144
155,6,0,0,2,26,1,3,3,7.1,Oulu,Detached house,1,1,Electric heating,Good,895,D,268
43,2,1,0,0,29,0,1,1,8.5,Vantaa,Apartment,0,1,District heating,Good,0,C,102
123,4,3,1,1,13,0,2,2,8.5,Espoo,Apartment,0,1,District heating,Excellent,0,B,407
105,4,0,1,2,39,1,2,3,12.2,Espoo,Detached house,0,1,Electric heating,Good,365,E,320
86,4,3,1,1,7,0,1,1,8.7,Vantaa,Apartment,0,1,District heating,Good,0,B,265
45,3,3,0,1,30,0,1,1,4.7,Helsinki,Apartment,0,1,District heating,Good,0,C,195
88,4,0,0,1,21,1,2,2,9.8,Oulu,Semi-detached house,0,1,Electric heating,Fair,1465,D,189
57,2,1,0,1,46,0,1,1,0.9,Lahti,Apartment,0,1,District heating,Fair,0,E,82
71,4,2,1,0,3,0,1,1,1.8,Tampere,Apartment,0,1,District heating,Excellent,0,B,228
47,3,4,0,1,35,0,1,1,3.4,Jyväskylä,Apartment,0,1,District heating,Good,0,D,91
31,1,3,1,0,0,0,1,1,3.0,Helsinki,Apartment,0,1,District heating,Excellent,0,A,174
107,5,0,0,1,95,0,2,2,7.0,Helsinki,Semi-detached house,1,1,District heating,Needs renovation,525,F,371
129,5,0,1,3,13,1,2,2,4.2,Tampere,Detached house,1,1,Geothermal,Excellent,1140,A,443
111,5,0,1,1,8,1,2,2,7.1,Espoo,Semi-detached house,1,1,Air-source heat pump,Good,925,B,581
102,4,0,0,3,11,1,1,1,5.5,Turku,Detached house,1,1,District heating,Excellent,945,C,251
73,4,0,0,2,59,0,1,1,5.4,Helsinki,Semi-detached house,0,1,Electric heating,Excellent,235,D,287
55,2,2,1,0,10,0,1,1,2.9,Oulu,Apartment,0,1,District heating,Excellent,0,B,116
127,5,0,1,1,28,1,2,2,13.6,Espoo,Terraced house,0,1,Wood heating,Fair,420,D,401
46,3,0,1,1,5,0,1,1,6.5,Vantaa,Apartment,0,0,District heating,Good,0,B,125
65,3,1,1,1,5,0,2,2,1.1,Kuopio,Apartment,0,1,District heating,New,0,B,168
144,7,0,1,2,31,1,2,3,3.7,Oulu,Detached house,1,1,Electric heating,Needs renovation,1465,E,191
100,4,1,0,1,95,0,2,2,5.3,Lahti,Apartment,0,0,Electric heating,Needs renovation,0,G,79
53,3,1,0,0,33,0,1,1,8.0,Oulu,Apartment,0,1,District heating,Good,0,E,90
52,2,2,1,1,1,0,1,1,3.0,Turku,Apartment,0,1,Air-source heat pump,New,0,A,165
99,3,0,1,2,56,1,2,2,9.3,Helsinki,Detached house,0,1,District heating,Fair,750,F,409
123,5,0,0,1,30,1,2,3,3.5,Turku,Detached house,0,1,Electric heating,Good,815,C,278
53,2,1,0,1,26,0,1,1,13.6,Helsinki,Apartment,0,0,District heating,Fair,0,E,171
39,1,4,1,2,12,0,1,1,9.2,Oulu,Apartment,0,1,District heating,Needs renovation,0,B,67
67,3,5,0,1,33,0,1,1,3.0,Turku,Apartment,0,1,District heating,Fair,0,D,146
100,4,4,1,1,3,0,2,3,5.4,Vantaa,Apartment,0,1,District heating,Excellent,0,A,309
89,5,0,0,1,13,1,2,2,8.2,Oulu,Terraced house,1,1,Electric heating,Needs renovation,585,E,157
50,2,1,0,1,12,0,1,2,2.4,Tampere,Apartment,0,1,District heating,Good,0,B,154
55,3,0,0,1,58,0,1,1,4.6,Helsinki,Apartment,0,1,District heating,Fair,0,E,216
63,4,1,1,0,52,0,1,2,8.0,Espoo,Apartment,0,0,District heating,Fair,0,E,168
92,4,0,1,1,19,1,2,2,14.2,Espoo,Semi-detached house,0,1,Electric heating,Fair,355,E,263
41,1,0,0,1,38,1,1,1,2.7,Pori,Apartment,0,0,District heating,Excellent,0,C,52
128,5,0,1,1,0,1,2,2,3.1,Oulu,Detached house,0,1,Electric heating,New,1075,A,367
48,2,3,1,1,28,0,1,1,4.3,Helsinki,Apartment,0,0,District heating,Good,0,D,193
109,3,0,1,0,22,1,2,3,22.0,Espoo,Semi-detached house,1,0,District heating,Fair,760,C,298
59,2,8,0,0,19,0,1,1,2.3,Helsinki,Apartment,0,1,District heating,Excellent,0,B,296
31,2,3,1,0,32,0,1,1,3.4,Helsinki,Apartment,0,1,District heating,Good,0,C,131
111,4,3,0,1,14,0,2,2,15.6,Espoo,Apartment,0,1,Electric heating,Good,0,D,314
45,2,2,0,1,25,0,1,1,5.9,Helsinki,Apartment,0,1,District heating,Fair,0,D,168
104,4,0,1,1,46,1,1,1,19.5,Vantaa,Detached house,0,1,Electric heating,Fair,940,E,226
92,3,9,0,0,6,0,2,2,3.2,Helsinki,Apartment,0,1,District heating,Excellent,0,A,468
88,4,0,0,1,18,1,2,2,25.0,Vantaa,Semi-detached house,1,1,Electric heating,Good,1245,C,201
81,3,0,1,1,25,1,1,1,6.3,Helsinki,Semi-detached house,0,1,District heating,Good,425,C,438
71,4,1,1,1,23,0,1,1,2.1,Helsinki,Apartment,0,1,District heating,Fair,0,C,304
50,3,1,0,0,37,0,1,1,5.9,Espoo,Apartment,0,1,District heating,Needs renovation,0,D,131
90,3,0,1,2,5,1,2,2,4.0,Pori,Detached house,0,1,Geothermal,Fair,2165,C,155
97,4,0,0,1,24,1,2,2,3.9,Tampere,Detached house,1,1,Geothermal,Excellent,1445,B,360
43,1,0,0,1,34,0,1,1,3.6,Oulu,Apartment,0,0,District heating,Fair,0,E,79
67,2,5,1,1,7,0,1,1,2.3,Oulu,Apartment,0,1,District heating,Excellent,0,A,162
52,3,1,1,1,8,0,1,1,1.4,Kuopio,Apartment,0,1,District heating,Fair,0,C,109
44,2,6,0,1,47,0,1,1,2.1,Turku,Apartment,0,0,District heating,Needs renovation,0,D,81
83,4,0,0,1,17,1,2,2,10.1,Pori,Semi-detached house,0,1,Air-source heat pump,Good,1870,A,121
79,4,0,1,1,4,1,1,1,20.7,Espoo,Terraced house,1,0,Air-source heat pump,Good,325,A,299
68,2,2,0,1,45,0,1,1,9.4,Lahti,Apartment,0,1,District heating,Needs renovation,0,F,58
73,4,2,0,0,42,0,1,1,7.3,Helsinki,Apartment,1,0,District heating,Excellent,0,D,255
37,2,2,0,1,25,0,1,1,2.9,Jyväskylä,Apartment,0,1,District heating,Needs renovation,0,D,64
90,4,2,0,1,42,0,2,2,2.2,Turku,Apartment,0,1,District heating,Fair,0,D,168
54,2,3,0,1,25,0,1,1,3.0,Jyväskylä,Apartment,0,1,Electric heating,Good,0,B,113
74,3,0,0,1,32,0,2,2,8.3,Helsinki,Terraced house,0,1,Air-source heat pump,Fair,265,C,312
74,2,0,0,1,6,1,1,1,2.9,Tampere,Semi-detached house,0,1,District heating,Good,260,B,224
75,2,2,0,0,49,0,1,2,4.4,Helsinki,Apartment,0,1,District heating,Good,0,E,244
43,2,3,1,1,0,0,1,1,7.0,Turku,Apartment,1,1,District heating,New,0,A,133
60,2,0,1,1,19,0,1,1,1.9,Pori,Apartment,0,1,District heating,Good,0,C,74
167,7,0,1,1,59,1,3,4,17.0,Jyväskylä,Detached house,1,1,Air-source heat pump,Needs renovation,2145,F,192
47,2,1,1,2,14,0,1,1,3.0,Oulu,Apartment,0,1,District heating,Good,0,C,105
125,5,0,0,2,20,1,2,2,9.2,Tampere,Detached house,1,1,Geothermal,Excellent,760,D,328
78,3,4,1,1,18,0,1,1,3.0,Helsinki,Apartment,0,1,District heating,Fair,0,D,338
45,2,0,1,1,55,1,1,1,7.4,Pori,Apartment,0,0,District heating,Good,0,E,45
94,4,0,0,0,71,1,2,2,12.6,Espoo,Terraced house,1,1,Electric heating,Fair,455,G,253
92,4,4,0,2,49,0,1,1,3.6,Vantaa,Apartment,0,1,Electric heating,Good,0,D,206
104,4,1,0,0,37,0,1,2,3.8,Helsinki,Apartment,0,1,District heating,Good,0,C,374
86,3,4,0,1,25,0,1,1,3.2,Helsinki,Apartment,0,0,District heating,Excellent,0,B,374
110,4,2,1,1,37,0,2,2,1.7,Helsinki,Apartment,0,1,District heating,Needs renovation,0,E,397
74,4,2,0,1,30,0,1,1,1.9,Helsinki,Apartment,0,1,District heating,Excellent,0,C,331
61,3,0,0,1,50,0,1,1,13.2,Helsinki,Apartment,0,1,Air-source heat pump,Excellent,0,E,185
93,4,1,0,1,50,0,2,2,3.4,Lahti,Apartment,0,0,District heating,Fair,0,E,124
86,4,1,1,1,39,0,2,2,6.7,Vantaa,Apartment,0,0,Oil heating,Good,0,D,199
102,4,0,0,2,3,1,2,2,6.5,Turku,Terraced house,1,1,Air-source heat pump,Good,555,C,238
81,3,0,0,1,25,1,2,2,8.0,Helsinki,Apartment,0,0,District heating,Fair,0,D,264
54,3,4,1,1,8,0,1,1,1.1,Oulu,Apartment,0,1,District heating,Good,0,C,150
58,2,2,0,1,25,0,1,1,3.1,Kuopio,Apartment,0,1,District heating,Needs renovation,0,D,89
43,2,2,0,1,15,0,1,1,2.6,Turku,Apartment,0,0,District heating,Good,0,B,110
97,4,2,0,1,29,0,3,4,3.8,Jyväskylä,Apartment,0,0,District heating,Needs renovation,0,D,149
158,5,0,0,1,45,1,2,3,14.5,Vantaa,Detached house,1,1,Electric heating,Good,1000,E,311
84,4,1,0,0,3,0,1,1,1.9,Helsinki,Apartment,1,1,District heating,Good,0,B,397
73,3,0,1,1,25,1,1,1,8.4,Helsinki,Terraced house,0,0,District heating,Fair,395,D,345
85,4,0,0,2,28,1,3,3,6.0,Turku,Semi-detached house,0,1,Air-source heat pump,Good,585,C,177
68,3,0,1,2,4,1,2,2,8.0,Turku,Terraced house,0,1,Air-source heat pump,Good,360,B,168
73,3,4,1,0,4,0,1,1,1.1,Tampere,Apartment,0,1,District heating,Excellent,0,B,259
65,2,10,0,1,29,0,1,1,1.4,Helsinki,Apartment,0,1,District heating,Fair,0,D,329
51,2,1,1,1,16,0,1,1,7.2,Tampere,Apartment,0,1,District heating,Good,0,C,136
80,4,0,1,1,20,0,1,1,7.0,Vantaa,Apartment,0,0,Air-source heat pump,Good,0,C,201
74,3,1,0,1,15,0,1,1,21.0,Vantaa,Apartment,0,0,District heating,Good,0,C,148
108,6,0,0,3,2,0,2,3,6.0,Kuopio,Detached house,1,0,Geothermal,Excellent,805,A,214
127,5,0,0,2,39,1,2,2,5.5,Helsinki,Semi-detached house,1,1,District heating,Good,960,D,633
108,5,0,1,1,4,1,1,1,1.9,Tampere,Terraced house,0,1,District heating,Good,680,C,423
91,4,1,0,0,31,0,1,2,3.2,Helsinki,Apartment,0,0,Air-source heat pump,Fair,0,C,297
46,2,0,0,1,49,1,1,1,2.5,Oulu,Apartment,0,0,District heating,Excellent,0,D,83
79,2,1,0,1,43,0,1,1,5.0,Helsinki,Apartment,0,1,District heating,Needs renovation,0,F,215
75,3,0,0,1,20,1,2,2,22.9,Vantaa,Terraced house,0,1,District heating,Fair,315,D,157
166,7,0,1,3,8,1,2,4,11.1,Pori,Detached house,1,1,Electric heating,Excellent,2810,B,202
70,2,3,0,0,77,0,1,1,2.1,Tampere,Apartment,0,1,Electric heating,Needs renovation,0,F,101
33,1,4,1,1,7,0,1,1,5.0,Helsinki,Apartment,0,1,Air-source heat pump,Good,0,C,191
61,2,1,1,1,16,0,1,1,2.5,Jyväskylä,Apartment,0,1,District heating,Good,0,D,133
33,1,1,1,1,12,0,1,1,1.2,Lahti,Apartment,0,1,Electric heating,Fair,0,C,61
89,5,0,0,2,15,1,1,1,2.2,Tampere,Terraced house,0,1,Electric heating,Fair,235,C,281
89,3,1,0,0,28,0,1,1,10.2,Espoo,Apartment,0,0,District heating,Good,0,C,240
196,7,0,1,2,16,1,3,3,12.3,Espoo,Detached house,1,0,Electric heating,Good,3275,C,768
79,3,3,1,1,1,0,2,2,5.3,Helsinki,Apartment,0,1,District heating,New,0,C,428
51,2,2,0,0,58,0,1,1,6.4,Turku,Apartment,0,0,District heating,Excellent,0,F,86
60,2,3,1,0,27,0,1,1,2.2,Helsinki,Apartment,0,0,District heating,Good,0,C,255
100,3,0,0,1,16,0,2,3,4.4,Lahti,Apartment,1,1,District heating,Fair,0,C,152
71,3,0,0,1,32,0,1,1,5.2,Lahti,Terraced house,0,1,District heating,Good,160,E,94
166,6,0,1,1,13,1,3,4,5.0,Helsinki,Detached house,1,1,Air-source heat pump,Good,1935,B,983
126,5,2,0,1,51,0,2,2,6.1,Helsinki,Apartment,0,1,District heating,Needs renovation,0,E,340
85,4,0,0,1,42,1,1,1,2.3,Turku,Terraced house,1,1,District heating,Fair,210,E,173
78,3,2,0,0,18,0,1,1,3.8,Helsinki,Apartment,1,1,District heating,Excellent,0,C,373
40,2,1,0,1,38,0,1,1,3.4,Lahti,Apartment,0,0,District heating,Excellent,0,D,64
22,1,1,1,1,26,0,1,1,1.6,Lahti,Apartment,0,1,Electric heating,Needs renovation,0,E,31
71,2,3,1,1,29,0,1,1,6.7,Helsinki,Apartment,0,1,District heating,Good,0,C,314
52,2,2,1,0,86,0,1,1,4.6,Helsinki,Apartment,0,0,District heating,Fair,0,G,155
94,4,1,1,0,0,0,2,2,5.7,Helsinki,Apartment,1,1,District heating,Excellent,0,B,457
88,4,2,1,1,5,0,1,1,6.3,Turku,Apartment,1,1,District heating,Excellent,0,A,216
149,5,0,1,1,5,1,2,3,4.8,Oulu,Detached house,1,1,Air-source heat pump,Good,1045,C,266
73,2,2,0,0,30,0,1,1,4.0,Helsinki,Apartment,0,1,District heating,Good,0,D,262
52,2,2,0,1,9,0,1,1,1.9,Jyväskylä,Apartment,0,0,Air-source heat pump,Excellent,0,A,145
48,2,0,0,1,49,0,1,1,7.5,Helsinki,Apartment,0,0,Electric heating,Needs renovation,0,F,141
77,4,0,0,1,6,1,1,1,3.3,Lahti,Terraced house,1,1,District heating,Good,420,C,147
53,2,0,0,1,31,0,1,1,4.0,Lahti,Apartment,0,1,District heating,Good,0,D,86
76,4,0,1,1,30,0,1,1,8.0,Turku,Terraced house,0,1,Air-source heat pump,Excellent,170,B,143
91,5,0,0,2,55,1,2,2,11.2,Vantaa,Detached house,1,1,Electric heating,Good,1420,F,271
55,2,1,1,1,15,0,1,1,3.4,Espoo,Apartment,0,0,District heating,Needs renovation,0,C,182
64,3,1,1,0,31,0,1,2,6.0,Vantaa,Apartment,0,1,District heating,Needs renovation,0,E,145
50,2,4,1,1,2,0,1,1,3.1,Pori,Apartment,0,1,District heating,New,0,A,78
47,3,4,0,1,50,0,1,1,13.7,Helsinki,Apartment,0,0,Electric heating,Needs renovation,0,E,126
103,5,0,0,2,32,1,3,3,5.3,Helsinki,Semi-detached house,1,1,Air-source heat pump,Needs renovation,590,D,445
53,2,2,1,0,34,0,1,1,11.9,Espoo,Apartment,0,1,District heating,Needs renovation,0,E,133
90,4,8,0,1,5,0,1,1,5.6,Jyväskylä,Apartment,0,1,District heating,Good,0,B,200
62,3,5,1,0,5,0,1,1,5.9,Espoo,Apartment,1,1,District heating,Good,0,A,291
75,2,2,0,1,50,0,1,1,1.8,Helsinki,Apartment,0,1,District heating,Excellent,0,D,306
66,2,2,0,0,91,0,1,1,7.8,Helsinki,Apartment,0,1,District heating,Good,0,F,188
92,4,0,0,2,75,0,2,3,4.5,Turku,Terraced house,0,1,District heating,Good,230,G,176
148,6,0,1,1,3,1,2,3,2.7,Tampere,Detached house,1,1,Geothermal,Good,760,A,420
42,2,5,1,1,15,0,1,1,5.6,Turku,Apartment,0,1,District heating,Fair,0,B,105
106,4,4,1,2,1,0,2,2,5.2,Tampere,Apartment,0,1,District heating,Excellent,0,B,311
44,2,2,1,1,35,0,1,1,7.1,Vantaa,Apartment,0,1,District heating,Good,0,C,114
59,2,4,1,1,38,0,1,1,3.6,Helsinki,Apartment,0,0,District heating,Excellent,0,D,295
47,2,4,1,1,3,0,1,1,2.3,Jyväskylä,Apartment,0,1,District heating,Good,0,A,123
103,5,1,1,1,28,0,1,2,2.6,Helsinki,Apartment,0,0,District heating,Good,0,C,437
91,4,0,0,1,35,1,1,1,2.5,Tampere,Detached house,0,1,Air-source heat pump,Good,1420,D,289
77,4,1,0,0,30,0,1,1,3.0,Tampere,Apartment,0,1,District heating,Good,0,C,182
25,1,1,1,1,21,0,1,1,2.6,Jyväskylä,Apartment,0,1,Air-source heat pump,Good,0,C,61
93,5,0,0,1,59,1,2,2,7.3,Espoo,Terraced house,0,1,Electric heating,Needs renovation,210,G,217
81,3,2,1,1,93,0,1,1,6.2,Vantaa,Apartment,0,1,District heating,Good,0,F,166
93,4,2,0,1,95,0,2,2,6.4,Helsinki,Apartment,0,0,District heating,Good,0,F,275
35,2,5,1,1,58,0,1,1,21.4,Espoo,Apartment,0,0,Electric heating,Good,0,E,82
46,2,0,1,1,8,0,1,1,5.9,Vantaa,Apartment,0,1,District heating,Excellent,0,B,134
51,2,2,0,0,9,0,1,1,3.5,Turku,Apartment,0,1,District heating,Fair,0,C,101
47,2,1,1,1,64,0,1,1,1.4,Lahti,Apartment,0,0,Electric heating,Good,0,E,67
64,3,4,0,0,16,0,1,1,4.4,Tampere,Apartment,0,1,District heating,Good,0,D,193
88,4,7,1,1,0,0,1,1,14.2,Espoo,Apartment,0,1,District heating,Excellent,0,B,322
102,4,0,0,0,27,1,3,3,13.5,Espoo,Terraced house,1,1,Electric heating,Excellent,485,D,403
61,3,8,0,0,2,0,1,1,1.8,Helsinki,Apartment,0,0,District heating,New,0,B,366
72,4,5,0,1,72,0,1,1,7.7,Espoo,Apartment,0,0,District heating,Fair,0,F,194
113,4,0,0,1,10,1,2,3,15.6,Espoo,Semi-detached house,1,1,District heating,Needs renovation,740,C,305
79,4,0,0,1,37,1,1,1,5.2,Turku,Terraced house,1,1,District heating,Fair,385,D,154
120,5,0,1,3,14,1,2,2,10.4,Jyväskylä,Detached house,1,1,Geothermal,Fair,1785,B,287
35,2,1,1,0,52,0,1,1,3.1,Helsinki,Apartment,0,1,District heating,Good,0,E,133
31,1,1,0,1,64,0,1,1,8.4,Vantaa,Apartment,0,1,Air-source heat pump,Needs renovation,0,G,60
88,3,0,0,1,46,0,2,2,3.8,Lahti,Apartment,0,1,Electric heating,Good,0,E,108
39,1,6,1,1,12,0,1,1,1.8,Oulu,Apartment,0,1,District heating,Good,0,C,107
71,3,1,0,1,36,0,1,1,1.2,Jyväskylä,Apartment,0,1,District heating,Good,0,D,149
70,2,4,0,0,5,0,1,1,3.2,Tampere,Apartment,0,1,District heating,Fair,0,C,181
44,1,9,0,0,78,0,1,1,2.6,Tampere,Apartment,0,0,District heating,Good,0,E,101
59,2,3,1,1,12,0,1,1,3.4,Turku,Apartment,0,1,District heating,Good,0,C,140
52,3,7,1,1,95,0,2,2,1.6,Helsinki,Apartment,0,0,District heating,Good,0,E,246
62,3,6,0,1,29,0,1,1,2.9,Helsinki,Apartment,0,1,District heating,Good,0,C,307
49,2,1,0,0,4,0,1,1,4.7,Helsinki,Apartment,0,1,District heating,Good,0,C,212
86,3,0,0,1,45,1,2,2,2.5,Tampere,Terraced house,0,0,District heating,Needs renovation,170,E,152
81,3,0,0,1,28,0,1,1,6.0,Tampere,Apartment,0,1,District heating,Good,0,D,174
39,1,1,1,1,38,0,1,1,2.6,Tampere,Apartment,0,0,District heating,Good,0,D,102
68,2,3,0,1,9,0,1,1,3.9,Turku,Apartment,1,0,District heating,Excellent,0,B,185
127,4,0,0,1,24,0,2,2,2.6,Vantaa,Apartment,0,0,District heating,Excellent,0,D,289
68,3,6,1,1,23,0,2,2,7.4,Helsinki,Apartment,0,1,Air-source heat pump,Good,0,B,321
46,2,0,0,1,20,0,1,1,1.7,Tampere,Apartment,0,1,District heating,Fair,0,B,136
50,3,0,1,1,30,1,1,1,8.4,Tampere,Terraced house,0,0,District heating,Good,335,E,133
136,5,0,1,1,15,1,2,3,5.8,Pori,Detached house,1,0,Geothermal,Fair,1260,D,163
89,4,2,1,1,5,0,1,1,4.7,Vantaa,Apartment,0,1,District heating,Good,0,B,258
66,4,0,1,0,17,0,1,1,23.2,Vantaa,Apartment,0,1,District heating,Good,0,C,128
83,2,3,1,1,9,0,1,1,4.2,Kuopio,Apartment,0,0,District heating,Good,0,B,153
87,4,0,1,1,12,1,1,1,8.7,Vantaa,Semi-detached house,0,0,Wood heating,Fair,230,D,181
87,3,3,0,1,23,0,1,1,9.5,Vantaa,Apartment,0,0,District heating,Excellent,0,C,202
67,2,2,0,1,19,0,1,1,5.1,Tampere,Apartment,0,0,District heating,Fair,0,D,186
79,3,0,0,2,34,0,1,1,5.7,Lahti,Terraced house,0,1,Wood heating,Fair,175,F,97
46,2,2,0,1,4,0,1,1,1.4,Pori,Apartment,0,1,Electric heating,Excellent,0,B,78
259,9,0,0,1,47,1,3,3,10.1,Turku,Detached house,1,1,Electric heating,Good,2450,E,400
53,2,4,0,1,22,0,1,1,3.1,Jyväskylä,Apartment,0,1,District heating,Good,0,D,116
86,3,1,0,1,61,0,2,2,1.3,Oulu,Apartment,0,0,District heating,Good,0,F,161
80,3,0,0,2,5,1,2,3,5.0,Oulu,Terraced house,0,1,District heating,New,450,B,195
23,1,0,0,0,74,0,1,1,2.2,Helsinki,Apartment,0,1,District heating,Needs renovation,0,G,68
73,4,0,0,1,33,0,1,1,12.9,Espoo,Apartment,0,1,District heating,Fair,0,D,175
48,2,0,0,1,26,0,1,1,2.6,Tampere,Apartment,0,1,District heating,Fair,0,D,121
101,4,0,1,2,1,1,1,1,6.2,Oulu,Semi-detached house,0,1,Air-source heat pump,New,1070,A,244
57,2,5,1,0,12,0,1,1,4.3,Helsinki,Apartment,0,1,Geothermal,Excellent,0,A,287
73,2,0,1,0,19,1,1,1,4.6,Turku,Terraced house,0,1,District heating,Fair,280,C,166
23,1,2,1,1,21,0,1,1,2.1,Tampere,Apartment,0,1,District heating,Fair,0,D,71
117,5,0,1,1,12,1,1,2,15.6,Espoo,Terraced house,1,0,Geothermal,Excellent,440,A,486
30,2,2,1,1,2,0,1,1,12.3,Vantaa,Apartment,0,1,District heating,New,0,A,95
95,4,0,0,2,43,1,1,1,5.7,Jyväskylä,Semi-detached house,0,0,District heating,Fair,815,F,145
41,1,0,1,1,22,1,1,1,1.8,Jyväskylä,Apartment,0,0,District heating,Excellent,0,C,84
111,4,4,0,1,79,0,2,2,13.9,Helsinki,Apartment,0,1,District heating,Fair,0,G,240
135,5,3,1,1,3,0,2,2,11.3,Helsinki,Apartment,0,1,District heating,Excellent,0,B,496
53,3,7,1,1,2,0,1,1,2.7,Helsinki,Apartment,0,1,District heating,New,0,B,340
102,4,0,0,0,32,1,2,3,2.3,Helsinki,Apartment,0,0,District heating,Needs renovation,0,D,353
70,3,1,1,0,78,0,1,1,2.3,Helsinki,Apartment,0,1,Electric heating,Fair,0,F,236
73,3,2,1,1,19,0,1,1,2.1,Turku,Apartment,0,1,District heating,Fair,0,C,173
101,4,2,0,1,46,0,1,2,5.0,Helsinki,Apartment,0,1,District heating,Excellent,0,E,367
95,4,0,1,0,49,0,1,2,1.4,Turku,Apartment,0,0,District heating,Excellent,0,D,176
41,1,2,0,0,39,0,1,1,6.3,Espoo,Apartment,0,0,District heating,Good,0,D,116
71,3,1,0,1,54,0,1,1,3.1,Helsinki,Apartment,0,1,District heating,Needs renovation,0,D,231
94,4,0,1,1,5,1,2,2,4.9,Jyväskylä,Detached house,1,1,Electric heating,Good,940,B,206
113,5,0,0,1,95,1,1,2,1.8,Helsinki,Terraced house,0,1,District heating,Good,195,G,413
87,3,0,0,1,5,0,1,1,7.5,Helsinki,Apartment,0,1,District heating,Good,0,B,317
78,4,2,1,1,27,0,1,1,6.3,Jyväskylä,Apartment,0,1,Geothermal,Excellent,0,B,142
115,4,0,0,1,29,1,2,2,20.9,Vantaa,Semi-detached house,0,1,District heating,Good,885,C,268
56,2,0,0,2,61,1,1,1,6.3,Tampere,Terraced house,0,1,District heating,Fair,290,F,125
55,2,2,1,0,53,0,1,1,3.1,Turku,Apartment,0,0,District heating,Needs renovation,0,D,85
52,2,1,1,2,24,0,1,1,1.5,Jyväskylä,Apartment,0,1,District heating,Good,0,C,119
78,4,2,1,1,38,0,1,1,1.9,Lahti,Apartment,0,1,District heating,Needs renovation,0,E,96
64,2,1,0,1,39,0,1,1,7.0,Helsinki,Apartment,0,1,District heating,Good,0,E,209
109,4,1,1,1,1,0,2,2,2.9,Tampere,Apartment,1,1,District heating,Excellent,0,B,361
132,4,0,0,1,30,0,1,2,4.9,Helsinki,Apartment,0,1,District heating,Fair,0,D,429
81,3,0,0,1,54,1,1,1,9.7,Jyväskylä,Semi-detached house,0,1,Electric heating,Fair,725,F,121
34,1,1,0,1,26,0,1,1,6.8,Vantaa,Apartment,0,0,Electric heating,Fair,0,E,85
59,2,2,1,1,5,0,1,1,5.7,Oulu,Apartment,0,1,District heating,Excellent,0,B,142
72,2,3,1,1,64,0,1,1,5.6,Espoo,Apartment,0,0,District heating,Needs renovation,0,E,158
25,1,4,1,1,29,0,1,1,16.5,Turku,Apartment,0,1,District heating,Good,0,C,46
60,2,1,0,0,51,0,1,1,5.2,Tampere,Apartment,0,0,Air-source heat pump,Fair,0,E,123
112,4,0,1,1,10,0,3,4,14.2,Vantaa,Detached house,1,1,Air-source heat pump,Needs renovation,510,B,256
48,2,4,0,1,53,0,1,1,17.4,Espoo,Apartment,0,1,District heating,Needs renovation,0,E,92
30,1,8,1,0,26,0,1,1,1.7,Helsinki,Apartment,0,0,District heating,Good,0,D,141
91,4,0,1,1,16,1,2,2,27.6,Vantaa,Terraced house,0,1,Air-source heat pump,Fair,685,C,224
73,3,1,1,1,11,0,1,1,2.7,Helsinki,Apartment,0,1,District heating,Fair,0,C,295
43,2,5,1,1,47,0,1,1,3.7,Tampere,Apartment,0,1,District heating,Fair,0,E,110
100,5,0,1,2,62,1,2,2,7.2,Turku,Detached house,0,1,Electric heating,Good,885,F,184
32,1,2,0,2,40,0,1,1,8.3,Vantaa,Apartment,0,1,District heating,Fair,0,D,80
59,2,2,0,1,15,0,1,1,2.2,Helsinki,Apartment,0,1,District heating,Good,0,B,293
107,4,0,0,1,24,1,2,2,7.0,Jyväskylä,Terraced house,0,1,District heating,Fair,665,C,192
127,4,1,0,2,13,0,2,3,4.4,Kuopio,Apartment,1,1,Electric heating,Good,0,D,199
101,3,1,0,1,1,0,1,1,5.8,Espoo,Apartment,0,0,District heating,New,0,A,418
75,4,0,1,1,15,1,1,1,10.4,Oulu,Terraced house,0,1,Electric heating,Fair,670,D,146
140,5,0,0,2,38,1,2,3,5.4,Jyväskylä,Detached house,0,0,Electric heating,Good,2270,D,266
109,5,0,0,1,7,1,2,2,6.7,Jyväskylä,Semi-detached house,1,1,Electric heating,Excellent,1315,C,254
84,3,2,0,1,43,0,1,1,2.5,Kuopio,Apartment,0,1,District heating,Good,0,E,144
92,3,4,0,0,2,0,2,2,2.3,Lahti,Apartment,0,0,District heating,New,0,A,178
70,3,1,0,1,38,0,1,1,1.4,Jyväskylä,Apartment,0,0,District heating,Fair,0,E,119
76,3,1,0,1,21,0,2,2,3.4,Turku,Apartment,0,1,District heating,Needs renovation,0,D,150
50,2,7,1,0,12,0,1,1,11.1,Espoo,Apartment,0,0,District heating,Fair,0,C,156
81,3,1,1,1,88,0,1,1,2.2,Pori,Apartment,0,1,District heating,Fair,0,G,76
221,9,0,1,1,20,1,3,4,2.5,Oulu,Detached house,1,1,Air-source heat pump,Fair,1350,C,411
81,3,0,1,1,50,1,1,1,17.7,Tampere,Detached house,0,1,Wood heating,Good,2750,E,173
138,5,0,1,0,0,1,2,3,4.1,Jyväskylä,Detached house,1,0,Electric heating,Good,2020,B,332
99,3,2,1,1,32,0,2,3,2.7,Oulu,Apartment,1,0,Air-source heat pump,Good,0,E,186
84,3,3,1,1,2,0,1,2,4.1,Espoo,Apartment,1,1,District heating,Excellent,0,A,391
75,3,4,0,1,19,0,2,3,13.6,Tampere,Apartment,0,1,Electric heating,Fair,0,C,164
93,4,3,0,1,95,0,1,1,1.6,Helsinki,Apartment,0,1,District heating,Fair,0,G,370
168,8,0,1,2,28,1,2,2,5.1,Jyväskylä,Detached house,1,1,Oil heating,Fair,2110,E,278
94,4,0,1,1,19,1,1,1,4.5,Tampere,Detached house,0,1,District heating,Good,740,C,268
122,6,0,0,2,11,1,2,2,7.8,Helsinki,Terraced house,0,1,District heating,Excellent,395,C,620
39,2,0,1,1,29,0,1,1,2.4,Tampere,Apartment,0,0,District heating,Good,0,D,112
37,2,1,0,1,59,0,1,1,7.8,Espoo,Apartment,0,0,District heating,Fair,0,F,102
105,5,0,0,2,22,1,1,1,22.8,Helsinki,Semi-detached house,0,1,Air-source heat pump,Excellent,795,B,393
38,2,2,0,1,60,0,1,1,5.0,Tampere,Apartment,0,0,Oil heating,Needs renovation,0,G,63
58,2,0,0,1,39,0,1,1,3.0,Jyväskylä,Apartment,0,1,District heating,Needs renovation,0,E,89
57,2,0,1,1,28,0,1,1,8.1,Espoo,Apartment,0,1,District heating,Fair,0,C,158
70,4,0,0,2,95,1,1,1,14.7,Tampere,Terraced house,0,0,Air-source heat pump,Fair,565,F,114
51,3,0,0,1,17,1,1,1,14.8,Espoo,Terraced house,0,0,Air-source heat pump,Fair,340,C,173
49,3,1,0,1,21,0,1,1,5.3,Vantaa,Apartment,0,1,District heating,Excellent,0,C,146
98,4,0,0,2,19,0,2,2,9.2,Espoo,Terraced house,1,1,District heating,Excellent,215,C,331
63,3,9,0,0,52,0,1,1,2.2,Helsinki,Apartment,0,1,District heating,Fair,0,F,233
47,2,5,0,0,37,0,1,1,1.3,Turku,Apartment,0,1,District heating,Good,0,F,104
61,3,0,1,1,20,1,1,1,3.0,Espoo,Apartment,0,1,Air-source heat pump,Good,0,C,213
46,2,1,1,1,28,0,1,1,2.4,Helsinki,Apartment,0,0,District heating,Fair,0,D,174
93,5,3,0,1,11,0,1,1,7.9,Pori,Apartment,1,1,District heating,Good,0,C,113
65,2,0,1,0,23,1,1,1,9.2,Helsinki,Apartment,0,1,District heating,Excellent,0,B,233
45,2,1,1,1,4,0,1,1,9.0,Tampere,Apartment,0,1,District heating,Excellent,0,B,127
108,4,0,0,2,2,1,2,3,5.8,Tampere,Detached house,1,1,Electric heating,New,1045,B,329
99,4,0,1,2,13,1,1,1,18.6,Lahti,Detached house,0,0,Geothermal,Good,2050,B,145
119,5,4,0,1,17,0,2,3,4.4,Helsinki,Apartment,1,1,District heating,Fair,0,C,553
144,6,0,1,1,16,1,2,3,9.5,Espoo,Detached house,1,1,District heating,Good,1795,C,634
73,2,1,0,1,42,0,1,1,2.8,Turku,Apartment,0,1,District heating,Fair,0,E,136
52,2,4,0,1,2,0,1,1,2.1,Jyväskylä,Apartment,0,1,District heating,New,0,B,136
42,1,2,1,1,7,0,1,1,3.2,Espoo,Apartment,0,1,Electric heating,Excellent,0,B,193
58,2,4,0,0,70,0,1,1,3.1,Helsinki,Apartment,0,1,District heating,Good,0,F,220
120,4,3,0,0,29,0,3,3,2.0,Helsinki,Apartment,1,1,District heating,Needs renovation,0,D,420
31,1,2,1,1,11,0,1,1,14.8,Espoo,Apartment,0,1,District heating,Fair,0,B,121
91,3,3,0,1,23,0,1,2,6.1,Vantaa,Apartment,0,1,District heating,Fair,0,C,226
162,6,0,0,2,33,1,3,4,3.6,Turku,Detached house,1,1,District heating,Excellent,1230,C,352
51,2,3,1,0,5,0,1,1,7.5,Helsinki,Apartment,0,1,District heating,New,0,B,268
75,5,0,1,2,17,1,1,1,8.7,Espoo,Semi-detached house,1,1,District heating,Good,450,C,301
89,3,1,0,1,15,0,2,2,5.6,Vantaa,Apartment,1,1,District heating,Excellent,0,C,252
167,7,0,0,1,87,1,3,4,4.0,Tampere,Detached house,1,0,Electric heating,Fair,1360,G,368
66,4,1,0,1,21,0,1,1,18.2,Espoo,Apartment,0,0,District heating,Fair,0,C,173
75,2,0,0,1,79,0,1,1,3.7,Oulu,Apartment,0,1,District heating,Fair,0,F,117
117,3,3,0,1,2,0,1,1,11.6,Espoo,Apartment,0,1,District heating,Excellent,0,B,398
48,3,5,1,1,27,0,1,1,3.4,Tampere,Apartment,0,1,District heating,Fair,0,D,139
64,3,3,0,1,20,0,1,1,2.8,Helsinki,Apartment,0,0,District heating,Excellent,0,B,302
106,4,0,1,1,4,1,2,2,9.5,Lahti,Terraced house,1,1,Electric heating,Good,495,C,174
36,2,3,0,0,42,0,1,1,4.7,Tampere,Apartment,0,0,Air-source heat pump,Fair,0,D,88
90,3,1,0,1,36,0,1,1,1.6,Tampere,Apartment,0,1,District heating,Fair,0,E,207
139,6,0,0,0,53,0,2,2,8.3,Helsinki,Apartment,1,0,District heating,Fair,0,E,348
80,4,0,1,0,3,1,1,1,5.2,Espoo,Terraced house,0,0,Air-source heat pump,New,240,A,332
101,4,9,0,0,57,0,2,2,14.1,Espoo,Apartment,0,0,District heating,Good,0,E,239
101,4,3,0,0,2,0,1,1,9.8,Helsinki,Apartment,0,1,District heating,New,0,C,445
77,4,0,1,1,50,1,1,1,5.8,Oulu,Terraced house,0,1,Air-source heat pump,Excellent,245,D,125
151,6,0,1,1,27,1,3,5,5.2,Tampere,Detached house,1,1,Electric heating,Excellent,2110,D,470
130,5,0,1,2,35,1,2,2,3.1,Jyväskylä,Detached house,1,0,Wood heating,Fair,1830,E,271
66,3,2,0,0,47,0,1,1,4.1,Helsinki,Apartment,0,1,District heating,Fair,0,F,173
80,3,0,0,1,22,0,1,1,5.3,Lahti,Apartment,0,1,District heating,Good,0,D,121
125,6,0,0,2,2,1,2,3,7.3,Vantaa,Semi-detached house,0,1,District heating,New,1110,A,440
73,3,1,0,1,19,0,1,1,1.9,Tampere,Apartment,1,1,District heating,Fair,0,C,203
136,5,0,1,1,15,1,2,3,12.3,Helsinki,Detached house,1,0,Electric heating,Fair,1265,D,561
71,3,0,1,1,10,0,1,1,7.4,Turku,Apartment,0,0,District heating,Fair,0,D,132
65,2,1,0,0,26,0,1,1,3.0,Lahti,Apartment,0,1,District heating,Fair,0,D,90
23,1,3,0,1,38,0,1,1,1.8,Jyväskylä,Apartment,0,1,District heating,Fair,0,E,48
94,4,0,0,1,25,0,1,1,2.1,Jyväskylä,Apartment,1,1,District heating,Good,0,C,180
47,2,2,0,0,32,0,1,1,4.2,Turku,Apartment,0,0,District heating,Fair,0,E,92
87,3,0,0,1,62,1,1,1,15.1,Espoo,Semi-detached house,0,1,Electric heating,Needs renovation,620,F,218
88,2,0,0,2,0,1,1,1,8.9,Espoo,Detached house,1,1,Electric heating,Fair,710,C,361
69,2,2,0,0,11,0,1,1,4.2,Tampere,Apartment,0,1,District heating,Good,0,C,175
112,4,0,0,2,17,1,2,2,18.5,Vantaa,Detached house,0,1,Electric heating,Good,1125,C,225
110,4,0,0,2,55,1,2,3,2.5,Oulu,Semi-detached house,1,1,District heating,Good,715,F,212
124,5,0,1,1,57,1,2,2,3.1,Espoo,Semi-detached house,1,1,District heating,Needs renovation,670,F,447
49,2,2,0,1,44,0,1,1,8.2,Espoo,Apartment,0,1,District heating,Needs renovation,0,D,110
37,2,3,1,1,16,0,1,1,5.7,Helsinki,Apartment,0,1,Air-source heat pump,Fair,0,C,171
138,5,0,0,2,31,1,2,2,4.9,Pori,Detached house,1,1,Geothermal,Fair,2180,C,152
92,3,3,0,1,45,0,1,1,1.4,Lahti,Apartment,0,1,District heating,Fair,0,E,129
106,4,0,1,1,61,1,2,2,12.8,Helsinki,Semi-detached house,0,1,Electric heating,Fair,395,F,374
78,4,2,1,1,0,0,1,1,2.8,Pori,Apartment,1,1,District heating,Excellent,0,B,135
162,7,0,0,3,24,0,3,3,12.4,Espoo,Detached house,1,1,Geothermal,Good,595,C,548
52,3,2,1,1,56,0,1,1,2.7,Oulu,Apartment,0,1,District heating,Excellent,0,F,106
59,3,0,0,0,80,0,1,1,1.4,Lahti,Apartment,0,0,District heating,Good,0,F,73
126,5,0,0,1,59,1,2,3,6.8,Jyväskylä,Terraced house,0,0,Wood heating,Good,390,F,187
52,2,0,1,0,34,1,1,1,3.3,Helsinki,Apartment,0,1,District heating,Good,0,D,199
100,4,0,1,2,26,1,2,3,4.2,Helsinki,Terraced house,1,1,District heating,Fair,255,D,463
107,4,0,0,1,18,1,3,3,5.7,Lahti,Semi-detached house,1,1,District heating,Fair,630,D,166
89,4,0,1,2,34,1,1,1,8.2,Kuopio,Detached house,0,1,District heating,Fair,1085,E,122
76,4,0,0,1,34,1,2,2,10.7,Tampere,Detached house,0,1,Air-source heat pump,Fair,1690,D,242
122,5,0,0,2,5,1,2,2,8.0,Kuopio,Detached house,0,0,Geothermal,Excellent,3745,A,294
142,7,0,0,2,39,1,3,4,13.4,Oulu,Detached house,1,1,Electric heating,Excellent,1830,D,268
59,2,0,1,1,18,0,1,1,2.6,Turku,Apartment,0,1,District heating,Fair,0,C,119
78,3,5,0,1,16,0,2,2,6.0,Turku,Apartment,0,1,District heating,Good,0,D,181
45,3,1,0,0,21,0,1,1,1.2,Pori,Apartment,0,1,Electric heating,Excellent,0,D,63
47,2,3,1,0,39,0,1,1,2.6,Espoo,Apartment,0,1,District heating,Fair,0,E,162
81,2,0,1,1,42,1,1,1,4.4,Helsinki,Terraced house,1,1,Wood heating,Fair,265,E,330
45,2,3,1,1,29,0,1,1,2.6,Turku,Apartment,0,0,District heating,Fair,0,D,98
49,2,5,1,1,47,0,1,1,2.1,Turku,Apartment,0,1,District heating,Fair,0,F,110
91,3,0,1,2,31,1,2,2,3.7,Tampere,Terraced house,1,1,Electric heating,Fair,435,D,291
74,3,3,0,1,18,0,1,1,2.0,Lahti,Apartment,0,1,District heating,Fair,0,B,128
80,3,3,1,2,1,0,1,2,4.2,Helsinki,Apartment,1,0,District heating,Good,0,A,406
71,2,4,0,1,35,0,1,1,4.2,Helsinki,Apartment,0,1,District heating,Fair,0,D,243
99,3,1,0,1,46,0,1,1,3.2,Espoo,Apartment,0,1,District heating,Needs renovation,0,E,240
97,4,0,1,1,19,1,1,1,9.8,Espoo,Terraced house,0,0,Electric heating,Good,795,C,398
128,4,2,1,1,11,0,2,3,17.1,Vantaa,Apartment,1,0,Geothermal,Good,0,B,298
49,2,4,0,1,28,0,1,1,2.0,Lahti,Apartment,0,1,District heating,Fair,0,D,86
65,4,3,1,1,3,0,1,1,3.6,Espoo,Apartment,1,0,District heating,Good,0,B,272
130,5,0,0,1,18,0,2,2,2.1,Jyväskylä,Apartment,0,1,District heating,Needs renovation,0,C,208
145,6,0,1,2,51,1,2,2,5.6,Kuopio,Detached house,1,1,Electric heating,Good,985,E,202
93,4,1,1,1,27,0,1,1,9.7,Vantaa,Apartment,0,1,District heating,Fair,0,C,196
147,5,0,0,1,42,1,1,1,13.8,Oulu,Detached house,1,1,Electric heating,Good,1200,E,207
55,3,0,1,2,6,0,1,1,6.9,Vantaa,Apartment,0,0,Electric heating,Good,0,B,169
36,2,2,0,0,36,0,1,1,4.9,Vantaa,Apartment,0,1,District heating,Good,0,E,84
96,4,0,1,2,36,1,2,2,2.8,Tampere,Detached house,1,1,Electric heating,Good,565,D,249
48,2,2,1,0,0,0,1,1,3.4,Vantaa,Apartment,0,1,Geothermal,New,0,A,177
98,4,0,0,1,39,0,2,2,2.4,Turku,Semi-detached house,0,1,District heating,Good,300,E,187
92,3,0,1,2,18,1,2,3,6.0,Espoo,Terraced house,0,1,Air-source heat pump,Fair,860,C,438
37,2,2,0,1,4,0,1,1,6.5,Tampere,Apartment,0,1,District heating,Good,0,B,122
72,2,0,1,1,25,0,1,2,8.4,Espoo,Apartment,1,1,District heating,Good,0,D,233
53,3,2,0,1,44,0,1,1,1.8,Helsinki,Apartment,0,1,District heating,Good,0,D,240
42,2,1,1,0,25,0,1,1,1.6,Kuopio,Apartment,0,1,District heating,Good,0,C,76
109,4,0,0,1,18,0,2,2,3.7,Helsinki,Apartment,0,1,District heating,Fair,0,D,372
21,1,2,0,1,86,0,1,1,2.9,Espoo,Apartment,0,0,District heating,Excellent,0,F,80
188,8,0,1,2,47,1,3,4,4.8,Lahti,Detached house,1,1,District heating,Fair,1475,E,229
70,3,5,1,0,16,0,1,1,6.6,Tampere,Apartment,0,1,District heating,Good,0,C,194
82,4,5,0,1,28,0,1,1,27.2,Vantaa,Apartment,1,0,District heating,Good,0,D,157
81,3,0,0,1,55,1,1,1,2.8,Oulu,Apartment,0,0,District heating,Fair,0,E,126
117,5,0,1,2,17,1,2,2,8.6,Vantaa,Terraced house,1,1,District heating,Fair,415,C,293
39,1,2,1,0,53,0,1,1,4.6,Helsinki,Apartment,0,0,District heating,Needs renovation,0,G,111
59,2,2,0,0,24,0,1,1,5.3,Helsinki,Apartment,0,1,Air-source heat pump,Good,0,D,239
68,3,8,1,1,25,0,1,1,3.6,Espoo,Apartment,0,1,District heating,Good,0,C,285
39,2,7,1,0,54,0,1,1,3.6,Helsinki,Apartment,0,1,District heating,Fair,0,F,145
131,5,0,1,2,16,1,2,3,4.4,Lahti,Semi-detached house,1,1,District heating,Excellent,380,B,216
39,2,4,0,1,24,0,1,1,2.7,Helsinki,Apartment,0,1,District heating,Fair,0,D,192
39,2,2,1,1,13,0,1,1,8.7,Espoo,Apartment,0,0,District heating,Fair,0,B,134
94,4,6,0,1,1,0,1,1,3.1,Tampere,Apartment,0,1,District heating,Excellent,0,A,296
111,4,0,0,1,34,1,2,2,2.0,Oulu,Terraced house,0,1,Air-source heat pump,Good,675,D,246
63,3,6,0,0,31,0,1,1,1.5,Turku,Apartment,0,0,District heating,Good,0,D,145
66,3,1,0,0,37,0,2,2,4.2,Tampere,Apartment,0,1,District heating,Good,0,D,156
52,2,1,0,0,44,0,1,1,2.8,Turku,Apartment,0,1,District heating,Good,0,D,98
80,3,0,0,2,37,1,1,1,1.2,Turku,Detached house,1,0,Geothermal,Good,710,C,210
143,6,0,0,1,61,1,2,2,4.1,Tampere,Detached house,1,1,Wood heating,Needs renovation,685,F,272
60,3,1,0,1,13,0,1,1,2.4,Tampere,Apartment,0,1,District heating,Good,0,B,176
53,2,1,0,0,30,0,1,1,4.5,Helsinki,Apartment,0,1,District heating,Fair,0,C,198
75,3,0,0,1,7,1,2,2,4.6,Helsinki,Apartment,0,1,District heating,Fair,0,D,314
171,7,0,0,1,13,1,2,3,5.2,Tampere,Detached house,1,1,Oil heating,Good,840,D,429
64,2,0,0,1,33,1,1,1,2.9,Jyväskylä,Apartment,0,1,District heating,Good,0,D,120
120,5,0,0,1,78,1,2,2,17.9,Oulu,Terraced house,1,1,Air-source heat pump,Needs renovation,830,G,123
76,4,0,0,1,6,1,1,1,5.8,Espoo,Terraced house,1,0,District heating,Fair,315,B,268
100,4,3,0,1,37,0,1,1,3.1,Jyväskylä,Apartment,0,0,District heating,Good,0,C,185
55,2,2,0,0,94,0,1,1,8.9,Helsinki,Apartment,0,0,District heating,Fair,0,E,127
95,4,0,0,1,74,1,1,1,8.6,Lahti,Terraced house,0,1,District heating,Good,410,F,111
62,3,3,0,0,30,0,1,1,1.8,Espoo,Apartment,0,1,District heating,Fair,0,D,212
56,3,4,0,0,2,0,1,1,9.1,Tampere,Apartment,1,1,District heating,New,0,A,182
30,2,1,0,1,29,0,1,1,2.1,Lahti,Apartment,0,0,District heating,Fair,0,E,55
37,1,1,0,1,15,0,1,1,3.1,Turku,Apartment,0,1,District heating,Excellent,0,C,103
65,3,4,0,1,36,0,1,1,2.2,Helsinki,Apartment,0,1,District heating,Needs renovation,0,D,264
78,3,2,1,1,0,0,1,2,2.2,Kuopio,Apartment,0,0,District heating,New,0,A,193
55,3,5,0,1,86,0,1,2,7.1,Helsinki,Apartment,0,0,District heating,Excellent,0,F,183
72,3,0,1,1,30,0,2,2,1.5,Helsinki,Apartment,0,1,District heating,Fair,0,D,293
49,3,0,0,0,49,0,1,1,3.6,Kuopio,Apartment,0,0,Air-source heat pump,Good,0,D,72
31,1,2,0,1,39,0,1,1,7.9,Espoo,Apartment,0,0,District heating,Fair,0,E,98
112,5,0,0,2,57,1,1,1,25.6,Espoo,Detached house,0,1,Electric heating,Needs renovation,1280,G,233
42,2,3,1,1,47,0,1,1,2.8,Helsinki,Apartment,0,1,District heating,Needs renovation,0,E,173
31,2,4,1,1,17,0,1,1,2.3,Tampere,Apartment,0,0,Air-source heat pump,Good,0,B,111
105,4,0,0,0,51,1,2,2,7.8,Kuopio,Detached house,0,1,Geothermal,Fair,1215,E,174
105,4,3,0,1,55,0,2,2,5.2,Turku,Apartment,0,0,District heating,Needs renovation,0,F,132
108,4,0,1,2,19,1,2,2,3.9,Oulu,Terraced house,1,0,Air-source heat pump,Good,590,C,254
55,3,0,0,0,59,0,1,1,5.5,Espoo,Apartment,0,1,District heating,Good,0,F,154
62,3,3,0,1,9,0,1,2,4.9,Vantaa,Apartment,0,1,District heating,Good,0,C,184
126,6,0,1,2,10,1,2,2,9.6,Jyväskylä,Semi-detached house,1,1,Air-source heat pump,Excellent,1835,C,261
56,3,4,1,2,37,0,1,1,4.4,Tampere,Apartment,0,1,Electric heating,Needs renovation,0,E,116
104,4,0,0,1,13,1,2,2,7.0,Jyväskylä,Terraced house,1,1,Electric heating,Good,305,C,190
69,4,0,1,2,8,1,1,1,5.3,Pori,Semi-detached house,0,1,Electric heating,Excellent,940,C,120
67,2,3,0,0,6,0,1,1,5.0,Espoo,Apartment,0,1,District heating,Fair,0,C,229
62,2,1,0,1,19,0,1,1,3.3,Oulu,Apartment,1,1,District heating,Excellent,0,C,126
73,3,2,0,1,76,0,1,1,6.2,Helsinki,Apartment,0,0,District heating,Fair,0,F,215
140,6,0,0,1,37,1,2,2,1.6,Jyväskylä,Detached house,0,1,District heating,Fair,2220,D,282
69,2,10,0,1,17,0,1,1,4.7,Helsinki,Apartment,0,1,District heating,Fair,0,C,287
58,3,1,1,1,20,0,1,1,11.1,Lahti,Apartment,0,0,District heating,Excellent,0,C,79
107,5,0,0,1,45,1,1,2,19.2,Tampere,Terraced house,1,1,District heating,Fair,420,E,196
197,8,0,1,1,59,1,2,3,4.6,Pori,Detached house,1,1,Electric heating,Needs renovation,3330,F,176
103,4,2,1,1,34,0,1,1,14.2,Tampere,Apartment,0,1,District heating,Good,0,D,173
91,3,0,0,0,0,0,2,2,6.8,Tampere,Terraced house,1,1,Electric heating,New,240,B,248
34,2,1,0,1,36,0,1,1,8.5,Oulu,Apartment,0,1,District heating,Good,0,D,63
76,4,0,0,2,49,1,2,2,5.8,Helsinki,Terraced house,0,1,Electric heating,Fair,235,F,297
117,5,0,0,2,50,1,2,2,8.0,Espoo,Detached house,0,1,Air-source heat pump,Fair,710,E,327
36,2,2,1,1,12,0,1,1,5.7,Jyväskylä,Apartment,0,1,District heating,Fair,0,C,76
65,2,4,0,1,0,0,1,1,10.4,Vantaa,Apartment,0,1,District heating,New,0,A,203
77,4,2,1,1,46,0,1,1,4.3,Lahti,Apartment,0,0,District heating,Needs renovation,0,F,73
66,2,3,0,0,29,0,1,1,5.1,Helsinki,Apartment,0,1,District heating,Fair,0,D,229
93,3,2,1,0,15,0,2,3,3.0,Helsinki,Apartment,1,1,District heating,Fair,0,C,373
41,2,1,0,0,54,0,1,1,4.6,Oulu,Apartment,0,0,District heating,Good,0,D,73
101,4,0,1,2,2,0,1,1,4.3,Jyväskylä,Semi-detached house,1,1,District heating,New,515,B,246
56,3,3,0,0,58,0,1,1,5.3,Helsinki,Apartment,0,0,District heating,Fair,0,E,155
111,5,0,1,2,31,1,2,3,17.9,Helsinki,Detached house,1,1,Electric heating,Fair,1715,D,542
77,3,2,0,0,90,0,1,1,2.2,Helsinki,Apartment,0,0,District heating,Fair,0,G,235
30,1,0,0,0,46,1,1,1,13.3,Helsinki,Apartment,0,0,Air-source heat pump,Needs renovation,0,F,61
76,3,2,1,0,14,0,1,1,1.3,Kuopio,Apartment,0,1,District heating,Fair,0,B,171
42,1,1,1,1,29,0,1,1,6.0,Pori,Apartment,0,1,District heating,Good,0,D,53
63,2,0,0,0,60,1,1,1,10.1,Helsinki,Apartment,0,1,District heating,Fair,0,D,157
65,3,3,1,1,3,0,1,1,2.1,Tampere,Apartment,1,0,District heating,Good,0,C,213
81,3,3,0,1,36,0,1,1,5.0,Espoo,Apartment,0,1,District heating,Fair,0,D,214
78,3,0,1,0,42,0,1,1,1.6,Helsinki,Apartment,0,0,Electric heating,Fair,0,E,251
61,3,3,0,1,12,0,1,1,0.9,Oulu,Apartment,0,1,District heating,Good,0,A,148
47,2,3,0,0,83,0,1,1,3.7,Helsinki,Apartment,0,1,Electric heating,Excellent,0,E,196
62,3,3,0,1,45,0,1,1,2.3,Helsinki,Apartment,0,1,District heating,Fair,0,E,235
67,3,3,0,0,27,0,1,1,3.4,Vantaa,Apartment,0,1,District heating,Good,0,C,185
54,2,5,0,2,3,0,1,1,9.8,Espoo,Apartment,0,1,District heating,Good,0,C,210
127,4,1,0,1,15,0,1,1,27.8,Vantaa,Apartment,0,1,District heating,Good,0,C,201
109,4,0,1,2,57,1,1,1,11.2,Oulu,Detached house,0,1,District heating,Needs renovation,1195,F,151
64,2,1,0,1,15,0,1,2,3.0,Tampere,Apartment,0,1,District heating,Fair,0,C,186
81,4,2,0,1,45,0,1,1,2.5,Jyväskylä,Apartment,1,1,District heating,Fair,0,E,139
52,2,0,0,0,41,1,1,1,2.2,Lahti,Apartment,0,1,Oil heating,Excellent,0,E,78
138,6,0,1,2,61,1,2,3,20.3,Helsinki,Detached house,1,1,Wood heating,Good,520,G,426
62,2,3,1,0,30,0,1,1,5.9,Espoo,Apartment,0,0,District heating,Fair,0,D,183
26,1,1,1,1,44,0,1,1,4.5,Turku,Apartment,0,1,District heating,Needs renovation,0,E,44
115,5,0,1,1,25,0,1,1,2.2,Kuopio,Semi-detached house,0,1,Oil heating,Fair,235,D,155
127,5,0,0,1,37,1,2,2,5.0,Espoo,Detached house,0,0,Air-source heat pump,Needs renovation,735,D,448
67,2,0,0,2,95,0,1,2,3.8,Lahti,Terraced house,0,1,District heating,Fair,265,F,90
78,3,0,0,1,37,0,1,1,4.5,Helsinki,Terraced house,0,1,District heating,Fair,210,E,287
100,4,0,0,2,28,1,1,2,11.4,Turku,Detached house,1,1,District heating,Fair,1285,C,197
73,3,3,1,0,3,0,2,2,9.2,Vantaa,Apartment,0,1,Air-source heat pump,Excellent,0,A,211
67,2,1,0,1,45,0,1,1,8.6,Tampere,Apartment,0,1,District heating,Needs renovation,0,F,108
95,4,0,1,1,0,1,2,2,2.0,Tampere,Terraced house,0,1,Electric heating,Excellent,355,C,322
94,3,0,0,2,63,0,2,2,6.6,Tampere,Terraced house,0,1,Electric heating,Needs renovation,365,F,137
140,6,0,1,2,32,1,2,2,4.1,Lahti,Detached house,1,1,Wood heating,Fair,2120,E,235
91,3,1,0,0,16,0,1,1,7.3,Helsinki,Apartment,0,1,District heating,Excellent,0,B,334
54,2,1,0,1,5,0,1,1,12.2,Turku,Apartment,0,0,District heating,New,0,A,115
80,3,0,0,1,39,0,1,1,3.1,Vantaa,Apartment,0,1,District heating,Good,0,E,187
56,2,7,0,0,1,0,1,1,4.9,Tampere,Apartment,0,1,District heating,Fair,0,B,161
61,3,4,1,1,0,0,1,1,4.3,Helsinki,Apartment,0,1,Air-source heat pump,New,0,A,356
55,3,5,0,0,3,0,1,1,4.6,Helsinki,Apartment,0,1,District heating,Excellent,0,B,292
117,5,0,1,1,18,0,2,2,17.7,Vantaa,Terraced house,0,1,Air-source heat pump,Good,760,D,311
99,4,0,1,1,5,1,2,2,4.1,Turku,Terraced house,1,1,Electric heating,New,440,C,262
92,3,7,1,2,11,0,1,1,3.5,Helsinki,Apartment,0,0,District heating,Good,0,B,468
149,5,0,1,1,53,1,2,3,19.9,Espoo,Semi-detached house,0,1,Electric heating,Fair,1200,F,355
61,3,2,0,1,37,0,1,1,1.3,Lahti,Apartment,0,1,District heating,Fair,0,C,99
60,2,0,0,1,53,0,1,1,3.3,Helsinki,Apartment,0,0,District heating,Excellent,0,D,222
32,1,5,1,1,35,0,1,1,3.1,Oulu,Apartment,0,0,District heating,Excellent,0,C,72
133,6,0,1,1,18,0,2,2,1.3,Tampere,Apartment,0,1,District heating,Good,0,C,368
66,3,0,0,1,84,1,2,2,8.3,Helsinki,Apartment,0,0,District heating,Needs renovation,0,F,176
33,1,3,1,1,1,0,1,1,9.3,Vantaa,Apartment,0,1,Air-source heat pump,New,0,A,117
70,2,0,0,0,66,0,1,1,8.7,Helsinki,Apartment,0,0,Air-source heat pump,Needs renovation,0,G,143
116,4,0,1,1,3,1,2,3,8.0,Helsinki,Detached house,1,1,Geothermal,Needs renovation,990,B,538
87,3,0,0,1,19,0,1,1,6.3,Helsinki,Apartment,1,1,District heating,Good,0,C,330
50,3,5,0,1,22,0,2,2,4.1,Tampere,Apartment,0,1,Electric heating,Good,0,C,153
102,4,2,1,1,19,0,2,2,1.7,Turku,Apartment,0,1,District heating,Good,0,C,258
105,4,2,0,1,77,0,2,2,5.3,Jyväskylä,Apartment,0,1,District heating,Fair,0,F,167
87,3,0,0,2,2,1,2,2,3.1,Jyväskylä,Detached house,1,1,Geothermal,New,870,A,198
102,3,1,0,1,55,0,1,1,4.5,Helsinki,Apartment,0,1,District heating,Needs renovation,0,F,252
58,2,3,0,1,33,0,1,2,4.4,Jyväskylä,Apartment,0,0,District heating,Good,0,E,105
74,4,1,0,1,67,0,2,2,2.7,Espoo,Apartment,0,1,District heating,Good,0,E,228
201,7,0,0,2,3,1,3,3,9.4,Pori,Detached house,1,1,Geothermal,Excellent,2085,B,269
53,2,0,1,1,21,0,1,1,2.0,Oulu,Apartment,0,0,District heating,Good,0,D,110
40,2,3,0,1,32,0,1,1,4.8,Oulu,Apartment,0,0,District heating,Good,0,D,75
92,4,0,0,0,95,0,1,1,2.1,Turku,Terraced house,0,1,District heating,Fair,435,G,138
82,3,0,0,0,30,0,1,2,2.8,Helsinki,Apartment,0,1,District heating,Fair,0,D,279
83,3,10,0,1,51,0,1,1,4.9,Espoo,Apartment,0,1,District heating,Needs renovation,0,F,219
80,3,6,0,1,46,0,1,1,3.6,Helsinki,Apartment,0,0,Electric heating,Fair,0,E,269
105,5,0,1,1,4,1,1,1,3.3,Helsinki,Apartment,0,0,District heating,Excellent,0,B,470
93,4,0,0,1,5,0,1,1,2.8,Vantaa,Apartment,0,1,District heating,Excellent,0,B,243
100,4,4,1,1,14,0,1,1,4.1,Helsinki,Apartment,0,1,District heating,Good,0,B,406
139,6,0,1,2,51,1,3,4,11.7,Jyväskylä,Detached house,1,1,Air-source heat pump,Needs renovation,1285,D,167
77,4,4,0,1,30,0,1,1,4.1,Helsinki,Apartment,0,1,District heating,Good,0,D,328
27,1,0,0,1,6,0,1,1,4.3,Tampere,Apartment,0,1,District heating,Excellent,0,C,84
146,5,0,0,2,19,1,2,3,6.1,Tampere,Detached house,1,1,District heating,Excellent,1355,C,389
80,4,0,0,0,56,0,1,1,16.8,Espoo,Apartment,0,1,District heating,Fair,0,E,164
75,3,0,1,1,5,1,2,2,1.7,Jyväskylä,Terraced house,0,0,District heating,Excellent,165,C,171
58,3,3,1,1,26,0,1,1,6.4,Helsinki,Apartment,0,0,District heating,Fair,0,D,232
21,1,4,1,1,2,0,1,1,2.4,Jyväskylä,Apartment,0,1,District heating,Good,0,C,58
45,2,3,0,0,20,0,1,1,8.5,Tampere,Apartment,0,1,District heating,Fair,0,C,97
144,7,0,1,2,18,1,2,3,9.7,Jyväskylä,Detached house,1,1,Air-source heat pump,Good,1485,C,261
71,3,1,0,1,33,0,1,1,1.8,Jyväskylä,Apartment,0,1,District heating,Good,0,D,156
74,3,4,0,0,32,0,1,1,6.1,Helsinki,Apartment,0,1,District heating,Excellent,0,D,272
136,5,0,0,2,24,1,2,2,11.9,Helsinki,Detached house,1,1,Electric heating,Good,1515,E,572
135,5,0,0,2,79,1,3,3,19.6,Helsinki,Semi-detached house,1,1,Wood heating,Needs renovation,315,G,231
93,5,0,0,2,46,1,1,1,5.0,Tampere,Semi-detached house,1,1,Oil heating,Excellent,420,E,212
132,5,0,1,3,15,1,3,3,8.6,Oulu,Detached house,0,1,Electric heating,Fair,2200,C,275
71,4,3,0,0,70,0,1,1,19.1,Helsinki,Apartment,0,1,District heating,Good,0,F,131
120,4,1,0,0,77,0,2,3,4.3,Tampere,Apartment,0,0,District heating,Fair,0,F,187
41,1,2,1,1,16,0,1,1,5.9,Espoo,Apartment,0,1,District heating,Good,0,C,161
69,2,2,1,1,23,0,1,1,1.9,Vantaa,Apartment,0,1,District heating,Good,0,C,210
74,3,0,0,1,45,1,2,2,7.6,Jyväskylä,Terraced house,0,1,District heating,Fair,515,F,127
80,3,0,0,2,17,1,1,1,20.9,Helsinki,Detached house,0,1,Air-source heat pump,Needs renovation,1200,C,323
61,2,2,0,1,59,0,1,1,3.5,Kuopio,Apartment,0,0,District heating,Fair,0,E,89
59,2,0,1,1,2,0,1,2,4.0,Jyväskylä,Apartment,0,1,District heating,Excellent,0,A,136
173,7,0,0,2,14,1,3,4,4.4,Oulu,Detached house,0,0,Air-source heat pump,Good,1115,B,357
59,3,2,1,0,3,0,2,2,6.0,Jyväskylä,Apartment,0,1,Geothermal,Excellent,0,A,138
39,2,3,1,1,3,0,1,1,3.1,Helsinki,Apartment,0,1,District heating,Good,0,A,210
99,4,2,0,1,38,0,1,1,0.7,Kuopio,Apartment,0,0,District heating,Needs renovation,0,D,150
53,2,1,0,0,4,0,1,1,1.4,Helsinki,Apartment,0,1,District heating,Excellent,0,A,292
46,2,6,0,1,49,0,1,1,2.3,Helsinki,Apartment,0,1,District heating,Fair,0,E,204
87,4,0,1,2,84,1,1,2,5.2,Helsinki,Detached house,0,1,Air-source heat pump,Fair,935,E,479
178,8,0,0,1,3,1,3,4,11.3,Kuopio,Detached house,1,0,Air-source heat pump,Fair,1550,A,231
79,3,0,1,1,33,1,2,2,12.9,Vantaa,Terraced house,0,1,Air-source heat pump,Good,335,C,205
68,3,0,1,1,18,0,1,1,0.9,Turku,Apartment,0,1,District heating,Good,0,B,174
34,2,3,0,1,15,0,1,1,9.7,Espoo,Apartment,0,1,District heating,Fair,0,D,132
25,1,0,1,1,4,0,1,1,3.0,Oulu,Apartment,0,1,District heating,Excellent,0,C,60
112,4,0,1,1,53,1,2,2,3.0,Lahti,Terraced house,0,1,District heating,Fair,265,D,132
59,3,0,0,1,52,0,1,1,8.6,Lahti,Terraced house,0,0,District heating,Excellent,265,D,85
67,2,0,0,1,9,0,1,1,4.6,Pori,Apartment,0,1,District heating,Good,0,A,85
103,4,0,0,1,51,1,2,3,10.0,Tampere,Semi-detached house,1,1,Electric heating,Good,615,E,228
100,4,7,0,1,12,0,2,2,2.5,Helsinki,Apartment,0,1,District heating,Excellent,0,B,489
101,4,0,0,2,16,1,1,1,13.1,Espoo,Detached house,1,1,Air-source heat pump,Good,550,B,371
64,3,3,0,1,29,0,1,1,1.6,Tampere,Apartment,0,1,Electric heating,Fair,0,E,168
111,4,0,1,2,45,1,2,2,6.2,Turku,Detached house,1,1,Electric heating,Needs renovation,1260,F,188
54,2,3,0,1,40,0,1,1,5.0,Helsinki,Apartment,0,1,District heating,Good,0,C,205
98,3,0,0,2,62,1,1,1,3.8,Helsinki,Detached house,1,1,District heating,Needs renovation,440,G,302
56,3,0,0,1,41,0,1,1,1.8,Oulu,Apartment,0,0,District heating,Needs renovation,0,E,70
75,2,1,1,1,23,0,1,1,2.0,Oulu,Apartment,0,0,District heating,Good,0,D,152
77,4,0,1,2,30,1,1,2,3.0,Tampere,Detached house,0,0,Electric heating,Good,905,D,262
32,1,4,0,1,95,0,1,1,1.2,Lahti,Apartment,1,0,District heating,Excellent,0,F,49
145,6,0,0,1,12,1,2,2,16.9,Kuopio,Detached house,1,1,Geothermal,Good,1225,C,196
61,3,0,0,1,16,0,1,1,2.9,Turku,Apartment,0,0,District heating,Fair,0,D,136
45,3,1,0,1,56,0,1,1,2.7,Lahti,Apartment,0,0,District heating,Fair,0,F,60
65,4,0,1,1,30,1,1,1,4.9,Tampere,Terraced house,0,1,Air-source heat pump,Good,155,B,166
57,3,3,0,0,54,0,1,1,4.4,Helsinki,Apartment,0,1,District heating,Fair,0,E,177
117,4,0,1,2,9,1,3,4,21.5,Espoo,Semi-detached house,1,1,District heating,Good,625,B,447
55,2,5,0,1,16,0,1,1,5.2,Espoo,Apartment,0,0,District heating,Good,0,B,202
188,7,0,0,2,31,1,3,3,6.3,Jyväskylä,Detached house,0,1,Electric heating,Excellent,1835,D,351
58,2,2,1,0,31,0,1,2,3.4,Tampere,Apartment,0,0,District heating,Good,0,B,144
71,3,3,1,0,12,0,2,2,4.0,Turku,Apartment,0,1,District heating,Excellent,0,B,179
40,2,1,0,0,51,0,1,1,10.3,Turku,Apartment,0,0,District heating,Needs renovation,0,E,52
112,4,0,0,1,44,1,2,2,20.4,Vantaa,Detached house,0,1,Air-source heat pump,Fair,1145,E,205
77,3,5,0,1,54,0,2,2,2.2,Helsinki,Apartment,0,0,District heating,Good,0,E,317
59,2,1,1,1,4,0,1,1,5.5,Espoo,Apartment,0,1,District heating,Good,0,B,229
128,5,1,0,1,4,0,2,2,3.2,Tampere,Apartment,0,1,District heating,Excellent,0,A,383
69,2,6,0,1,22,0,1,1,6.2,Helsinki,Apartment,1,1,Air-source heat pump,Needs renovation,0,D,237
43,2,2,1,1,19,0,1,1,3.5,Helsinki,Apartment,0,1,District heating,Fair,0,C,203
77,3,4,1,1,26,0,1,1,7.3,Helsinki,Apartment,0,1,District heating,Fair,0,C,267
117,5,0,1,2,31,1,1,1,4.7,Tampere,Detached house,1,0,District heating,Fair,590,C,266
92,4,3,0,0,50,0,2,2,4.8,Helsinki,Apartment,0,1,District heating,Needs renovation,0,E,268
50,3,0,0,1,36,1,1,1,2.5,Helsinki,Apartment,0,0,District heating,Fair,0,D,190
36,1,1,0,1,27,0,1,1,4.2,Tampere,Apartment,0,1,District heating,Good,0,B,112
74,3,0,0,0,81,0,1,2,4.1,Helsinki,Apartment,0,0,District heating,Good,0,F,250
33,1,1,0,0,34,0,1,1,8.1,Helsinki,Apartment,0,0,Air-source heat pump,Fair,0,D,107
64,3,1,0,1,18,0,1,1,4.5,Turku,Apartment,0,1,District heating,Good,0,C,154
61,3,2,1,1,20,0,1,1,10.7,Vantaa,Apartment,0,1,Air-source heat pump,Needs renovation,0,D,120
56,3,1,1,1,10,0,1,1,2.1,Turku,Apartment,0,1,District heating,Good,0,C,155
96,4,0,1,1,11,1,1,1,5.6,Espoo,Semi-detached house,1,0,Electric heating,Fair,440,C,366
36,2,2,1,1,29,0,1,1,2.0,Pori,Apartment,0,1,District heating,Good,0,D,52
155,6,0,0,2,38,1,2,2,9.3,Jyväskylä,Detached house,1,1,Geothermal,Fair,1475,D,241
86,4,0,1,0,35,1,2,3,13.3,Helsinki,Semi-detached house,0,1,District heating,Needs renovation,815,F,327
54,2,1,0,1,48,0,1,1,3.0,Turku,Apartment,0,1,District heating,Excellent,0,C,127
41,2,2,1,1,45,0,1,1,6.1,Espoo,Apartment,0,1,District heating,Excellent,0,C,141
72,3,0,0,1,68,1,1,1,10.9,Espoo,Terraced house,0,0,District heating,Good,300,E,202
47,2,1,0,1,76,0,1,1,14.2,Lahti,Apartment,0,1,District heating,Fair,0,F,49
59,3,0,1,1,29,0,1,1,8.7,Tampere,Apartment,0,1,District heating,Excellent,0,C,137
130,6,0,0,2,0,1,2,2,7.6,Helsinki,Terraced house,1,1,District heating,Excellent,580,A,702
39,2,4,0,0,5,0,1,1,3.0,Helsinki,Apartment,0,1,District heating,Fair,0,C,181
39,2,4,0,1,31,0,1,1,2.0,Lahti,Apartment,0,0,District heating,Good,0,C,69
122,5,0,0,2,57,1,1,1,3.3,Jyväskylä,Detached house,1,1,Wood heating,Fair,1080,F,180
48,2,6,0,1,17,0,1,1,1.5,Turku,Apartment,0,1,District heating,Good,0,D,123
28,1,2,0,0,11,0,1,1,9.0,Espoo,Apartment,0,1,District heating,Good,0,C,105
63,2,2,0,1,87,0,1,1,3.1,Tampere,Apartment,0,1,District heating,Fair,0,F,120
96,5,0,1,2,18,1,2,3,6.2,Espoo,Semi-detached house,0,1,District heating,Good,645,C,480
85,3,1,1,0,53,0,2,3,5.5,Helsinki,Apartment,0,1,District heating,Excellent,0,D,309
114,4,0,0,2,22,1,1,2,3.5,Lahti,Detached house,1,0,Geothermal,Good,1225,C,189
83,3,2,0,1,49,0,1,1,3.7,Turku,Apartment,1,0,District heating,Good,0,D,168
91,4,0,0,1,41,0,1,1,9.7,Espoo,Apartment,0,1,District heating,Good,0,D,233
98,4,0,1,2,45,0,1,1,1.4,Turku,Apartment,0,1,District heating,Good,0,E,194
79,4,0,0,1,74,1,2,2,3.2,Jyväskylä,Terraced house,0,1,District heating,Good,450,G,136
56,3,1,0,0,17,0,1,1,6.7,Helsinki,Apartment,0,1,District heating,Good,0,C,248
55,2,0,0,1,21,0,1,1,8.8,Oulu,Apartment,0,1,District heating,Good,0,D,101
89,4,1,0,1,24,0,1,1,2.4,Kuopio,Apartment,1,0,District heating,Good,0,C,160
68,4,0,1,1,0,1,1,1,12.8,Espoo,Semi-detached house,0,1,Air-source heat pump,Fair,545,A,260
67,4,3,0,0,64,0,1,1,2.5,Helsinki,Apartment,0,0,District heating,Good,0,F,234
69,3,0,1,1,59,0,2,2,7.9,Tampere,Terraced house,0,1,Electric heating,Good,345,E,153
138,5,0,0,2,25,1,2,2,6.0,Tampere,Semi-detached house,0,1,Air-source heat pump,Fair,480,C,327
34,1,1,1,0,14,0,1,1,4.3,Helsinki,Apartment,0,1,District heating,Good,0,D,163
130,5,0,0,0,16,1,2,2,10.0,Helsinki,Terraced house,0,1,Air-source heat pump,Excellent,230,B,514
118,5,0,0,3,59,1,2,2,7.6,Kuopio,Detached house,1,0,Electric heating,Needs renovation,1265,G,177
59,2,6,0,1,9,0,1,1,9.8,Vantaa,Apartment,0,1,District heating,Excellent,0,C,183
42,2,1,1,1,1,0,1,1,5.7,Espoo,Apartment,0,0,District heating,New,0,A,183
109,4,0,0,1,25,0,2,2,21.4,Espoo,Terraced house,1,1,Wood heating,Good,275,E,280
66,2,3,1,0,53,0,1,1,6.9,Helsinki,Apartment,0,1,District heating,Needs renovation,0,F,172
43,2,3,0,1,33,0,1,1,5.9,Pori,Apartment,0,1,District heating,Fair,0,E,49
93,3,0,0,1,45,1,2,2,2.6,Turku,Terraced house,1,1,Electric heating,Needs renovation,330,E,154
168,6,0,0,1,24,1,2,4,2.6,Oulu,Detached house,1,1,Wood heating,Good,1180,E,390
65,3,4,0,0,5,0,1,1,2.3,Kuopio,Apartment,0,1,District heating,Excellent,0,B,138
113,4,0,1,1,17,0,1,1,9.1,Espoo,Apartment,1,1,District heating,Good,0,C,347
121,4,0,0,1,40,1,1,2,6.9,Jyväskylä,Detached house,1,1,Oil heating,Good,1335,E,198
113,5,0,0,1,16,1,1,1,4.4,Lahti,Detached house,1,1,Air-source heat pump,Good,1305,B,210
69,2,6,0,1,23,0,1,1,12.8,Espoo,Apartment,0,1,District heating,Fair,0,D,210
29,1,2,1,1,3,0,1,1,1.6,Lahti,Apartment,0,1,District heating,Good,0,B,63
120,5,0,0,1,1,0,2,2,4.5,Helsinki,Apartment,0,1,District heating,Excellent,0,B,554
90,3,0,0,1,22,1,1,1,6.3,Espoo,Terraced house,0,0,District heating,Good,275,C,337
27,1,3,1,1,4,0,1,1,1.8,Kuopio,Apartment,0,1,District heating,New,0,B,77
40,2,7,0,1,11,0,1,1,11.7,Vantaa,Apartment,0,1,District heating,Fair,0,B,116
61,2,2,0,1,51,0,1,1,1.2,Lahti,Apartment,0,1,District heating,Good,0,E,91
53,2,1,0,1,32,0,1,1,14.2,Espoo,Apartment,0,1,District heating,Good,0,D,154
48,3,1,0,1,35,0,1,2,7.0,Oulu,Apartment,0,0,District heating,Good,0,C,84
82,3,0,0,1,51,1,2,2,8.4,Espoo,Semi-detached house,0,0,District heating,Good,550,D,280
83,3,1,1,1,8,0,1,1,7.6,Helsinki,Apartment,0,0,District heating,Excellent,0,B,377
33,1,1,0,0,62,0,1,1,6.8,Helsinki,Apartment,0,1,District heating,Good,0,D,113
163,7,0,0,1,22,1,2,2,4.2,Turku,Semi-detached house,1,1,District heating,Good,695,D,354
50,2,4,0,1,38,0,1,1,2.4,Kuopio,Apartment,0,1,District heating,Fair,0,E,85
105,4,0,1,2,23,1,2,3,3.5,Jyväskylä,Detached house,1,0,Electric heating,Fair,1330,E,217
174,7,0,0,2,69,1,3,4,10.1,Pori,Detached house,1,1,Electric heating,Needs renovation,2890,G,136
117,5,0,1,1,9,0,2,2,10.1,Helsinki,Semi-detached house,1,1,District heating,Good,465,C,496
94,4,6,0,2,33,0,1,2,2.1,Tampere,Apartment,0,0,District heating,Fair,0,E,226
126,6,2,0,1,24,0,2,3,3.9,Helsinki,Apartment,0,1,District heating,Fair,0,C,481
41,1,0,0,1,29,0,1,1,5.1,Helsinki,Apartment,0,1,District heating,Fair,0,D,166
53,2,7,0,0,26,0,1,1,1.4,Tampere,Apartment,0,0,District heating,Good,0,C,151
151,6,0,0,1,95,1,3,3,3.8,Kuopio,Detached house,1,1,Air-source heat pump,Fair,2770,E,251
158,6,0,1,3,10,1,3,3,9.2,Kuopio,Detached house,1,1,Geothermal,Excellent,1650,B,272
37,1,1,1,1,11,0,1,1,3.9,Helsinki,Apartment,0,1,District heating,Fair,0,C,184
105,4,0,1,0,65,1,2,2,5.4,Tampere,Terraced house,0,1,District heating,Fair,435,F,219
97,4,1,0,2,22,0,1,1,2.9,Oulu,Apartment,0,0,District heating,Good,0,D,178
93,3,3,1,1,40,0,2,2,10.5,Vantaa,Apartment,0,1,District heating,Fair,0,D,193
60,3,6,1,0,12,0,1,1,4.6,Tampere,Apartment,0,1,District heating,Good,0,C,163
103,4,0,0,2,71,1,3,3,5.5,Helsinki,Detached house,1,1,Air-source heat pump,Excellent,755,F,450
72,3,0,0,2,15,0,1,2,7.7,Espoo,Terraced house,0,1,District heating,Excellent,175,B,272
40,2,0,0,1,60,0,1,1,1.5,Turku,Apartment,0,0,District heating,Fair,0,F,78
82,3,0,0,1,47,1,1,1,2.0,Tampere,Terraced house,0,1,District heating,Needs renovation,170,E,153
124,5,0,1,1,1,1,2,2,5.0,Turku,Detached house,1,1,Geothermal,New,625,A,361
59,2,2,0,1,4,0,1,1,2.7,Tampere,Apartment,1,1,Geothermal,Excellent,0,A,197
71,3,0,1,1,14,1,1,1,18.1,Espoo,Semi-detached house,0,1,Electric heating,Fair,880,C,321
100,4,0,0,1,38,1,2,2,1.6,Tampere,Terraced house,1,1,District heating,Good,275,D,292
119,5,3,0,1,1,0,2,3,8.4,Espoo,Apartment,0,1,District heating,Excellent,0,A,458
48,2,1,0,1,16,0,1,1,5.3,Oulu,Apartment,0,1,District heating,Fair,0,C,89
85,4,0,0,1,95,1,1,1,10.5,Espoo,Terraced house,0,1,District heating,Good,455,E,250
57,2,6,0,1,39,0,1,1,5.4,Vantaa,Apartment,0,1,District heating,Good,0,D,145
100,4,2,0,0,16,0,1,1,6.4,Helsinki,Apartment,0,1,District heating,Good,0,B,398
117,4,0,1,3,11,1,2,3,6.6,Kuopio,Detached house,0,1,Geothermal,Good,2630,C,247
31,1,2,0,1,15,0,1,1,2.4,Jyväskylä,Apartment,0,1,District heating,Good,0,B,78
93,3,1,1,1,57,0,1,2,7.4,Kuopio,Apartment,0,0,District heating,Needs renovation,0,F,81
75,4,1,1,0,25,0,1,1,1.6,Turku,Apartment,0,1,District heating,Good,0,B,174
40,2,1,0,1,55,0,1,1,2.6,Kuopio,Apartment,0,0,District heating,Needs renovation,0,E,49
117,4,3,1,1,3,0,2,2,1.9,Tampere,Apartment,0,1,District heating,Excellent,0,B,389
69,3,0,1,1,28,0,1,1,3.8,Oulu,Terraced house,0,0,Electric heating,Fair,160,D,120
132,5,0,1,2,17,1,2,3,14.3,Espoo,Detached house,1,1,Air-source heat pump,Needs renovation,1910,C,491
49,2,1,1,0,28,0,1,1,5.4,Helsinki,Apartment,0,0,District heating,Good,0,D,180
51,2,2,0,1,16,0,1,1,2.8,Helsinki,Apartment,0,1,Oil heating,Good,0,C,251
78,3,0,1,1,22,1,1,2,1.0,Oulu,Apartment,0,0,District heating,Excellent,0,C,181
122,5,0,0,1,38,1,2,2,5.1,Jyväskylä,Detached house,1,1,District heating,Needs renovation,760,D,167
114,5,0,1,1,39,0,2,2,3.6,Helsinki,Semi-detached house,0,1,Geothermal,Fair,335,D,468
75,3,2,0,1,57,0,1,2,25.5,Vantaa,Apartment,0,0,District heating,Fair,0,E,131
129,5,0,0,2,14,1,2,2,4.0,Turku,Terraced house,1,1,Air-source heat pump,Fair,395,C,269
56,3,3,1,0,30,0,1,1,4.1,Helsinki,Apartment,0,1,District heating,Needs renovation,0,E,203
87,4,0,0,1,46,1,1,1,3.9,Jyväskylä,Apartment,0,1,District heating,Fair,0,D,138
133,5,4,0,1,26,0,2,2,6.5,Espoo,Apartment,0,1,District heating,Needs renovation,0,D,330
93,4,5,0,1,1,0,1,1,5.8,Jyväskylä,Apartment,0,1,Geothermal,New,0,A,217
26,1,4,0,1,32,0,1,1,11.9,Vantaa,Apartment,0,1,District heating,Excellent,0,D,71
99,4,0,1,0,5,1,2,3,6.6,Espoo,Terraced house,0,1,Electric heating,Fair,560,C,447
38,2,2,1,0,19,0,1,1,5.5,Espoo,Apartment,0,1,District heating,Good,0,C,134
126,5,0,1,1,2,1,1,2,6.9,Espoo,Detached house,1,1,Electric heating,Excellent,1565,C,623
73,4,0,0,3,21,1,1,1,16.2,Espoo,Semi-detached house,0,0,Air-source heat pump,Good,530,D,276
98,4,0,0,1,9,1,1,2,5.0,Helsinki,Terraced house,0,0,Electric heating,Good,230,C,494
82,4,3,0,1,18,0,1,2,1.6,Kuopio,Apartment,0,1,District heating,Excellent,0,C,163
55,2,0,1,1,2,0,1,1,5.6,Vantaa,Apartment,0,1,Electric heating,New,0,A,163
89,3,0,1,1,60,0,1,1,2.3,Helsinki,Apartment,0,1,District heating,Fair,0,F,289
112,4,4,1,0,11,0,2,3,5.1,Tampere,Apartment,0,1,District heating,Good,0,C,303
28,1,3,0,0,36,0,1,1,3.5,Helsinki,Apartment,0,0,District heating,Fair,0,D,121
84,4,6,1,1,56,0,1,2,1.7,Turku,Apartment,0,1,Electric heating,Excellent,0,E,182
60,2,0,1,1,2,0,1,1,3.4,Helsinki,Apartment,0,0,District heating,New,0,A,325
90,4,0,1,1,23,0,1,1,4.5,Turku,Terraced house,1,1,Air-source heat pump,Good,300,C,217
114,3,0,1,1,78,1,2,2,19.3,Jyväskylä,Detached house,1,1,Wood heating,Fair,1720,G,133
119,5,0,1,1,5,1,2,3,8.0,Vantaa,Terraced house,1,1,Electric heating,Excellent,405,B,384
68,3,6,1,0,12,0,1,1,2.9,Tampere,Apartment,1,1,District heating,Fair,0,C,202
85,3,0,0,2,8,1,1,1,3.4,Tampere,Detached house,1,1,Electric heating,Good,555,C,253
40,2,2,0,1,3,0,1,1,7.0,Espoo,Apartment,0,1,District heating,Excellent,0,A,178
92,3,2,0,1,20,0,1,1,4.3,Helsinki,Apartment,0,0,District heating,Excellent,0,B,395
54,2,3,0,1,28,0,1,1,3.1,Helsinki,Apartment,0,1,District heating,Good,0,C,237
38,1,3,0,0,20,0,1,1,8.0,Helsinki,Apartment,0,1,District heating,Fair,0,C,137
76,3,2,0,1,13,0,2,3,9.8,Vantaa,Apartment,0,1,District heating,Good,0,C,197
138,6,0,1,2,4,1,2,3,13.6,Vantaa,Detached house,0,1,Air-source heat pump,Excellent,930,C,373
126,6,0,1,2,9,1,3,4,8.9,Espoo,Detached house,1,1,District heating,Good,1130,B,586
71,3,0,0,1,71,0,1,1,6.7,Oulu,Apartment,0,0,District heating,Needs renovation,0,G,69
43,2,2,0,0,34,0,1,1,5.9,Oulu,Apartment,0,1,District heating,Needs renovation,0,D,65
86,4,0,0,2,23,1,2,2,9.0,Turku,Semi-detached house,0,1,Air-source heat pump,Fair,565,B,156
35,1,4,0,1,50,0,1,1,1.5,Vantaa,Apartment,0,1,District heating,Fair,0,E,77
51,3,1,1,1,26,0,1,1,4.0,Jyväskylä,Apartment,0,0,District heating,Good,0,C,100
50,2,0,0,0,32,0,1,1,1.9,Jyväskylä,Apartment,0,1,District heating,Needs renovation,0,E,61
124,4,0,1,1,47,1,2,2,7.0,Jyväskylä,Semi-detached house,0,1,Electric heating,Fair,920,D,204
91,4,0,0,1,47,1,1,2,2.2,Jyväskylä,Apartment,0,1,District heating,Excellent,0,D,160
90,4,0,0,0,21,0,2,2,2.5,Tampere,Apartment,0,1,Air-source heat pump,Good,0,C,245
131,5,0,1,1,12,0,1,2,8.6,Espoo,Apartment,0,0,District heating,Excellent,0,B,404
54,2,9,1,1,55,0,1,1,7.6,Vantaa,Apartment,0,1,District heating,Excellent,0,E,128
45,2,2,0,0,53,0,1,1,3.3,Helsinki,Apartment,0,0,District heating,Good,0,E,159
93,3,4,0,1,95,0,1,1,6.2,Helsinki,Apartment,1,0,District heating,Needs renovation,0,F,226
81,3,0,1,2,10,1,1,1,20.5,Espoo,Detached house,1,1,Geothermal,Excellent,1135,B,307
65,3,0,0,1,24,1,1,1,5.5,Turku,Apartment,1,1,District heating,Excellent,0,C,157
57,3,2,0,1,5,0,1,1,1.6,Jyväskylä,Apartment,0,1,District heating,Good,0,B,141
55,2,1,0,1,29,0,1,1,6.0,Espoo,Apartment,0,1,Air-source heat pump,Fair,0,C,170
63,2,2,0,1,79,0,1,1,15.2,Vantaa,Apartment,0,1,Air-source heat pump,Good,0,F,115
79,3,0,0,2,13,1,1,1,8.3,Turku,Semi-detached house,0,1,District heating,Excellent,645,C,163
80,3,0,0,2,27,1,1,1,12.6,Espoo,Terraced house,0,0,Air-source heat pump,Fair,360,D,228
131,6,5,0,1,14,0,1,1,5.7,Helsinki,Apartment,0,1,District heating,Excellent,0,C,532
47,2,3,0,1,6,0,1,2,2.0,Helsinki,Apartment,0,1,District heating,Excellent,0,B,257
33,1,4,0,2,47,0,1,1,4.9,Helsinki,Apartment,0,0,District heating,Fair,0,F,145
67,3,1,1,1,51,0,1,1,0.9,Jyväskylä,Apartment,0,0,Oil heating,Needs renovation,0,F,99
85,4,0,0,1,35,1,1,1,17.3,Espoo,Terraced house,1,1,Air-source heat pump,Good,290,D,278
72,2,0,0,1,38,0,1,1,8.2,Espoo,Terraced house,1,1,Air-source heat pump,Needs renovation,160,E,212
92,4,0,1,1,20,1,2,2,11.5,Espoo,Detached house,0,1,Air-source heat pump,Good,1095,C,411
112,3,0,1,2,17,1,2,3,14.5,Jyväskylä,Detached house,1,1,Electric heating,Good,2085,D,186
36,2,1,0,0,22,0,1,1,2.5,Tampere,Apartment,0,0,District heating,Excellent,0,C,102
56,2,5,1,1,4,0,1,1,5.1,Vantaa,Apartment,0,0,District heating,Good,0,C,170
76,3,1,0,1,22,0,1,1,6.7,Espoo,Apartment,1,1,District heating,Needs renovation,0,C,243
62,3,0,0,1,72,0,1,1,5.7,Jyväskylä,Apartment,0,0,District heating,Needs renovation,0,F,80
73,3,0,1,2,19,1,2,2,7.2,Tampere,Terraced house,0,1,District heating,Fair,345,C,184
47,2,1,0,1,22,0,1,1,3.9,Helsinki,Apartment,0,1,District heating,Good,0,E,196
85,3,0,0,1,22,1,1,2,9.4,Turku,Detached house,0,0,Air-source heat pump,Fair,1075,D,194
95,5,0,0,1,33,0,1,1,12.7,Turku,Terraced house,0,1,Wood heating,Needs renovation,195,F,136
50,3,5,0,0,24,0,1,1,3.5,Tampere,Apartment,0,0,District heating,Needs renovation,0,D,127
112,4,1,0,1,70,0,1,1,1.6,Oulu,Apartment,0,1,District heating,Fair,0,F,168
65,3,1,1,1,40,0,1,1,4.9,Oulu,Apartment,0,0,Air-source heat pump,Good,0,D,109
63,2,1,0,0,20,0,1,1,2.6,Helsinki,Apartment,0,1,District heating,Fair,0,C,235
168,7,0,1,2,15,1,3,4,3.8,Oulu,Detached house,1,1,District heating,Fair,1375,B,311
32,1,1,0,0,39,0,1,1,3.6,Helsinki,Apartment,0,0,District heating,Excellent,0,C,120
61,3,3,1,0,13,0,1,1,12.1,Helsinki,Apartment,0,0,Electric heating,Good,0,C,197
56,3,2,0,0,35,0,1,1,4.2,Turku,Apartment,1,1,District heating,Good,0,D,110
97,4,0,1,2,5,1,2,3,5.5,Jyväskylä,Detached house,0,1,Geothermal,Excellent,2105,A,228
118,3,0,0,2,33,1,2,2,7.5,Turku,Detached house,0,1,Electric heating,Needs renovation,1280,F,203
93,4,4,1,1,0,0,2,2,11.1,Espoo,Apartment,0,1,District heating,Excellent,0,A,366
159,6,0,1,2,20,1,2,3,18.3,Espoo,Detached house,1,1,Electric heating,Excellent,3360,C,648
29,1,2,1,0,21,0,1,1,1.7,Jyväskylä,Apartment,0,0,District heating,Excellent,0,D,66
30,1,10,1,1,95,0,1,1,5.7,Espoo,Apartment,0,0,District heating,Fair,0,G,94
70,3,7,0,1,22,0,1,1,9.1,Helsinki,Apartment,0,0,Air-source heat pump,Good,0,C,269
135,4,4,0,1,28,0,2,2,9.6,Pori,Apartment,0,1,District heating,Good,0,C,129
101,4,0,1,2,5,1,2,2,15.6,Vantaa,Detached house,1,1,District heating,Good,1930,B,318
153,6,0,1,1,53,1,3,4,3.6,Tampere,Detached house,1,1,Oil heating,Needs renovation,815,F,259
100,4,0,0,2,38,1,1,1,6.8,Oulu,Detached house,0,1,Electric heating,Excellent,770,D,176
110,4,4,1,1,3,0,1,1,2.1,Tampere,Apartment,0,1,District heating,Good,0,A,343
79,2,0,0,1,34,0,1,1,25.2,Helsinki,Terraced house,0,0,District heating,Good,145,D,203
79,3,6,0,0,14,0,1,1,4.6,Espoo,Apartment,0,1,District heating,Fair,0,C,262
68,4,6,1,1,30,0,1,1,2.1,Turku,Apartment,0,1,District heating,Good,0,D,167
88,3,3,1,2,14,0,1,1,3.3,Helsinki,Apartment,0,1,District heating,Good,0,C,474
47,2,7,0,1,14,0,1,1,2.9,Helsinki,Apartment,0,1,District heating,Good,0,C,220
79,3,0,0,2,53,1,1,2,4.8,Jyväskylä,Terraced house,0,1,District heating,Fair,300,F,111
139,6,0,0,2,64,1,2,3,16.7,Jyväskylä,Detached house,1,1,Oil heating,Good,2940,F,155
111,4,0,0,2,45,1,1,1,8.6,Helsinki,Detached house,1,1,Electric heating,Needs renovation,745,E,395
45,2,1,0,1,32,0,1,1,7.5,Vantaa,Apartment,0,1,District heating,Needs renovation,0,D,88
27,1,2,1,0,6,0,1,1,10.9,Espoo,Apartment,0,1,District heating,Excellent,0,A,97
116,5,0,0,2,76,1,2,2,0.8,Helsinki,Detached house,1,1,Geothermal,Needs renovation,625,F,419
62,4,0,1,2,32,1,1,1,3.2,Tampere,Terraced house,0,0,District heating,Excellent,425,D,225
54,3,2,1,1,2,0,1,1,1.8,Tampere,Apartment,0,1,District heating,New,0,A,205
103,4,1,1,1,0,0,1,1,3.6,Espoo,Apartment,0,1,District heating,New,0,A,449
104,3,2,0,1,39,0,1,1,3.3,Turku,Apartment,0,0,District heating,Good,0,D,189
46,2,1,0,1,49,0,1,1,5.8,Espoo,Apartment,0,1,District heating,Fair,0,E,129
38,2,1,1,1,25,0,1,1,2.3,Tampere,Apartment,0,1,District heating,Good,0,D,123
104,5,0,0,1,62,1,2,2,9.9,Helsinki,Semi-detached house,1,1,Wood heating,Good,420,G,321
44,2,3,0,1,41,0,1,1,10.8,Espoo,Apartment,1,1,District heating,Excellent,0,D,135
68,3,7,0,1,63,0,1,1,2.4,Espoo,Apartment,0,1,District heating,Fair,0,F,217
33,1,2,1,0,31,0,1,1,6.3,Helsinki,Apartment,0,1,District heating,Fair,0,D,112
64,3,4,1,0,5,0,2,2,1.2,Helsinki,Apartment,0,1,District heating,Excellent,0,B,350
38,2,2,1,1,24,0,1,1,6.3,Jyväskylä,Apartment,0,1,District heating,Good,0,E,82
118,4,0,1,2,21,0,1,2,7.7,Turku,Apartment,0,0,District heating,Fair,0,C,186
99,3,1,0,0,21,0,2,2,1.2,Tampere,Apartment,1,1,District heating,Good,0,B,299
43,1,0,0,1,18,1,1,1,2.3,Jyväskylä,Apartment,0,0,District heating,Needs renovation,0,D,77
125,6,0,1,3,22,1,1,1,5.6,Tampere,Detached house,1,1,Electric heating,Good,985,D,380
155,5,0,0,1,34,1,3,4,2.7,Turku,Semi-detached house,1,1,Geothermal,Fair,1095,D,332
65,2,0,0,1,44,0,1,1,4.1,Jyväskylä,Apartment,0,0,District heating,Excellent,0,D,107
63,2,4,1,1,5,0,1,2,1.3,Turku,Apartment,0,1,District heating,Excellent,0,A,187
129,5,0,0,0,29,1,2,2,18.6,Oulu,Detached house,1,1,Electric heating,Fair,1650,D,155
108,4,2,0,1,31,0,2,3,18.2,Vantaa,Apartment,1,1,District heating,Good,0,C,223
74,3,5,0,0,18,0,2,3,2.2,Tampere,Apartment,0,1,District heating,Good,0,C,206
46,2,2,0,1,26,0,1,1,2.1,Tampere,Apartment,0,1,District heating,Good,0,D,137
67,3,2,1,0,47,0,1,1,3.4,Helsinki,Apartment,0,1,District heating,Good,0,C,260
88,4,0,0,1,44,1,1,1,7.1,Jyväskylä,Apartment,0,0,District heating,Excellent,0,C,127
156,6,0,0,2,63,1,2,3,3.1,Lahti,Semi-detached house,1,1,District heating,Needs renovation,725,F,185
109,4,0,1,2,0,1,2,2,5.9,Jyväskylä,Semi-detached house,1,0,Electric heating,Excellent,1340,B,241
29,1,6,1,0,95,0,1,1,4.1,Helsinki,Apartment,0,0,District heating,Fair,0,F,95
64,3,5,0,1,34,0,1,2,4.5,Jyväskylä,Apartment,1,1,District heating,Fair,0,D,119
64,3,0,0,1,36,0,1,1,7.3,Turku,Apartment,0,0,District heating,Good,0,D,114
119,5,0,1,0,14,1,1,2,5.3,Turku,Terraced house,0,1,District heating,Fair,450,D,274
101,4,0,0,3,35,1,1,1,10.8,Turku,Detached house,1,1,Air-source heat pump,Fair,1545,C,267
143,5,0,1,1,63,1,2,2,6.1,Espoo,Detached house,0,1,Air-source heat pump,Fair,830,E,460
40,1,2,0,0,64,0,1,1,7.5,Helsinki,Apartment,0,0,District heating,Fair,0,E,116
51,2,3,1,0,1,0,1,1,4.4,Lahti,Apartment,0,1,District heating,Excellent,0,B,95
55,2,0,0,1,0,0,1,1,4.7,Turku,Apartment,0,0,District heating,Excellent,0,C,128
69,3,0,0,1,19,0,1,2,11.1,Espoo,Apartment,0,1,District heating,Good,0,B,206
57,2,4,1,1,10,0,1,1,2.1,Espoo,Apartment,0,1,District heating,Good,0,C,235
80,4,0,1,1,30,1,1,2,6.9,Espoo,Terraced house,0,1,Air-source heat pump,Fair,320,D,277
95,5,0,1,1,51,1,3,3,8.4,Turku,Semi-detached house,1,1,Air-source heat pump,Needs renovation,680,E,154
112,3,6,1,1,0,0,2,2,6.1,Tampere,Apartment,0,1,District heating,Good,0,B,317
72,3,0,1,0,48,1,1,1,1.7,Helsinki,Apartment,1,1,District heating,Good,0,D,279
134,5,2,1,1,79,0,2,2,2.2,Helsinki,Apartment,0,1,District heating,Needs renovation,0,G,371
120,5,0,1,2,40,1,2,2,15.1,Vantaa,Semi-detached house,1,1,Electric heating,Good,1665,E,315
133,5,0,1,3,2,1,2,2,3.6,Turku,Detached house,1,1,Air-source heat pump,New,740,A,332
75,2,1,0,1,19,0,1,1,3.6,Espoo,Apartment,0,1,District heating,Good,0,C,257
39,2,1,1,1,44,0,1,1,2.9,Lahti,Apartment,0,1,District heating,Good,0,E,66
91,4,1,1,1,46,0,2,2,1.0,Turku,Apartment,0,1,District heating,Good,0,D,211
161,6,0,0,2,19,1,2,3,6.3,Turku,Detached house,1,1,Electric heating,Needs renovation,1860,E,298
194,8,0,1,3,19,1,3,4,22.2,Vantaa,Detached house,1,1,Geothermal,Fair,1465,C,385
61,2,2,0,1,52,0,1,1,7.1,Espoo,Apartment,0,1,District heating,Needs renovation,0,E,161
91,4,0,0,1,45,0,1,1,6.1,Helsinki,Semi-detached house,0,0,District heating,Needs renovation,415,E,302
54,2,0,0,1,28,0,1,1,1.9,Helsinki,Apartment,0,1,District heating,Needs renovation,0,D,221
53,2,5,0,1,15,0,1,1,13.2,Espoo,Apartment,0,1,District heating,Good,0,B,179
108,4,6,0,1,51,0,1,1,1.8,Kuopio,Apartment,0,0,District heating,Fair,0,E,166
91,4,1,0,1,74,0,2,3,2.0,Pori,Apartment,0,0,District heating,Good,0,F,91
113,4,5,1,0,0,0,2,2,2.3,Helsinki,Apartment,0,1,District heating,New,0,A,716
31,2,3,0,0,48,0,1,1,1.7,Turku,Apartment,0,1,District heating,Needs renovation,0,G,51
49,2,0,0,1,5,0,1,1,5.7,Oulu,Apartment,0,1,District heating,New,0,A,118
106,4,0,0,1,43,1,2,2,4.0,Espoo,Detached house,0,1,Wood heating,Excellent,1355,E,490
135,6,0,0,0,35,1,1,2,4.4,Pori,Semi-detached house,1,1,Oil heating,Good,1030,D,167
95,3,2,1,1,0,0,1,1,1.9,Helsinki,Apartment,1,0,District heating,New,0,A,548
59,3,2,1,0,27,0,1,1,5.3,Tampere,Apartment,0,1,District heating,Needs renovation,0,E,113
47,2,5,0,0,29,0,1,1,5.5,Oulu,Apartment,0,0,District heating,Good,0,C,81
42,2,1,0,0,42,0,1,1,1.8,Helsinki,Apartment,0,1,Electric heating,Good,0,E,165
21,1,4,1,0,21,0,1,1,4.7,Turku,Apartment,0,1,Electric heating,Good,0,C,52
34,2,2,0,0,81,0,1,1,11.3,Helsinki,Apartment,0,0,District heating,Fair,0,F,81
41,1,1,0,1,62,0,1,1,7.9,Lahti,Apartment,0,0,District heating,Good,0,F,51
73,3,2,1,1,2,0,1,1,1.1,Turku,Apartment,0,1,Air-source heat pump,Excellent,0,A,216
66,4,1,0,1,60,0,1,1,4.8,Espoo,Apartment,0,0,District heating,Needs renovation,0,G,136
115,5,1,1,0,4,0,1,1,2.8,Helsinki,Apartment,0,1,District heating,Excellent,0,A,591
83,4,1,0,0,37,0,2,2,6.9,Helsinki,Apartment,0,1,District heating,Needs renovation,0,E,277
222,8,0,1,1,13,1,3,4,14.4,Oulu,Detached house,1,1,Air-source heat pump,Good,1850,C,341
137,6,0,0,2,67,1,3,3,6.2,Kuopio,Semi-detached house,1,1,District heating,Excellent,1560,G,209
45,2,0,0,2,3,0,1,1,18.4,Tampere,Apartment,0,1,District heating,Good,0,C,97
36,2,1,1,0,25,0,1,1,3.5,Helsinki,Apartment,0,0,Geothermal,Fair,0,B,153
98,4,0,0,1,29,1,1,1,21.3,Espoo,Terraced house,1,1,Geothermal,Fair,825,D,286
78,3,7,1,1,13,0,1,1,7.5,Tampere,Apartment,0,1,Electric heating,Good,0,D,216
30,2,5,0,0,75,0,1,1,1.3,Helsinki,Apartment,0,1,Electric heating,Good,0,F,117
59,2,0,1,0,19,0,1,1,11.9,Vantaa,Apartment,0,1,District heating,Fair,0,C,119
60,2,0,0,1,28,0,1,1,3.9,Turku,Apartment,0,0,District heating,Fair,0,D,101
54,3,1,0,1,28,0,1,1,1.8,Tampere,Apartment,0,1,District heating,Good,0,C,153
61,2,6,1,1,56,0,1,1,3.8,Tampere,Apartment,0,1,District heating,Good,0,F,148
112,5,0,0,2,14,1,2,3,8.7,Helsinki,Terraced house,0,1,District heating,Excellent,455,B,508
35,2,1,0,0,31,0,1,1,1.8,Tampere,Apartment,0,0,District heating,Good,0,D,92
72,3,3,0,1,24,0,1,1,0.7,Jyväskylä,Apartment,0,1,District heating,Good,0,D,158
156,5,0,1,2,16,1,2,3,3.9,Jyväskylä,Detached house,1,1,Electric heating,Excellent,1810,B,337
69,3,0,1,1,52,1,2,2,7.3,Vantaa,Semi-detached house,1,1,Electric heating,Needs renovation,405,F,152
62,2,2,1,1,0,0,1,1,5.8,Kuopio,Apartment,0,1,District heating,New,0,A,138
52,3,2,0,0,5,0,1,1,2.2,Tampere,Apartment,0,0,District heating,Good,0,B,150
137,5,2,1,0,0,0,2,3,6.4,Helsinki,Apartment,1,1,District heating,New,0,A,684
136,5,0,1,3,38,1,2,2,27.1,Helsinki,Detached house,1,1,Air-source heat pump,Fair,1865,D,377
121,5,4,0,1,29,0,2,3,12.8,Lahti,Apartment,0,1,District heating,Good,0,C,136
81,4,7,0,1,35,0,1,2,5.0,Tampere,Apartment,0,0,District heating,Fair,0,D,205
32,2,0,1,0,74,1,1,1,19.8,Vantaa,Apartment,0,0,Air-source heat pump,Needs renovation,0,G,45
57,2,1,0,1,24,0,1,1,4.2,Kuopio,Apartment,0,1,District heating,Fair,0,C,105
96,5,0,1,2,66,1,3,3,2.7,Oulu,Terraced house,1,1,District heating,Fair,525,F,175
73,4,0,1,1,25,0,2,2,8.7,Oulu,Apartment,0,1,District heating,Fair,0,D,110
82,3,0,1,1,8,1,1,2,3.5,Oulu,Semi-detached house,1,1,District heating,Good,955,C,199
46,2,8,0,0,20,0,1,1,6.1,Helsinki,Apartment,0,1,District heating,Good,0,B,215
130,6,0,0,1,40,1,2,3,7.8,Oulu,Detached house,1,1,Electric heating,Needs renovation,1950,E,197
43,2,3,0,1,36,0,1,1,2.4,Helsinki,Apartment,0,1,District heating,Fair,0,B,194
146,7,0,1,2,24,1,2,2,3.0,Espoo,Detached house,0,1,Air-source heat pump,Good,1485,C,659
86,3,2,0,1,15,0,1,1,3.8,Lahti,Apartment,0,1,District heating,Excellent,0,D,135
111,5,0,0,2,29,1,2,2,21.2,Espoo,Detached house,0,1,Geothermal,Fair,1355,D,330
83,4,0,1,0,34,1,2,2,5.1,Lahti,Terraced house,0,1,Electric heating,Needs renovation,470,F,98
35,1,4,0,1,28,0,1,1,12.3,Espoo,Apartment,0,0,District heating,Good,0,C,134
61,2,1,1,0,42,0,1,1,4.2,Espoo,Apartment,0,1,District heating,Fair,0,D,183
72,2,1,1,1,37,0,1,1,2.2,Oulu,Apartment,0,1,District heating,Needs renovation,0,C,111
79,3,0,1,0,36,1,1,1,22.0,Vantaa,Terraced house,1,1,Electric heating,Excellent,290,E,160
150,5,0,0,2,19,1,2,3,7.2,Jyväskylä,Detached house,1,1,Electric heating,Good,795,D,238
105,3,0,0,2,54,1,2,2,3.7,Tampere,Semi-detached house,0,0,Air-source heat pump,Fair,545,F,264
84,4,0,1,1,0,0,2,3,4.1,Lahti,Semi-detached house,1,1,District heating,Good,280,C,173
105,4,0,1,2,23,0,3,4,11.8,Vantaa,Detached house,1,0,Wood heating,Good,1005,D,284
57,2,1,0,0,41,0,1,1,3.0,Turku,Apartment,0,0,Air-source heat pump,Good,0,C,105
210,7,0,0,2,43,1,3,4,13.4,Vantaa,Detached house,1,1,Oil heating,Needs renovation,1895,E,465
45,2,4,0,1,33,0,1,1,7.4,Espoo,Apartment,0,1,District heating,Good,0,D,146
97,5,0,1,2,66,1,2,2,4.3,Tampere,Semi-detached house,0,1,Geothermal,Needs renovation,835,E,229
90,3,0,1,2,24,1,1,1,13.6,Espoo,Terraced house,1,1,Air-source heat pump,Fair,650,C,384
68,3,6,1,1,12,0,1,1,1.7,Jyväskylä,Apartment,0,1,Air-source heat pump,Excellent,0,A,154
58,3,0,0,1,63,0,2,2,1.8,Kuopio,Apartment,0,0,Electric heating,Fair,0,F,78
108,4,8,0,1,39,0,1,1,8.3,Vantaa,Apartment,0,1,District heating,Good,0,E,235
122,5,0,1,1,29,1,2,2,6.3,Espoo,Terraced house,0,1,District heating,Excellent,425,C,443
35,2,1,0,0,90,0,1,1,4.3,Helsinki,Apartment,0,0,District heating,Good,0,E,115
62,3,2,1,0,1,0,1,1,5.5,Helsinki,Apartment,0,1,District heating,Fair,0,B,305
81,4,0,0,2,95,1,1,1,11.6,Espoo,Detached house,1,1,Air-source heat pump,Good,1580,F,322
99,4,0,0,1,47,1,1,1,10.9,Jyväskylä,Detached house,0,1,Electric heating,Good,1790,D,176
72,3,6,1,1,68,0,1,1,6.9,Espoo,Apartment,0,1,District heating,Needs renovation,0,F,157
61,2,0,1,1,26,1,1,1,3.7,Lahti,Terraced house,0,1,Air-source heat pump,Good,400,C,95
114,5,2,0,1,13,0,2,2,9.6,Tampere,Apartment,0,1,District heating,Needs renovation,0,B,222
100,3,1,1,1,1,0,1,1,4.5,Jyväskylä,Apartment,0,1,District heating,New,0,B,249
53,2,0,0,0,49,0,1,1,2.3,Tampere,Apartment,0,0,District heating,Good,0,E,111
164,6,0,1,2,8,1,2,3,4.0,Turku,Detached house,1,1,Air-source heat pump,Fair,1390,C,378
110,4,4,1,1,5,0,2,2,5.9,Turku,Apartment,1,1,District heating,Excellent,0,B,267
231,9,0,1,2,9,1,3,3,8.9,Oulu,Detached house,1,1,Electric heating,Fair,3410,C,530
51,2,2,1,0,53,0,1,1,2.1,Helsinki,Apartment,0,0,District heating,Good,0,E,201
110,3,3,1,1,4,0,2,2,3.8,Tampere,Apartment,0,1,District heating,New,0,A,366
61,2,2,0,0,34,0,1,1,1.6,Turku,Apartment,0,1,District heating,Good,0,D,132
127,5,0,1,1,18,1,2,3,5.9,Jyväskylä,Semi-detached house,1,1,Air-source heat pump,Needs renovation,555,C,196
175,6,0,0,1,16,1,3,5,12.1,Kuopio,Detached house,1,1,Wood heating,Good,935,D,239
180,7,0,1,3,57,1,3,3,4.7,Turku,Detached house,1,1,Electric heating,Needs renovation,1015,E,285
55,2,4,0,1,2,0,1,1,4.0,Vantaa,Apartment,0,1,District heating,New,0,B,201
72,3,2,1,1,27,0,1,1,17.7,Espoo,Apartment,0,1,District heating,Needs renovation,0,D,160
74,3,0,0,1,46,1,1,1,5.9,Jyväskylä,Terraced house,0,1,District heating,Fair,480,E,158
97,3,0,1,3,2,1,3,3,12.3,Jyväskylä,Detached house,0,1,Geothermal,Excellent,1470,B,201
122,5,1,1,1,10,0,2,2,2.2,Oulu,Apartment,0,1,District heating,Excellent,0,C,299
138,5,0,1,2,17,1,3,4,8.2,Kuopio,Semi-detached house,1,1,Electric heating,Good,765,D,228
60,3,4,0,0,21,0,2,2,1.9,Tampere,Apartment,0,1,District heating,Good,0,C,182
47,2,4,0,0,36,0,1,1,5.0,Espoo,Apartment,0,1,Electric heating,Good,0,D,148
51,3,10,0,1,89,0,1,1,2.9,Helsinki,Apartment,0,0,District heating,Good,0,F,215
36,2,2,0,1,31,0,1,1,2.8,Helsinki,Apartment,0,1,District heating,Fair,0,D,172
118,5,0,0,2,77,1,2,2,5.6,Turku,Detached house,0,1,District heating,Good,1035,F,201
116,5,0,0,1,39,0,2,2,15.3,Espoo,Apartment,1,1,Air-source heat pump,Fair,0,D,222
65,2,5,1,1,40,0,1,1,5.4,Vantaa,Apartment,0,1,District heating,Good,0,F,158
50,3,2,0,1,42,0,1,1,2.9,Helsinki,Apartment,0,0,Air-source heat pump,Good,0,D,215
121,4,3,1,1,18,0,1,1,2.3,Tampere,Apartment,1,1,District heating,Good,0,C,330
55,2,6,0,0,55,0,1,1,5.0,Vantaa,Apartment,0,1,District heating,Needs renovation,0,F,98
21,1,6,1,0,42,0,1,1,2.0,Helsinki,Apartment,0,0,District heating,Fair,0,C,88
92,4,0,1,3,11,1,2,2,6.5,Pori,Detached house,1,1,Electric heating,Fair,780,D,105
70,3,0,0,1,14,1,2,2,10.5,Helsinki,Terraced house,1,0,District heating,Excellent,560,B,365
66,3,0,0,1,43,1,1,1,5.5,Oulu,Terraced house,1,0,Electric heating,Good,385,E,119
96,4,4,0,1,4,0,1,1,2.8,Tampere,Apartment,0,1,District heating,New,0,B,298
137,4,0,0,2,34,1,2,3,5.1,Pori,Detached house,0,1,Oil heating,Fair,1975,F,152
62,2,2,0,0,52,0,1,1,2.8,Helsinki,Apartment,1,1,District heating,Good,0,E,244
65,2,4,1,1,6,0,1,1,3.3,Kuopio,Apartment,0,1,District heating,Good,0,B,140
45,2,5,0,1,27,0,1,1,1.1,Kuopio,Apartment,1,1,District heating,Excellent,0,D,99
96,4,0,1,1,15,1,2,3,12.0,Espoo,Detached house,0,1,Electric heating,Good,1240,B,395
123,4,0,1,2,3,1,2,2,8.4,Helsinki,Semi-detached house,0,1,District heating,Good,790,B,666
147,6,0,1,2,6,1,2,2,1.8,Turku,Terraced house,1,1,Geothermal,Excellent,320,A,405
55,2,3,1,1,13,0,1,1,4.3,Helsinki,Apartment,0,1,District heating,Fair,0,B,232
135,5,0,0,1,1,1,2,2,7.3,Oulu,Detached house,1,1,Electric heating,New,1650,A,329
80,3,4,0,0,37,0,1,1,2.8,Oulu,Apartment,0,1,District heating,Good,0,D,149
45,1,0,1,1,9,1,1,1,1.4,Helsinki,Apartment,0,0,District heating,Excellent,0,B,266
92,4,0,1,1,63,1,2,3,8.2,Espoo,Terraced house,1,1,Wood heating,Good,390,F,313
63,2,0,0,1,39,0,1,1,2.2,Tampere,Apartment,0,1,Geothermal,Good,0,D,160
99,3,1,0,0,43,0,2,2,4.2,Turku,Apartment,0,1,District heating,Good,0,D,191
83,3,0,0,2,22,1,2,2,4.8,Lahti,Terraced house,1,1,Geothermal,Fair,355,B,138
63,2,0,0,1,14,1,1,1,3.5,Helsinki,Apartment,1,0,District heating,Excellent,0,C,290
41,2,0,1,1,7,0,1,1,11.3,Espoo,Apartment,0,1,District heating,Excellent,0,B,139
72,3,0,0,2,14,1,1,1,12.8,Jyväskylä,Detached house,0,1,Geothermal,Good,1585,C,150
119,4,5,0,2,6,0,2,2,1.8,Tampere,Apartment,0,1,Geothermal,Good,0,B,366
65,3,1,0,0,53,0,1,1,13.3,Espoo,Apartment,0,0,District heating,Good,0,E,158
92,3,5,1,0,5,0,2,3,2.2,Helsinki,Apartment,0,1,District heating,Excellent,0,B,477
121,5,5,0,1,37,0,2,2,2.5,Helsinki,Apartment,0,1,District heating,Good,0,D,510
77,3,0,1,1,25,0,1,1,8.9,Tampere,Apartment,0,1,District heating,Good,0,C,178
84,4,4,0,1,14,0,2,2,3.2,Jyväskylä,Apartment,0,1,District heating,Excellent,0,B,190
106,4,4,1,1,2,0,1,1,2.6,Tampere,Apartment,0,1,District heating,New,0,B,361
56,3,0,1,1,28,1,1,2,3.5,Vantaa,Apartment,0,1,District heating,Good,0,D,152
50,2,2,0,0,22,0,1,1,2.0,Lahti,Apartment,0,1,District heating,Fair,0,B,80
51,3,1,0,1,40,0,1,1,7.5,Helsinki,Apartment,0,1,District heating,Needs renovation,0,D,156
45,2,3,0,1,29,0,1,1,2.2,Tampere,Apartment,0,1,District heating,Excellent,0,D,133
49,2,3,1,0,14,0,1,1,4.6,Espoo,Apartment,0,1,District heating,Excellent,0,C,193
138,5,0,0,2,37,1,2,3,2.8,Pori,Detached house,1,1,Air-source heat pump,Needs renovation,1270,E,137
62,2,8,1,1,17,0,1,1,1.7,Helsinki,Apartment,0,1,District heating,Excellent,0,B,342
61,2,2,0,0,82,0,1,1,16.5,Oulu,Apartment,0,0,District heating,Good,0,F,66
182,7,0,0,1,32,1,3,3,2.7,Jyväskylä,Detached house,1,1,Electric heating,Good,1355,E,338
66,3,2,1,1,11,0,1,2,3.0,Helsinki,Apartment,0,1,District heating,Good,0,C,314
48,2,0,0,0,43,0,1,1,3.6,Helsinki,Apartment,0,1,District heating,Fair,0,E,138
60,2,1,1,1,7,0,1,1,4.8,Lahti,Apartment,0,1,District heating,Excellent,0,B,111
71,3,6,1,1,12,0,1,2,1.8,Oulu,Apartment,1,1,District heating,Good,0,B,176
118,5,2,0,0,63,0,2,2,8.7,Lahti,Apartment,1,0,District heating,Good,0,F,124
74,3,2,0,1,6,0,1,1,6.3,Vantaa,Apartment,0,1,District heating,Excellent,0,C,203
93,3,0,0,2,1,1,2,2,11.3,Lahti,Detached house,0,1,Geothermal,New,1530,A,168
45,3,3,0,0,50,0,1,1,7.7,Espoo,Apartment,0,1,District heating,Fair,0,E,119
56,2,1,1,0,49,0,1,1,4.8,Helsinki,Apartment,0,1,District heating,Fair,0,E,188
54,2,1,1,0,16,0,1,1,2.1,Tampere,Apartment,0,1,District heating,Fair,0,D,146
115,4,0,1,1,40,1,1,1,15.3,Vantaa,Terraced house,1,0,District heating,Needs renovation,380,D,221
43,1,1,0,0,51,0,1,1,4.4,Tampere,Apartment,0,0,District heating,Fair,0,E,86
93,5,0,1,1,9,1,1,1,14.2,Vantaa,Terraced house,1,0,District heating,Excellent,315,C,278
59,2,4,0,1,36,0,1,1,3.5,Helsinki,Apartment,0,1,District heating,Fair,0,E,233
91,4,2,1,1,26,0,1,1,9.3,Jyväskylä,Apartment,0,0,Geothermal,Excellent,0,C,150
50,2,0,0,1,36,1,1,1,2.2,Turku,Apartment,0,1,Electric heating,Fair,0,E,109
114,6,0,0,2,32,1,1,2,15.8,Vantaa,Terraced house,0,1,District heating,Good,445,D,235
49,2,0,0,0,2,0,1,1,1.4,Oulu,Apartment,0,0,District heating,New,0,A,125
125,5,0,0,2,37,1,3,4,6.5,Turku,Detached house,0,1,Geothermal,Good,1685,D,344
27,1,3,0,0,27,0,1,1,2.4,Helsinki,Apartment,0,1,District heating,Good,0,D,124
48,2,6,1,1,10,0,1,1,4.1,Vantaa,Apartment,0,1,District heating,Needs renovation,0,D,132
55,3,5,1,1,3,0,1,1,2.9,Jyväskylä,Apartment,0,1,District heating,Excellent,0,C,144
82,2,0,0,1,47,0,1,1,3.0,Helsinki,Apartment,0,1,District heating,Needs renovation,0,F,289
84,3,0,1,1,3,0,1,1,1.7,Oulu,Apartment,0,1,District heating,New,0,B,223
54,3,2,0,1,38,0,1,1,3.8,Vantaa,Apartment,0,1,District heating,Fair,0,D,139
85,3,4,1,1,3,0,1,1,2.8,Jyväskylä,Apartment,0,1,District heating,Excellent,0,B,194
76,3,0,0,2,36,1,2,2,5.0,Helsinki,Terraced house,0,1,District heating,Good,485,D,333
63,3,0,0,1,27,0,1,1,6.8,Espoo,Apartment,0,1,Electric heating,Needs renovation,0,E,151
73,4,1,0,1,37,0,1,1,2.1,Tampere,Apartment,0,0,District heating,Excellent,0,D,201
106,4,0,1,1,41,1,2,2,3.5,Tampere,Detached house,0,1,Air-source heat pump,Fair,1335,D,343
145,5,0,0,2,86,1,2,3,16.7,Tampere,Detached house,0,1,Oil heating,Needs renovation,785,G,169
90,4,1,0,1,24,0,1,1,2.2,Helsinki,Apartment,0,1,District heating,Good,0,B,381
106,4,0,0,1,26,1,2,2,14.9,Vantaa,Detached house,1,1,Air-source heat pump,Good,2790,C,335
50,2,2,1,0,5,0,1,1,3.6,Helsinki,Apartment,0,1,Air-source heat pump,Excellent,0,A,261
61,4,2,1,1,5,0,1,1,1.6,Jyväskylä,Apartment,0,1,District heating,Excellent,0,A,158
62,2,2,1,0,28,0,1,1,1.8,Helsinki,Apartment,0,0,District heating,Good,0,D,251
122,5,0,1,2,32,0,2,2,12.9,Vantaa,Terraced house,1,1,Electric heating,Good,330,C,304
74,2,1,0,1,35,0,1,1,2.8,Turku,Apartment,0,1,Electric heating,Good,0,D,149
59,3,0,0,1,40,0,1,1,2.5,Tampere,Apartment,0,1,District heating,Fair,0,D,157
85,3,1,1,0,1,0,2,2,15.2,Vantaa,Apartment,1,1,Air-source heat pump,New,0,B,240
120,5,0,0,1,33,1,3,4,25.2,Vantaa,Detached house,1,1,Air-source heat pump,Excellent,2715,D,306
66,3,1,1,1,5,0,1,1,1.7,Espoo,Apartment,0,0,Air-source heat pump,Excellent,0,B,297
81,3,0,1,2,51,1,2,2,2.7,Kuopio,Detached house,1,1,Wood heating,Excellent,1285,E,154
59,2,1,0,1,41,0,1,1,4.1,Helsinki,Apartment,0,1,District heating,Needs renovation,0,D,182
71,3,3,0,1,22,0,1,1,1.7,Oulu,Apartment,0,0,District heating,Fair,0,B,156
106,4,0,1,1,36,1,2,2,5.4,Lahti,Terraced house,0,1,Wood heating,Fair,335,F,127
36,1,2,1,0,33,0,1,1,8.0,Espoo,Apartment,0,1,District heating,Good,0,D,109
66,2,0,1,1,3,0,1,2,3.1,Helsinki,Apartment,0,1,District heating,New,0,A,337
157,6,0,1,2,9,1,2,3,3.2,Kuopio,Semi-detached house,1,1,District heating,Good,865,D,297
51,2,3,0,1,32,0,1,1,2.0,Tampere,Apartment,1,0,District heating,Needs renovation,0,D,126
66,4,9,1,1,5,0,1,1,8.6,Helsinki,Apartment,0,1,Electric heating,Good,0,C,317
75,4,1,0,1,70,0,1,1,1.6,Oulu,Apartment,0,1,District heating,Needs renovation,0,G,106
62,2,5,1,1,2,0,1,2,3.6,Turku,Apartment,0,1,District heating,New,0,A,188
184,8,0,1,2,26,1,3,5,4.2,Oulu,Detached house,1,0,Air-source heat pump,Good,1730,C,367
45,2,1,0,1,51,0,1,1,3.7,Tampere,Apartment,0,1,District heating,Needs renovation,0,F,107
79,2,7,0,1,24,0,1,1,14.2,Helsinki,Apartment,0,0,District heating,Needs renovation,0,D,202
105,3,2,0,0,23,0,1,1,5.9,Tampere,Apartment,0,1,District heating,Good,0,B,235
77,4,7,0,1,3,0,1,1,6.7,Espoo,Apartment,0,1,District heating,Good,0,B,304
42,1,3,0,1,9,0,1,1,4.1,Espoo,Apartment,0,1,District heating,Fair,0,C,159
87,4,0,1,2,4,1,1,1,3.9,Tampere,Terraced house,1,1,Electric heating,Excellent,385,B,277
76,4,3,0,1,43,0,1,1,3.3,Lahti,Apartment,1,0,Electric heating,Needs renovation,0,E,76
39,1,1,0,1,37,0,1,1,2.4,Oulu,Apartment,0,0,District heating,Good,0,E,87
76,4,2,1,1,0,0,1,1,1.6,Jyväskylä,Apartment,0,1,District heating,Excellent,0,B,200
74,4,1,1,0,21,0,1,1,2.7,Tampere,Apartment,0,1,District heating,Good,0,D,192
153,6,0,0,2,61,1,2,2,10.8,Helsinki,Semi-detached house,1,1,Air-source heat pump,Fair,590,F,513
55,2,1,1,0,37,0,1,1,5.6,Helsinki,Apartment,1,1,District heating,Good,0,D,220
87,3,3,1,0,21,0,1,1,2.4,Helsinki,Apartment,0,0,District heating,Good,0,C,375
45,2,3,0,0,29,0,1,1,4.0,Helsinki,Apartment,0,0,Air-source heat pump,Excellent,0,C,187
225,9,0,0,2,29,1,3,4,20.3,Espoo,Detached house,1,1,Electric heating,Good,1340,D,626
123,5,0,0,2,69,1,1,2,4.8,Lahti,Terraced house,1,1,Oil heating,Needs renovation,435,G,111
48,2,5,1,0,30,0,1,1,2.8,Helsinki,Apartment,0,1,Electric heating,Good,0,D,197
55,2,1,0,0,27,0,1,1,5.1,Tampere,Apartment,0,1,District heating,Good,0,C,132
53,2,4,0,1,5,0,1,1,4.5,Helsinki,Apartment,0,1,District heating,Good,0,B,290
114,5,0,1,1,32,1,2,3,13.4,Oulu,Detached house,1,1,District heating,Good,1290,C,194
63,2,2,1,0,30,0,1,1,3.0,Helsinki,Apartment,0,1,District heating,Excellent,0,D,261
75,2,0,0,0,47,0,1,1,1.8,Tampere,Apartment,0,1,District heating,Excellent,0,D,169
51,2,3,1,0,4,0,1,1,10.9,Tampere,Apartment,0,1,District heating,Good,0,B,138
123,6,2,0,1,84,0,2,3,1.9,Turku,Apartment,1,0,District heating,Needs renovation,0,F,234
70,3,0,0,0,41,0,1,1,2.8,Pori,Apartment,0,1,District heating,Needs renovation,0,F,49
42,2,2,1,1,1,0,1,1,5.5,Tampere,Apartment,0,1,District heating,New,0,A,143
106,3,8,0,1,20,0,1,2,2.2,Helsinki,Apartment,0,1,District heating,Good,0,C,525
111,4,0,0,1,0,1,2,3,7.1,Turku,Terraced house,1,1,District heating,New,270,A,285
44,2,8,1,1,40,0,1,1,2.4,Oulu,Apartment,0,1,District heating,Fair,0,E,85
126,5,0,1,2,26,0,3,4,8.7,Turku,Semi-detached house,1,0,District heating,Good,375,C,214
106,5,0,0,1,41,1,2,2,3.2,Jyväskylä,Semi-detached house,0,0,District heating,Good,735,D,214
46,2,1,0,1,81,0,1,1,5.0,Helsinki,Apartment,0,1,Electric heating,Good,0,G,170
76,2,3,1,1,7,0,1,1,20.6,Espoo,Apartment,0,0,District heating,Fair,0,C,174
146,5,0,1,1,15,1,3,3,8.2,Turku,Semi-detached house,1,1,District heating,Fair,790,C,336
43,2,4,1,0,60,0,1,1,5.8,Turku,Apartment,0,1,Electric heating,Fair,0,F,77
119,5,3,0,1,34,0,2,2,4.2,Helsinki,Apartment,0,0,District heating,Fair,0,E,388
64,2,3,0,0,20,0,1,2,6.3,Espoo,Apartment,0,1,District heating,Needs renovation,0,D,165
47,2,2,1,1,17,0,1,1,0.6,Tampere,Apartment,0,0,District heating,Good,0,C,158
103,4,0,0,2,18,1,1,1,5.5,Vantaa,Detached house,0,1,Wood heating,Good,745,D,279
67,3,10,0,0,49,0,1,1,1.6,Helsinki,Apartment,0,0,District heating,Good,0,D,278
65,3,5,0,1,31,0,1,1,2.7,Turku,Apartment,0,1,District heating,Good,0,D,149
147,7,0,0,3,30,1,1,2,7.2,Lahti,Detached house,1,1,Wood heating,Fair,2105,D,200
58,2,6,0,1,8,0,1,1,6.8,Helsinki,Apartment,0,1,District heating,Excellent,0,C,280
30,2,0,1,0,0,0,1,1,1.4,Helsinki,Apartment,0,1,District heating,Excellent,0,B,177
81,4,0,1,2,5,1,1,1,11.2,Lahti,Terraced house,0,1,Air-source heat pump,Good,360,B,121
57,2,1,0,1,43,0,1,1,10.7,Oulu,Apartment,1,1,District heating,Good,0,D,86
87,3,0,0,2,13,0,1,1,6.4,Turku,Detached house,1,1,Geothermal,Fair,1035,B,251
112,5,2,1,1,20,0,2,2,10.1,Espoo,Apartment,0,0,District heating,Good,0,C,384
96,4,4,0,1,20,0,1,2,24.5,Vantaa,Apartment,0,0,District heating,Good,0,C,169
27,1,2,0,0,15,0,1,1,6.9,Espoo,Apartment,0,0,District heating,Needs renovation,0,D,80
143,5,0,1,0,75,1,1,1,17.2,Vantaa,Detached house,1,1,Electric heating,Excellent,2810,F,267
54,3,4,0,1,3,0,1,1,5.3,Espoo,Apartment,0,1,Electric heating,Good,0,B,218
44,1,0,0,1,38,0,1,1,6.1,Lahti,Apartment,0,0,District heating,Good,0,C,58
61,3,3,1,1,31,0,1,1,6.1,Jyväskylä,Apartment,0,1,District heating,Good,0,C,113
47,2,2,1,0,10,0,1,1,10.8,Helsinki,Apartment,0,1,District heating,Fair,0,B,155
98,4,0,1,2,2,1,1,1,5.6,Espoo,Semi-detached house,1,1,Geothermal,New,705,A,509
127,6,0,0,1,32,1,1,2,6.1,Lahti,Detached house,1,1,Air-source heat pump,Good,920,D,174
88,4,0,1,1,19,1,2,2,11.2,Espoo,Terraced house,1,1,District heating,Needs renovation,440,C,312
40,1,3,1,0,8,0,1,1,2.9,Kuopio,Apartment,0,1,District heating,Excellent,0,A,94
50,2,1,0,1,39,0,1,1,2.8,Jyväskylä,Apartment,0,1,District heating,Good,0,D,108
46,2,2,0,1,42,0,1,1,5.2,Helsinki,Apartment,0,1,District heating,Excellent,0,D,190
90,4,2,0,1,10,0,1,1,1.5,Lahti,Apartment,0,1,District heating,Good,0,B,161
60,2,0,0,1,18,0,1,1,9.3,Helsinki,Apartment,0,1,District heating,Good,0,D,214
57,2,2,1,1,67,0,1,1,2.0,Helsinki,Apartment,0,1,District heating,Fair,0,F,186
68,3,3,0,0,61,0,1,1,7.6,Helsinki,Apartment,0,0,District heating,Fair,0,E,180
104,4,1,0,1,4,0,2,2,2.4,Turku,Apartment,0,1,District heating,New,0,B,270
84,4,2,0,1,61,0,2,2,4.5,Helsinki,Apartment,0,1,District heating,Fair,0,F,318
107,5,0,0,2,36,1,1,1,8.0,Lahti,Detached house,1,0,Electric heating,Good,1385,E,156
119,4,1,1,1,5,0,1,2,3.9,Helsinki,Apartment,0,1,District heating,Excellent,0,B,558
50,2,0,0,1,64,0,1,1,8.7,Tampere,Apartment,0,0,District heating,Needs renovation,0,F,87
98,5,0,1,2,20,1,2,2,13.5,Espoo,Terraced house,1,1,Electric heating,Good,590,D,348
78,3,3,1,1,5,0,2,2,1.2,Lahti,Apartment,1,1,District heating,Excellent,0,A,164
126,6,0,0,1,44,1,2,3,5.5,Jyväskylä,Detached house,1,1,Electric heating,Needs renovation,1935,F,204
131,5,0,1,2,75,1,2,3,4.1,Pori,Detached house,1,1,District heating,Fair,675,F,163
39,2,7,0,0,20,0,1,1,6.3,Espoo,Apartment,0,1,District heating,Good,0,B,145
55,2,0,0,1,33,0,1,1,13.7,Vantaa,Apartment,0,1,District heating,Fair,0,D,116
108,4,0,0,1,2,0,1,1,1.7,Jyväskylä,Apartment,1,1,District heating,Excellent,0,B,244
87,3,2,1,1,16,0,1,1,2.3,Oulu,Apartment,0,1,District heating,Good,0,C,172
117,5,0,1,2,2,1,2,2,10.2,Kuopio,Detached house,0,1,District heating,New,2570,B,240
89,4,0,0,1,20,1,2,2,8.8,Turku,Terraced house,1,1,District heating,Excellent,180,C,178
68,3,1,1,1,9,0,2,2,2.2,Helsinki,Apartment,0,0,District heating,Good,0,C,297
101,4,0,1,2,34,1,1,1,9.9,Pori,Detached house,0,1,Geothermal,Excellent,1165,C,105
188,7,0,0,2,50,1,2,2,10.2,Tampere,Detached house,1,1,Electric heating,Good,1260,E,399
58,3,1,0,1,22,0,1,1,3.4,Lahti,Apartment,1,1,Electric heating,Good,0,C,93
130,6,0,1,2,30,1,2,2,7.3,Jyväskylä,Detached house,1,1,Air-source heat pump,Fair,1625,D,272
126,5,0,1,1,4,1,2,3,6.8,Helsinki,Semi-detached house,1,1,Electric heating,Fair,325,B,580
129,3,0,0,1,18,1,2,2,5.0,Tampere,Apartment,1,1,District heating,Good,0,C,315
89,4,1,0,1,16,0,1,1,8.7,Vantaa,Apartment,1,1,District heating,Excellent,0,B,247
113,5,0,1,3,19,1,2,3,12.1,Vantaa,Detached house,0,1,Electric heating,Good,1065,C,292
48,2,0,0,1,18,0,1,1,1.9,Kuopio,Apartment,0,1,Electric heating,Good,0,C,96
108,4,0,0,2,10,1,1,2,17.6,Oulu,Detached house,1,1,Geothermal,Good,2075,C,176
57,2,1,1,1,18,0,1,1,5.3,Vantaa,Apartment,0,1,Electric heating,Needs renovation,0,C,124
88,4,0,0,2,27,1,2,2,7.5,Tampere,Detached house,0,1,Air-source heat pump,Good,1805,B,285
162,5,0,0,2,16,1,3,4,5.3,Jyväskylä,Detached house,1,1,Geothermal,Good,2025,C,331
106,4,0,0,1,95,0,2,2,0.8,Tampere,Terraced house,0,1,District heating,Needs renovation,345,G,214
123,5,0,0,2,17,1,2,2,4.2,Lahti,Detached house,0,1,Air-source heat pump,Fair,765,C,202
62,2,3,0,0,26,0,1,1,3.4,Helsinki,Apartment,0,1,District heating,Fair,0,D,216
128,4,0,0,2,30,0,2,3,4.2,Pori,Detached house,1,1,Oil heating,Fair,1060,E,136
67,4,1,1,1,32,0,1,1,1.2,Lahti,Apartment,0,0,Electric heating,Needs renovation,0,D,97
48,2,0,1,1,11,0,1,1,6.0,Espoo,Apartment,0,1,Geothermal,Good,0,B,199
76,3,1,1,1,16,0,2,3,2.1,Tampere,Apartment,0,1,District heating,Good,0,D,230
27,1,2,0,0,77,0,1,1,4.3,Tampere,Apartment,0,0,District heating,Needs renovation,0,F,50
63,3,6,1,0,5,0,1,1,2.9,Helsinki,Apartment,0,1,District heating,Excellent,0,B,317
56,2,3,1,1,33,0,1,1,10.4,Vantaa,Apartment,0,1,District heating,Good,0,C,136
80,3,1,0,0,14,0,1,2,2.6,Helsinki,Apartment,0,1,Electric heating,Needs renovation,0,D,296
141,6,0,1,2,11,0,2,3,5.3,Tampere,Detached house,1,1,District heating,Excellent,1055,B,463
67,2,3,1,0,20,0,1,1,3.2,Helsinki,Apartment,0,1,District heating,Good,0,B,313
116,5,0,1,1,95,1,2,2,4.0,Pori,Terraced house,0,1,District heating,Good,610,E,132
98,4,1,0,1,57,0,1,1,1.0,Lahti,Apartment,0,1,District heating,Needs renovation,0,F,119
47,2,3,0,1,2,0,1,1,2.3,Lahti,Apartment,0,1,District heating,New,0,A,104
56,2,2,1,1,31,0,1,1,2.3,Oulu,Apartment,0,0,District heating,Fair,0,D,110
104,4,1,0,1,13,0,1,1,1.9,Lahti,Apartment,1,1,District heating,Fair,0,B,178
44,2,0,0,1,33,0,1,1,8.9,Vantaa,Apartment,0,0,District heating,Fair,0,C,86
44,1,2,0,0,52,0,1,1,2.5,Helsinki,Apartment,0,0,District heating,Fair,0,E,157
41,2,1,0,1,7,0,1,1,2.4,Turku,Apartment,0,1,District heating,Fair,0,C,108
137,5,0,0,2,12,1,3,4,14.8,Tampere,Detached house,0,1,Wood heating,Fair,625,D,224
155,6,0,0,1,31,1,2,3,8.2,Helsinki,Detached house,0,0,Air-source heat pump,Fair,540,E,586
95,4,0,0,1,3,1,1,2,13.7,Jyväskylä,Detached house,1,1,Geothermal,Fair,1065,B,159
71,4,6,0,1,0,0,2,2,10.7,Helsinki,Apartment,0,1,District heating,Fair,0,A,309
91,4,0,0,1,95,1,1,2,7.1,Helsinki,Terraced house,0,1,District heating,Needs renovation,220,G,264
131,6,0,0,2,53,1,3,3,4.1,Oulu,Detached house,1,0,Geothermal,Fair,895,E,236
86,3,6,0,1,30,0,1,1,4.1,Helsinki,Apartment,0,1,Air-source heat pump,Needs renovation,0,C,335
125,6,0,1,2,1,1,1,1,3.8,Kuopio,Detached house,1,1,District heating,New,1360,A,302
79,4,0,1,2,73,0,2,2,3.3,Tampere,Terraced house,0,0,Electric heating,Needs renovation,310,G,148
131,5,0,0,1,28,0,2,2,25.6,Vantaa,Apartment,0,1,District heating,Needs renovation,0,C,169
91,4,7,1,1,14,0,2,3,6.5,Helsinki,Apartment,0,0,District heating,Fair,0,D,360
63,3,0,0,0,62,0,1,1,7.9,Helsinki,Apartment,0,0,District heating,Excellent,0,F,168
126,5,6,1,1,21,0,2,3,16.1,Espoo,Apartment,1,1,District heating,Fair,0,D,375
150,5,0,0,3,64,1,2,3,14.0,Vantaa,Detached house,1,1,Air-source heat pump,Excellent,1340,D,373
66,4,1,0,1,51,0,1,1,5.8,Vantaa,Apartment,0,0,District heating,Needs renovation,0,F,138
68,3,0,0,1,63,1,2,2,11.6,Helsinki,Terraced house,1,1,Air-source heat pump,Good,145,G,272
76,3,0,1,0,29,1,1,1,10.1,Oulu,Terraced house,0,1,Air-source heat pump,Needs renovation,590,D,118
213,8,0,1,2,9,1,3,4,3.9,Tampere,Detached house,1,1,District heating,Excellent,795,B,542
31,1,1,1,1,2,0,1,1,19.7,Vantaa,Apartment,0,0,District heating,New,0,A,93
76,3,0,1,3,11,1,1,1,25.6,Vantaa,Detached house,1,1,Electric heating,Excellent,1500,C,188
128,4,0,1,1,62,1,2,2,11.1,Pori,Detached house,0,1,Electric heating,Good,2900,F,150
119,4,0,1,2,2,0,2,3,0.9,Lahti,Apartment,0,1,District heating,Excellent,0,A,226
121,5,0,1,2,0,1,2,2,5.9,Helsinki,Detached house,1,1,Air-source heat pump,New,545,A,735
91,4,0,0,2,59,1,1,1,8.3,Pori,Detached house,0,1,District heating,Fair,1030,G,96
114,3,0,0,0,18,1,1,1,15.5,Helsinki,Terraced house,0,1,District heating,Good,285,C,417
37,1,2,1,0,15,0,1,1,3.8,Helsinki,Apartment,0,1,District heating,Good,0,C,176
99,4,2,0,1,30,0,2,2,2.7,Tampere,Apartment,0,0,District heating,Needs renovation,0,D,205
109,4,0,1,2,23,1,1,1,1.4,Lahti,Detached house,1,1,Electric heating,Good,1440,C,216
30,2,1,1,1,30,0,1,1,6.0,Helsinki,Apartment,0,1,District heating,Needs renovation,0,D,114
45,2,2,0,1,16,0,1,1,6.9,Oulu,Apartment,0,1,Electric heating,Good,0,C,96
43,2,3,0,1,24,0,1,1,4.7,Helsinki,Apartment,0,1,District heating,Good,0,C,194
83,3,6,0,2,2,0,1,1,4.5,Jyväskylä,Apartment,1,1,District heating,New,0,B,204
112,4,5,1,1,21,0,2,3,6.7,Espoo,Apartment,0,1,Electric heating,Good,0,D,398
46,2,0,1,2,18,1,1,1,6.3,Helsinki,Apartment,0,1,District heating,Good,0,B,216
44,2,1,0,1,8,0,1,1,8.3,Vantaa,Apartment,0,0,District heating,Excellent,0,B,138
47,3,0,1,0,5,0,1,1,3.2,Turku,Apartment,0,1,District heating,New,0,B,123
66,3,1,0,1,37,0,1,1,4.2,Oulu,Apartment,0,0,District heating,Fair,0,D,109
51,2,3,0,1,80,0,1,1,2.9,Lahti,Apartment,0,0,District heating,Good,0,F,71
32,2,1,0,1,38,0,1,1,4.0,Oulu,Apartment,0,1,District heating,Fair,0,E,61
84,4,2,0,1,43,0,2,2,4.9,Vantaa,Apartment,0,1,District heating,Fair,0,D,215
90,2,7,0,1,42,0,1,1,10.9,Espoo,Apartment,1,0,Electric heating,Good,0,D,270
62,3,2,0,0,17,0,2,3,1.8,Tampere,Apartment,0,1,District heating,Good,0,C,179
64,3,5,1,1,35,0,2,2,3.3,Lahti,Apartment,0,1,District heating,Fair,0,C,90
78,4,0,1,1,62,1,2,3,5.6,Tampere,Semi-detached house,0,1,District heating,Needs renovation,1015,F,212
28,1,1,0,0,29,0,1,1,5.4,Helsinki,Apartment,0,0,District heating,Fair,0,C,97
63,3,1,0,0,26,0,1,1,5.1,Helsinki,Apartment,0,1,District heating,Good,0,D,249
90,3,0,0,1,33,1,2,3,9.0,Jyväskylä,Terraced house,0,0,Electric heating,Good,610,C,153
67,2,2,0,1,4,0,1,1,0.8,Tampere,Apartment,0,1,District heating,Excellent,0,A,250
69,3,3,1,0,26,0,1,1,1.3,Helsinki,Apartment,0,1,District heating,Fair,0,E,269
85,3,0,1,1,32,0,1,1,5.0,Espoo,Apartment,0,1,District heating,Good,0,D,247
100,4,0,0,2,4,1,1,1,7.9,Vantaa,Detached house,0,0,Geothermal,Excellent,1035,B,363
82,3,1,0,0,26,0,1,1,5.6,Tampere,Apartment,0,1,District heating,Needs renovation,0,E,159
38,2,1,1,1,37,0,1,1,10.3,Espoo,Apartment,0,0,District heating,Excellent,0,C,130
34,1,1,0,0,37,0,1,1,4.1,Helsinki,Apartment,0,0,District heating,Good,0,C,125
151,6,0,0,1,34,1,2,2,23.1,Vantaa,Detached house,0,1,Oil heating,Excellent,1565,D,291
40,1,3,0,0,80,0,1,1,5.8,Vantaa,Apartment,0,1,Electric heating,Fair,0,G,81
56,2,5,1,1,5,0,1,1,8.9,Vantaa,Apartment,0,1,District heating,Excellent,0,C,177
54,2,3,1,1,11,0,1,1,4.5,Espoo,Apartment,0,1,District heating,Good,0,B,215
161,6,0,0,3,4,1,2,2,20.4,Vantaa,Semi-detached house,1,1,District heating,Excellent,700,B,445
74,4,2,0,0,31,0,1,1,2.3,Helsinki,Apartment,0,1,District heating,Good,0,D,269
112,4,0,0,2,52,1,1,1,7.4,Pori,Detached house,1,1,Air-source heat pump,Needs renovation,1645,D,123
80,3,2,1,0,50,0,1,1,10.7,Espoo,Apartment,0,0,District heating,Good,0,E,204
99,4,0,0,1,34,0,2,2,5.1,Oulu,Apartment,0,1,District heating,Fair,0,E,153
87,4,0,0,2,30,1,1,1,5.6,Pori,Semi-detached house,1,1,District heating,Fair,660,D,105
191,8,0,1,2,4,1,3,3,4.3,Jyväskylä,Detached house,1,1,District heating,Good,1825,B,442
106,5,0,0,2,13,1,2,2,2.8,Tampere,Terraced house,0,1,Electric heating,Good,335,C,266
47,2,1,1,1,48,0,1,1,3.9,Tampere,Apartment,0,1,District heating,Excellent,0,D,135
118,5,0,0,1,49,1,2,3,1.9,Turku,Detached house,0,1,District heating,Good,570,E,226
128,5,0,0,0,59,1,2,2,7.4,Turku,Terraced house,0,1,Electric heating,Needs renovation,430,G,145
85,4,2,0,1,16,0,1,1,5.3,Espoo,Apartment,0,1,Air-source heat pump,Fair,0,C,287
108,5,0,0,2,24,1,1,1,2.6,Turku,Detached house,0,1,Oil heating,Fair,1630,D,248
154,6,0,0,2,95,1,2,3,2.5,Tampere,Semi-detached house,1,1,District heating,Excellent,1955,F,410
76,3,0,0,1,52,1,1,1,2.6,Turku,Terraced house,0,1,Electric heating,Good,330,E,156
104,4,0,1,1,79,0,1,1,23.3,Espoo,Terraced house,0,1,Wood heating,Good,370,F,234
58,2,2,1,0,29,0,1,1,2.5,Turku,Apartment,0,1,District heating,Good,0,D,133
91,3,0,0,1,55,0,2,2,11.9,Espoo,Apartment,0,1,District heating,Fair,0,F,195
73,3,0,1,0,21,0,2,2,3.1,Espoo,Apartment,0,0,District heating,Excellent,0,C,242
84,3,1,0,1,21,0,1,1,2.0,Turku,Apartment,0,1,District heating,Needs renovation,0,D,172
38,1,5,0,0,26,0,1,1,5.1,Espoo,Apartment,0,0,District heating,Good,0,C,130
111,4,2,0,0,8,0,2,2,14.7,Helsinki,Apartment,0,1,District heating,Excellent,0,C,344
105,3,0,0,1,95,1,2,2,4.1,Vantaa,Apartment,0,0,District heating,Good,0,E,220
137,6,0,0,1,55,1,2,3,21.8,Turku,Detached house,1,0,Air-source heat pump,Needs renovation,1295,F,162
81,3,2,1,1,5,0,1,1,3.0,Helsinki,Apartment,0,1,District heating,Excellent,0,B,385
34,2,2,1,0,1,0,1,1,6.4,Turku,Apartment,0,1,Air-source heat pump,New,0,A,99
71,3,3,1,1,41,0,1,1,9.6,Vantaa,Apartment,0,1,District heating,Good,0,D,151
130,5,3,0,0,33,0,2,2,5.7,Helsinki,Apartment,0,1,Electric heating,Good,0,D,462
102,5,0,0,2,18,1,1,2,2.3,Lahti,Apartment,1,1,District heating,Good,0,B,181
101,4,0,1,1,48,1,2,3,7.5,Helsinki,Semi-detached house,0,1,Wood heating,Excellent,565,E,429
136,5,0,1,1,3,1,2,2,9.1,Oulu,Terraced house,1,1,Air-source heat pump,Excellent,780,A,307
81,3,1,1,0,58,0,2,2,4.5,Helsinki,Apartment,0,1,District heating,Needs renovation,0,E,263
133,5,3,0,1,25,0,2,3,1.8,Tampere,Apartment,0,1,Electric heating,Needs renovation,0,E,268
30,1,3,1,0,2,0,1,1,2.2,Helsinki,Apartment,0,1,District heating,Excellent,0,B,149
90,4,1,1,1,16,0,1,1,3.2,Oulu,Apartment,1,0,Air-source heat pump,Good,0,B,181
89,4,2,1,1,16,0,1,1,4.9,Tampere,Apartment,0,1,District heating,Good,0,C,248
49,2,3,0,2,15,0,1,1,13.2,Espoo,Apartment,0,0,Electric heating,Good,0,C,162
73,3,0,0,1,31,1,1,1,3.1,Turku,Terraced house,1,1,District heating,Fair,305,D,173
70,3,3,1,1,4,0,2,2,4.3,Lahti,Apartment,0,0,District heating,Good,0,D,117
89,3,4,0,1,67,0,2,2,2.6,Tampere,Apartment,1,1,District heating,Fair,0,G,184
36,2,0,0,0,25,0,1,1,1.8,Tampere,Apartment,0,0,District heating,Needs renovation,0,E,79
147,6,0,0,0,25,1,2,2,13.0,Vantaa,Detached house,1,1,Geothermal,Fair,1370,C,323
45,1,3,1,1,2,0,1,1,8.3,Helsinki,Apartment,0,1,District heating,Excellent,0,B,208
35,2,0,0,0,22,0,1,1,4.1,Helsinki,Apartment,0,0,District heating,Excellent,0,C,142
21,1,7,1,0,2,0,1,1,5.4,Vantaa,Apartment,0,1,Electric heating,New,0,B,76
101,4,0,0,1,38,1,1,1,5.1,Oulu,Terraced house,1,1,District heating,Needs renovation,330,F,166
72,3,0,0,1,59,0,1,1,3.0,Turku,Apartment,0,0,Electric heating,Fair,0,G,126
86,3,2,0,1,26,0,1,1,6.9,Oulu,Apartment,0,1,District heating,Good,0,C,161
61,3,1,1,1,4,0,1,1,1.9,Kuopio,Apartment,0,0,Electric heating,New,0,A,145
134,6,0,0,0,33,1,2,3,4.0,Turku,Terraced house,0,0,Electric heating,Fair,355,D,265
48,3,1,0,1,40,0,1,1,1.7,Jyväskylä,Apartment,0,1,District heating,Fair,0,D,97
77,4,1,0,1,21,0,1,1,11.3,Espoo,Apartment,1,0,District heating,Fair,0,C,215
164,6,0,0,1,95,1,3,4,2.0,Lahti,Detached house,0,1,Wood heating,Good,1605,G,218
135,5,0,0,2,16,1,2,3,9.5,Pori,Detached house,0,1,Air-source heat pump,Good,1645,B,165
29,1,1,1,0,14,0,1,1,1.7,Espoo,Apartment,0,1,District heating,Good,0,C,116
51,3,0,0,1,21,1,1,1,3.3,Tampere,Terraced house,0,1,District heating,Excellent,320,B,164
87,3,0,0,2,41,1,2,2,10.8,Tampere,Semi-detached house,1,1,District heating,Good,570,E,195
128,5,0,1,1,9,1,2,2,3.7,Kuopio,Detached house,1,1,Electric heating,Good,980,D,231
62,3,7,1,0,28,0,1,1,13.4,Helsinki,Apartment,0,1,District heating,Fair,0,D,188
133,5,0,0,2,77,1,2,3,9.1,Lahti,Detached house,1,1,District heating,Good,2000,G,173
121,4,0,0,1,46,1,2,2,4.8,Helsinki,Detached house,1,1,District heating,Good,1510,D,715
59,2,5,0,1,20,0,1,1,11.1,Turku,Apartment,0,1,District heating,Good,0,C,120
36,2,2,1,1,7,0,1,1,5.4,Vantaa,Apartment,0,1,District heating,Good,0,B,116
61,3,0,1,0,16,0,1,2,4.6,Helsinki,Apartment,1,1,District heating,Good,0,C,261
61,2,1,0,0,95,0,1,1,14.0,Helsinki,Apartment,0,1,District heating,Needs renovation,0,G,125
132,5,0,0,2,60,1,2,2,6.0,Helsinki,Detached house,0,1,Electric heating,Good,1270,F,667
111,4,0,0,2,76,1,2,2,15.3,Vantaa,Semi-detached house,0,1,Wood heating,Good,675,G,219
102,4,0,0,2,45,0,1,2,7.8,Vantaa,Apartment,0,0,District heating,Needs renovation,0,F,176
40,2,1,0,0,28,0,1,1,3.5,Helsinki,Apartment,0,1,District heating,Fair,0,D,139
71,3,0,0,1,62,1,1,1,5.3,Pori,Apartment,0,1,Electric heating,Fair,0,F,66
148,6,0,1,2,8,1,2,2,12.9,Oulu,Detached house,1,1,District heating,Excellent,1375,C,261
77,3,2,0,1,65,0,1,1,4.5,Oulu,Apartment,0,1,District heating,Good,0,F,116
71,4,7,0,0,22,0,2,3,4.6,Vantaa,Apartment,1,1,District heating,Good,0,D,196
60,3,0,0,1,56,1,1,1,8.9,Oulu,Terraced house,0,1,Air-source heat pump,Needs renovation,270,E,77
45,1,3,1,2,26,0,1,1,7.8,Espoo,Apartment,0,1,District heating,Needs renovation,0,D,137
170,7,0,0,2,41,1,3,4,19.0,Helsinki,Detached house,1,1,Wood heating,Good,2030,F,595
39,2,3,0,0,41,0,1,1,8.8,Helsinki,Apartment,0,1,District heating,Fair,0,D,126
98,3,0,0,2,5,0,2,2,1.7,Tampere,Apartment,1,1,District heating,Good,0,B,317
115,4,0,0,1,58,1,2,2,8.5,Pori,Detached house,0,1,Electric heating,Fair,1235,G,104
82,3,0,0,1,34,0,1,1,17.2,Vantaa,Apartment,0,0,District heating,Needs renovation,0,D,125
53,2,3,0,0,17,0,1,1,8.0,Vantaa,Apartment,0,0,District heating,Good,0,C,136
105,5,0,0,2,5,0,2,2,1.8,Helsinki,Apartment,0,1,Electric heating,Good,0,C,484
60,2,0,0,1,2,0,1,1,2.8,Jyväskylä,Apartment,0,1,District heating,New,0,A,155
84,4,4,0,1,1,0,1,1,2.9,Tampere,Apartment,0,0,District heating,New,0,A,285
126,4,2,0,1,5,0,2,2,8.1,Helsinki,Apartment,1,1,District heating,Excellent,0,B,539
68,3,1,0,1,37,0,1,1,7.9,Kuopio,Apartment,0,0,District heating,Excellent,0,C,107
83,2,1,0,1,9,0,1,1,1.1,Turku,Apartment,1,1,District heating,Good,0,C,236
86,4,0,0,1,17,1,1,1,15.5,Espoo,Terraced house,0,1,Electric heating,Good,390,C,326
91,3,0,0,1,23,0,1,2,3.1,Oulu,Apartment,0,1,District heating,Good,0,C,164
74,2,1,0,0,71,0,1,1,8.6,Turku,Apartment,0,0,District heating,Good,0,F,109
65,3,2,0,1,21,0,1,1,2.1,Oulu,Apartment,0,0,District heating,Needs renovation,0,D,113
46,2,0,0,1,3,0,1,1,4.4,Helsinki,Apartment,0,1,District heating,Excellent,0,A,223
90,2,0,1,1,13,0,1,1,3.8,Helsinki,Apartment,0,1,District heating,Fair,0,B,356
109,4,0,1,1,74,0,2,2,7.3,Turku,Terraced house,0,1,District heating,Fair,235,G,164
67,3,7,1,1,2,0,1,2,3.4,Turku,Apartment,0,0,District heating,New,0,B,195
69,3,0,1,1,16,1,1,1,6.3,Tampere,Terraced house,0,1,Electric heating,Good,290,E,195
63,3,5,1,1,0,0,1,1,4.5,Vantaa,Apartment,0,1,District heating,New,0,A,232
66,2,1,0,1,32,0,1,1,3.5,Lahti,Apartment,0,1,District heating,Excellent,0,B,117
62,3,2,0,0,3,0,1,1,20.5,Helsinki,Apartment,0,1,District heating,Good,0,C,160
64,2,0,1,1,20,0,1,1,10.5,Oulu,Apartment,0,1,District heating,Fair,0,C,95
91,4,0,0,2,69,1,1,1,1.5,Pori,Detached house,1,1,Geothermal,Fair,1085,F,95
51,2,0,0,1,31,0,1,1,1.1,Pori,Apartment,0,1,District heating,Fair,0,D,62
51,2,4,0,0,15,0,1,1,6.1,Espoo,Apartment,0,1,District heating,Good,0,C,179
70,3,1,1,0,25,0,2,2,3.1,Tampere,Apartment,0,0,District heating,Good,0,C,181
177,6,0,1,2,59,1,3,3,3.7,Oulu,Detached house,1,1,Electric heating,Fair,1900,G,292
66,3,1,0,0,49,0,1,1,0.8,Tampere,Apartment,0,1,District heating,Fair,0,F,138
94,3,0,0,1,30,0,2,2,2.1,Kuopio,Apartment,0,1,District heating,Good,0,D,149
45,1,0,1,1,14,0,1,1,7.6,Helsinki,Apartment,0,1,District heating,Fair,0,C,172
45,2,5,0,1,32,0,1,1,6.6,Espoo,Apartment,0,0,Geothermal,Needs renovation,0,D,133
70,3,4,0,1,35,0,1,1,3.3,Tampere,Apartment,0,1,District heating,Fair,0,D,173
52,2,5,0,1,27,0,1,1,13.6,Vantaa,Apartment,0,0,District heating,Excellent,0,D,127
58,2,2,1,1,28,0,1,1,2.6,Helsinki,Apartment,0,0,District heating,Good,0,D,252
116,5,0,0,3,26,1,1,1,6.8,Pori,Detached house,1,0,Electric heating,Fair,1710,C,171
128,5,0,0,1,76,1,2,3,12.0,Jyväskylä,Terraced house,1,1,Air-source heat pump,Fair,840,F,186
137,5,0,0,1,61,1,2,2,11.3,Kuopio,Detached house,1,1,Electric heating,Good,2240,G,191
51,2,1,1,0,15,0,1,1,1.4,Turku,Apartment,0,1,District heating,Fair,0,D,128
131,6,0,1,1,4,1,2,3,6.9,Kuopio,Detached house,1,1,Geothermal,New,1415,B,282
77,3,5,0,1,20,0,1,1,3.3,Turku,Apartment,0,0,District heating,Good,0,D,177
88,4,10,1,0,9,0,1,1,11.4,Helsinki,Apartment,0,1,District heating,Excellent,0,B,357
33,2,4,1,0,5,0,1,1,6.1,Espoo,Apartment,0,1,District heating,Good,0,A,120
37,2,4,1,0,0,0,1,1,2.3,Turku,Apartment,0,1,District heating,Excellent,0,C,106
68,3,5,1,0,23,0,1,1,4.5,Helsinki,Apartment,0,0,Electric heating,Excellent,0,B,269
65,3,2,0,0,8,0,1,1,1.8,Turku,Apartment,0,1,District heating,Excellent,0,B,181
81,4,0,0,1,26,0,1,1,4.3,Jyväskylä,Apartment,0,1,District heating,Excellent,0,D,139
69,3,0,0,1,34,1,1,2,3.6,Espoo,Semi-detached house,1,1,District heating,Fair,360,D,314
73,4,0,0,1,23,1,2,2,5.5,Oulu,Terraced house,0,1,Air-source heat pump,Fair,305,E,124
89,3,0,0,1,23,1,2,2,11.5,Helsinki,Detached house,0,1,Electric heating,Good,590,D,382
44,2,0,0,1,50,1,1,1,4.3,Tampere,Apartment,0,1,District heating,Needs renovation,0,F,91
133,6,1,1,1,39,0,2,2,0.9,Tampere,Apartment,0,0,District heating,Fair,0,D,325
73,3,1,0,1,21,0,1,1,3.1,Helsinki,Apartment,0,0,District heating,Excellent,0,B,329
49,2,11,0,0,84,0,1,1,2.7,Jyväskylä,Apartment,0,0,Electric heating,Good,0,F,72
135,5,0,0,1,21,1,2,3,6.5,Kuopio,Detached house,1,1,Air-source heat pump,Needs renovation,1180,E,213
107,5,0,0,1,62,1,2,3,3.4,Kuopio,Terraced house,0,1,Electric heating,Needs renovation,855,G,145
67,3,3,1,1,54,0,1,1,1.3,Oulu,Apartment,0,1,District heating,Good,0,D,126
89,4,0,0,2,47,1,1,1,6.6,Jyväskylä,Detached house,0,1,Air-source heat pump,Excellent,1850,E,199
40,1,1,1,0,30,0,1,1,3.2,Helsinki,Apartment,1,0,District heating,Fair,0,C,141
38,1,3,0,2,1,0,1,1,2.6,Helsinki,Apartment,0,1,District heating,New,0,B,239
142,6,0,1,2,15,1,2,2,19.2,Espoo,Detached house,1,0,Electric heating,Needs renovation,1100,D,443
96,3,0,0,1,5,0,1,2,0.6,Tampere,Apartment,0,1,District heating,Good,0,C,290
71,3,0,0,0,17,1,1,1,7.8,Espoo,Apartment,1,1,District heating,Good,0,D,223
57,2,1,0,1,41,0,1,1,1.6,Turku,Apartment,0,1,District heating,Fair,0,D,111
90,4,0,0,1,46,0,2,2,3.2,Lahti,Terraced house,1,1,District heating,Excellent,225,D,149
83,3,3,1,1,12,0,2,2,6.1,Vantaa,Apartment,0,1,District heating,Good,0,B,227
69,3,5,0,1,4,0,1,1,7.8,Helsinki,Apartment,1,1,District heating,Good,0,A,315
63,3,2,0,0,12,0,1,1,1.4,Jyväskylä,Apartment,0,0,Air-source heat pump,Fair,0,B,145
76,3,3,1,1,12,0,2,2,2.1,Helsinki,Apartment,0,1,District heating,Needs renovation,0,C,362
54,2,2,1,1,20,0,1,1,1.4,Turku,Apartment,0,1,District heating,Good,0,D,143
40,1,3,0,1,95,0,1,1,1.4,Helsinki,Apartment,0,0,Electric heating,Good,0,F,178
68,3,0,1,2,18,1,1,1,3.6,Lahti,Apartment,0,1,Air-source heat pump,Good,0,B,132
44,2,0,1,1,62,0,1,1,0.9,Pori,Apartment,0,0,District heating,Good,0,F,51
107,5,1,0,1,56,0,2,3,11.7,Espoo,Apartment,0,0,District heating,Needs renovation,0,E,224
72,2,0,0,2,8,1,1,1,6.6,Helsinki,Semi-detached house,0,1,Electric heating,Good,335,C,356
123,5,0,0,2,3,1,3,4,13.3,Vantaa,Semi-detached house,1,0,District heating,Excellent,970,A,398
135,4,0,0,2,59,1,3,3,9.1,Vantaa,Detached house,0,1,Air-source heat pump,Fair,1485,E,341
62,2,0,0,0,18,0,1,1,6.7,Turku,Apartment,0,1,District heating,Fair,0,C,120
41,2,1,0,0,33,0,1,1,12.7,Helsinki,Apartment,0,1,District heating,Needs renovation,0,D,107
62,3,0,0,1,47,0,1,1,2.7,Helsinki,Terraced house,0,1,Oil heating,Fair,200,F,259
80,4,4,1,1,30,0,1,1,2.7,Turku,Apartment,0,0,District heating,Good,0,D,184
112,5,3,0,1,24,0,2,2,6.1,Espoo,Apartment,0,1,District heating,Fair,0,D,358
64,2,4,1,1,5,0,1,1,5.5,Vantaa,Apartment,0,1,Air-source heat pump,Good,0,A,202
62,3,6,0,1,16,0,1,1,16.5,Espoo,Apartment,0,1,District heating,Excellent,0,B,207
106,5,1,1,1,52,0,1,1,8.2,Jyväskylä,Apartment,0,0,Electric heating,Fair,0,E,122
47,2,0,0,0,18,0,1,1,19.5,Vantaa,Apartment,0,1,Electric heating,Good,0,C,99
99,4,4,0,1,7,0,2,2,4.0,Tampere,Apartment,0,1,District heating,Fair,0,C,268
117,4,0,1,2,1,0,2,2,1.4,Turku,Apartment,1,0,District heating,New,0,B,337
66,3,2,1,0,12,0,1,1,11.9,Helsinki,Apartment,0,1,District heating,Excellent,0,B,243
160,6,0,1,3,25,1,3,3,24.5,Espoo,Detached house,1,1,Air-source heat pump,Fair,1635,C,371
178,7,0,0,0,13,0,3,5,9.0,Vantaa,Detached house,1,1,Geothermal,Needs renovation,850,D,379
79,3,0,1,1,22,1,1,1,3.3,Kuopio,Terraced house,0,1,District heating,Good,575,D,164
85,3,0,0,1,49,0,2,2,6.4,Vantaa,Apartment,0,1,Air-source heat pump,Fair,0,E,159
75,3,0,0,2,8,1,1,1,21.8,Jyväskylä,Detached house,1,0,Electric heating,Fair,1405,D,119
93,4,0,0,2,2,1,2,2,19.5,Espoo,Detached house,1,1,Electric heating,New,855,B,391
85,3,1,0,1,70,0,1,1,2.7,Turku,Apartment,0,0,District heating,Needs renovation,0,G,121
182,7,0,0,1,29,1,3,4,15.4,Tampere,Detached house,1,1,Electric heating,Fair,1080,D,319
72,2,0,0,1,25,0,1,1,1.8,Jyväskylä,Apartment,0,1,District heating,Fair,0,C,137
53,2,2,0,0,65,0,1,1,2.8,Kuopio,Apartment,0,1,District heating,Fair,0,E,74
97,4,0,0,2,22,1,2,2,10.0,Lahti,Detached house,1,0,Geothermal,Good,555,C,141
130,6,0,1,1,1,1,1,2,13.8,Helsinki,Terraced house,1,1,Electric heating,New,525,B,599
159,6,0,0,3,20,1,3,3,23.7,Vantaa,Detached house,1,1,Geothermal,Excellent,2955,C,399
60,2,0,1,1,19,0,1,1,2.7,Lahti,Apartment,0,1,District heating,Good,0,C,95
74,2,6,1,1,12,0,1,2,2.3,Tampere,Apartment,0,1,District heating,Fair,0,C,221
73,3,0,1,1,17,1,2,2,4.5,Turku,Terraced house,0,1,District heating,Good,310,B,188
67,3,0,0,1,19,0,1,1,8.7,Vantaa,Apartment,0,1,District heating,Needs renovation,0,E,141
89,4,0,0,1,35,1,2,2,7.8,Pori,Terraced house,0,1,District heating,Fair,305,E,86
54,2,1,1,0,5,0,1,1,2.5,Oulu,Apartment,0,1,District heating,Excellent,0,B,126
66,3,0,0,1,11,0,1,1,1.8,Lahti,Apartment,0,1,District heating,Excellent,0,B,119
85,4,0,0,1,25,1,1,1,2.9,Oulu,Terraced house,0,1,Air-source heat pump,Good,395,C,155
84,4,0,1,2,16,1,2,2,7.8,Turku,Semi-detached house,0,0,Air-source heat pump,Fair,465,B,203
42,2,1,0,1,21,0,1,1,7.4,Vantaa,Apartment,0,1,District heating,Good,0,D,113
56,2,2,0,1,19,0,1,1,3.2,Oulu,Apartment,0,1,District heating,Good,0,C,121
158,6,0,1,1,32,1,2,2,3.3,Jyväskylä,Detached house,1,1,Electric heating,Fair,2045,C,300
121,4,0,0,1,81,1,2,2,5.0,Lahti,Apartment,0,0,District heating,Good,0,D,157
105,3,1,0,1,38,0,2,3,6.9,Vantaa,Apartment,0,0,District heating,Needs renovation,0,D,211
54,2,3,1,0,14,0,1,1,2.2,Tampere,Apartment,0,0,Electric heating,Good,0,C,169
82,4,0,1,3,20,0,2,2,17.4,Oulu,Detached house,0,1,Air-source heat pump,Excellent,375,B,133
46,2,1,0,1,21,0,1,1,3.4,Tampere,Apartment,0,1,District heating,Fair,0,C,136
78,3,0,0,2,38,1,1,1,4.9,Helsinki,Detached house,0,1,Geothermal,Good,1345,C,571
179,6,0,1,1,19,1,3,4,4.1,Jyväskylä,Detached house,0,1,Air-source heat pump,Good,1235,B,343
131,4,0,0,1,39,1,2,3,2.4,Lahti,Detached house,1,1,Wood heating,Excellent,2255,D,240
103,4,0,0,2,23,1,2,2,10.9,Espoo,Apartment,1,0,Electric heating,Excellent,0,B,313
131,5,0,1,2,1,1,2,2,10.6,Tampere,Detached house,1,1,Air-source heat pump,New,900,A,393
113,5,0,1,2,10,1,1,1,4.9,Oulu,Detached house,1,0,Electric heating,Good,1140,B,223
129,6,0,0,2,46,0,2,2,4.7,Espoo,Semi-detached house,0,0,Geothermal,Needs renovation,490,E,372
29,1,2,1,0,2,0,1,1,5.1,Helsinki,Apartment,0,1,District heating,New,0,B,155
118,6,2,0,1,12,0,1,1,11.8,Vantaa,Apartment,0,1,District heating,Fair,0,B,298
53,2,0,1,0,1,1,1,1,4.0,Turku,Apartment,0,0,District heating,New,0,B,150
55,2,2,1,1,6,0,1,1,5.7,Tampere,Apartment,0,1,District heating,Excellent,0,B,165
104,4,2,0,1,20,0,1,2,9.5,Helsinki,Apartment,0,1,District heating,Needs renovation,0,D,298
29,1,4,1,1,28,0,1,1,2.5,Turku,Apartment,0,1,District heating,Fair,0,E,76
57,3,1,1,0,4,0,1,2,7.2,Helsinki,Apartment,0,1,Electric heating,Needs renovation,0,C,211
80,2,1,1,1,4,0,1,1,3.3,Helsinki,Apartment,0,1,District heating,Excellent,0,B,396
68,2,2,0,1,33,0,1,1,19.0,Espoo,Apartment,0,0,District heating,Excellent,0,C,167
63,2,0,0,1,48,0,1,1,1.5,Pori,Apartment,0,1,District heating,Good,0,C,69
27,1,6,1,1,26,0,1,1,2.1,Oulu,Apartment,0,1,District heating,Good,0,D,66
78,3,1,0,1,21,0,1,1,5.4,Vantaa,Apartment,0,1,District heating,Excellent,0,C,243
72,2,3,1,1,25,0,1,2,1.9,Turku,Apartment,1,1,Air-source heat pump,Needs renovation,0,E,151
75,3,0,1,1,17,0,1,2,6.9,Vantaa,Apartment,0,1,District heating,Good,0,C,189
64,4,0,0,2,38,1,1,1,2.3,Jyväskylä,Terraced house,0,1,Air-source heat pump,Fair,210,D,116
98,3,0,0,1,26,0,2,2,4.2,Tampere,Semi-detached house,0,1,District heating,Fair,690,D,250
62,3,0,1,2,37,1,2,2,4.1,Turku,Terraced house,0,1,Air-source heat pump,Needs renovation,405,E,128
59,3,2,1,1,2,0,1,1,2.0,Kuopio,Apartment,0,1,Air-source heat pump,New,0,A,156
117,5,0,0,1,3,1,1,1,3.2,Oulu,Detached house,1,1,District heating,Good,2115,C,294
36,1,1,1,1,26,0,1,1,3.4,Lahti,Apartment,0,1,District heating,Good,0,C,59
79,2,0,1,1,27,0,1,2,16.0,Espoo,Terraced house,1,1,Air-source heat pump,Fair,285,C,240
181,7,0,0,2,52,1,2,3,7.0,Helsinki,Semi-detached house,1,1,Air-source heat pump,Fair,550,E,676
48,2,3,1,1,0,0,1,1,1.0,Lahti,Apartment,0,1,District heating,New,0,B,130
93,4,0,1,2,4,1,1,1,12.6,Lahti,Detached house,1,1,Wood heating,Good,1230,D,143
120,5,2,1,1,25,0,2,2,4.1,Espoo,Apartment,0,1,District heating,Good,0,D,406
59,3,6,1,1,7,0,1,1,5.5,Tampere,Apartment,1,1,Geothermal,Excellent,0,A,195
117,4,0,0,2,55,1,1,1,11.6,Vantaa,Semi-detached house,0,1,District heating,Good,650,D,276
67,4,4,1,1,1,0,1,1,7.7,Turku,Apartment,0,1,Air-source heat pump,New,0,A,189
124,5,0,0,1,35,1,2,2,5.9,Oulu,Apartment,0,1,District heating,Good,0,D,192
126,5,0,1,2,44,1,2,3,2.1,Tampere,Terraced house,1,1,District heating,Good,220,E,297
38,2,3,1,1,18,0,1,1,4.4,Helsinki,Apartment,0,1,District heating,Fair,0,C,190
96,4,0,1,1,0,1,2,2,3.8,Jyväskylä,Semi-detached house,1,0,Electric heating,New,1460,B,239
67,2,2,0,0,28,0,1,1,0.7,Helsinki,Apartment,0,1,District heating,Excellent,0,C,310
84,3,0,0,1,45,1,3,3,13.5,Espoo,Semi-detached house,1,1,Air-source heat pump,Fair,430,D,281
49,2,1,1,1,2,0,1,1,6.0,Jyväskylä,Apartment,0,1,District heating,Excellent,0,B,115
50,2,10,0,1,1,0,1,1,1.2,Helsinki,Apartment,0,1,District heating,Excellent,0,B,284
69,3,2,0,0,46,0,1,1,3.7,Helsinki,Apartment,0,1,District heating,Good,0,C,250
134,5,0,0,2,71,1,2,3,12.1,Tampere,Detached house,1,1,Oil heating,Good,1035,G,215
57,3,2,1,1,5,0,1,1,2.9,Tampere,Apartment,0,1,District heating,Excellent,0,B,194
191,8,0,1,2,39,1,3,5,13.5,Espoo,Detached house,1,1,District heating,Good,3085,E,730
53,3,2,0,0,39,0,1,1,4.8,Vantaa,Apartment,0,1,Geothermal,Good,0,C,125
41,2,2,0,1,59,0,1,1,1.6,Lahti,Apartment,0,1,District heating,Needs renovation,0,G,48
95,4,0,0,1,37,1,1,1,3.7,Jyväskylä,Terraced house,0,1,District heating,Good,515,E,178
87,3,4,0,1,25,0,1,1,5.5,Vantaa,Apartment,0,1,Electric heating,Good,0,C,223
110,4,0,0,1,36,0,2,2,3.7,Espoo,Apartment,0,0,District heating,Fair,0,E,313
47,2,4,1,1,12,0,1,1,5.2,Turku,Apartment,0,0,District heating,Fair,0,C,125
38,2,2,1,1,0,0,1,1,6.5,Tampere,Apartment,0,1,Electric heating,Excellent,0,B,134
70,2,6,1,1,10,0,1,1,5.0,Helsinki,Apartment,0,0,District heating,Good,0,B,326
40,1,3,0,1,2,0,1,1,4.0,Tampere,Apartment,0,0,District heating,New,0,B,145
103,4,0,0,1,11,1,1,2,3.8,Jyväskylä,Detached house,0,1,Geothermal,Good,2260,A,251
44,2,3,1,1,21,0,1,1,10.2,Espoo,Apartment,0,1,District heating,Good,0,D,147
38,1,2,1,1,38,0,1,1,14.9,Vantaa,Apartment,0,0,District heating,Fair,0,E,86
100,4,0,0,2,30,1,1,1,9.1,Vantaa,Semi-detached house,1,0,Electric heating,Fair,760,E,222
90,3,0,1,1,4,0,1,1,4.7,Tampere,Apartment,0,1,District heating,Good,0,B,254
43,1,0,0,1,21,0,1,1,2.5,Jyväskylä,Apartment,0,0,District heating,Needs renovation,0,D,69
42,2,3,1,1,10,0,1,1,1.2,Tampere,Apartment,0,0,District heating,Good,0,B,135
66,3,6,0,1,95,0,1,1,8.4,Espoo,Apartment,0,1,Electric heating,Good,0,F,168
121,4,8,0,1,53,0,1,1,2.2,Tampere,Apartment,0,1,District heating,Good,0,D,288
101,4,0,1,1,19,1,1,1,8.4,Tampere,Terraced house,0,1,Electric heating,Fair,340,D,217
44,1,0,0,0,29,0,1,1,2.1,Helsinki,Apartment,0,1,District heating,Good,0,C,181
45,3,9,0,1,9,0,1,1,5.7,Tampere,Apartment,0,1,Electric heating,Excellent,0,A,145
61,3,3,1,0,18,0,1,1,13.8,Helsinki,Apartment,0,0,District heating,Good,0,C,185
105,4,0,0,2,95,0,2,2,3.5,Turku,Detached house,0,1,Electric heating,Good,630,F,174
35,1,3,0,0,38,0,1,1,4.2,Lahti,Apartment,0,1,District heating,Needs renovation,0,E,39
38,1,8,1,1,23,0,1,1,1.3,Helsinki,Apartment,0,0,District heating,Good,0,C,214
88,4,1,1,1,9,0,1,1,1.2,Lahti,Apartment,0,1,District heating,Excellent,0,B,180
40,1,2,0,0,25,0,1,1,6.5,Espoo,Apartment,0,1,District heating,Fair,0,C,120
95,4,0,1,1,22,1,2,3,9.4,Espoo,Terraced house,1,1,District heating,Good,760,D,398
89,4,5,0,1,1,0,1,1,3.7,Helsinki,Apartment,0,1,Air-source heat pump,Excellent,0,B,446
37,1,0,1,0,13,0,1,1,1.6,Tampere,Apartment,1,0,District heating,Fair,0,C,104
87,4,0,1,1,10,1,2,2,6.1,Helsinki,Apartment,0,1,District heating,Good,0,B,416
74,3,1,1,1,32,0,1,1,2.5,Helsinki,Apartment,0,1,District heating,Good,0,D,305
105,5,0,1,0,40,1,1,2,24.1,Vantaa,Terraced house,0,1,Oil heating,Good,465,E,210
64,3,2,0,1,25,0,1,2,1.8,Tampere,Apartment,0,0,District heating,Good,0,D,182
48,3,4,1,1,5,0,1,1,3.1,Helsinki,Apartment,0,0,District heating,Fair,0,D,228
84,4,0,0,1,43,1,1,1,12.5,Pori,Terraced house,1,1,District heating,Good,445,E,83
52,2,6,0,0,73,0,1,1,5.1,Tampere,Apartment,0,0,Electric heating,Needs renovation,0,G,78
91,4,0,0,0,53,0,1,1,0.9,Helsinki,Apartment,0,0,District heating,Needs renovation,0,E,252
64,3,0,1,2,12,1,2,2,13.7,Vantaa,Terraced house,1,1,Air-source heat pump,Good,305,C,195
56,3,0,0,0,27,0,1,1,8.6,Helsinki,Apartment,0,0,District heating,Good,0,C,188
67,3,2,0,0,50,0,1,1,3.3,Helsinki,Apartment,1,0,District heating,Needs renovation,0,F,217
96,4,0,0,2,19,0,2,2,2.5,Tampere,Terraced house,0,0,Electric heating,Good,150,D,226
48,2,1,0,1,58,0,1,1,5.2,Vantaa,Apartment,0,0,District heating,Fair,0,E,103
129,5,0,0,1,1,1,2,2,4.1,Kuopio,Detached house,1,1,District heating,New,1260,A,311
80,3,1,0,1,50,0,1,1,12.3,Vantaa,Apartment,0,0,Electric heating,Good,0,E,155
86,4,0,1,1,16,1,1,1,26.2,Vantaa,Semi-detached house,0,1,Wood heating,Good,455,C,165
66,3,4,0,1,21,0,2,2,5.2,Oulu,Apartment,0,0,Electric heating,Good,0,D,133
90,3,0,0,2,15,1,1,1,14.9,Tampere,Detached house,0,1,Geothermal,Good,1395,D,263
88,5,0,0,2,56,1,1,1,3.7,Espoo,Terraced house,0,0,District heating,Good,305,E,284
61,3,2,0,1,22,0,1,1,3.9,Lahti,Apartment,0,0,District heating,Fair,0,C,82
53,2,4,1,1,26,0,1,1,3.0,Lahti,Apartment,0,0,District heating,Needs renovation,0,C,76
48,2,0,1,0,3,0,1,1,7.3,Tampere,Apartment,0,0,District heating,New,0,A,116
53,3,3,1,1,1,0,1,1,4.4,Jyväskylä,Apartment,0,1,District heating,New,0,A,135
71,3,3,1,1,3,0,1,1,2.8,Turku,Apartment,1,1,District heating,Excellent,0,B,194
48,2,0,0,1,44,0,1,1,4.2,Lahti,Apartment,0,0,District heating,Good,0,E,71
94,4,0,1,2,2,1,2,2,4.5,Oulu,Detached house,1,1,District heating,New,985,A,253
64,3,3,0,0,14,0,1,1,2.8,Tampere,Apartment,0,1,District heating,Excellent,0,B,191
43,1,2,0,1,37,0,1,1,1.0,Helsinki,Apartment,0,1,District heating,Needs renovation,0,F,155
67,3,3,1,1,14,0,1,1,2.8,Oulu,Apartment,0,1,District heating,Good,0,D,145
85,4,2,1,1,14,0,2,2,2.9,Tampere,Apartment,0,1,District heating,Good,0,C,267
67,2,0,0,1,17,0,1,1,3.1,Jyväskylä,Apartment,0,1,District heating,Good,0,C,132
103,5,0,0,1,2,1,2,2,12.5,Helsinki,Terraced house,1,1,Electric heating,New,325,A,495
29,1,0,1,0,69,0,1,1,1.1,Jyväskylä,Apartment,0,0,Electric heating,Needs renovation,0,G,38
38,2,4,0,1,40,0,1,1,3.4,Helsinki,Apartment,0,1,Air-source heat pump,Good,0,D,188
97,5,0,0,1,20,1,1,2,4.1,Tampere,Terraced house,0,1,Wood heating,Fair,300,D,224
31,1,2,1,1,28,0,1,1,6.5,Tampere,Apartment,0,1,District heating,Fair,0,D,87
180,8,0,0,2,79,1,3,3,7.0,Turku,Detached house,1,1,Electric heating,Needs renovation,1360,G,274
119,4,0,0,2,95,1,2,2,11.1,Vantaa,Detached house,1,1,Oil heating,Fair,1600,F,243
126,7,0,0,2,33,1,2,2,4.4,Pori,Detached house,1,1,Electric heating,Fair,1750,D,165
60,2,5,0,1,30,0,1,1,4.5,Turku,Apartment,1,1,District heating,Fair,0,D,124
116,4,3,0,1,57,0,1,2,1.7,Helsinki,Apartment,0,1,District heating,Good,0,F,412
102,5,0,0,1,46,1,2,2,5.4,Lahti,Detached house,0,1,Electric heating,Needs renovation,1500,F,133
141,5,0,0,2,9,1,2,3,10.6,Kuopio,Detached house,1,1,Wood heating,Fair,1745,C,245
101,4,0,1,2,36,1,1,1,25.4,Vantaa,Terraced house,1,1,District heating,Needs renovation,660,D,180
66,3,0,1,1,89,1,2,2,4.5,Turku,Terraced house,0,1,District heating,Good,375,F,111
87,4,0,1,3,25,1,1,1,17.7,Vantaa,Detached house,1,1,Geothermal,Fair,1315,C,257
100,4,0,1,0,17,1,2,2,9.1,Tampere,Terraced house,1,1,Electric heating,Excellent,360,C,248
49,2,11,0,0,90,0,1,1,2.7,Helsinki,Apartment,0,0,District heating,Fair,0,G,186
34,2,0,0,1,37,0,1,1,10.1,Kuopio,Apartment,0,0,District heating,Needs renovation,0,E,38
171,6,0,1,2,29,1,3,3,2.8,Lahti,Detached house,1,1,District heating,Good,1545,C,276
155,6,0,0,1,18,0,2,4,18.3,Vantaa,Semi-detached house,1,1,Electric heating,Good,855,B,398
109,4,1,0,1,69,0,2,3,3.6,Tampere,Apartment,0,1,District heating,Good,0,F,226
130,5,4,0,2,21,0,2,3,2.0,Pori,Apartment,0,1,District heating,Excellent,0,C,168
87,3,0,1,1,56,0,1,2,6.3,Oulu,Apartment,0,1,District heating,Good,0,E,134
86,4,0,1,1,3,1,2,2,7.7,Helsinki,Apartment,1,1,District heating,Excellent,0,C,399
37,2,8,0,0,51,0,1,1,4.8,Tampere,Apartment,0,1,Air-source heat pump,Good,0,C,94
116,6,0,1,1,21,1,2,2,9.9,Lahti,Detached house,0,0,District heating,Good,1305,C,178
120,4,0,0,1,32,0,1,1,1.4,Tampere,Apartment,0,0,Geothermal,Excellent,0,D,302
91,3,1,0,0,42,0,1,1,2.1,Tampere,Apartment,0,1,District heating,Good,0,E,195
54,2,4,0,0,38,0,1,1,8.6,Espoo,Apartment,0,1,District heating,Good,0,C,153
43,2,6,1,1,10,0,1,1,4.1,Espoo,Apartment,0,1,Electric heating,Good,0,D,187
62,2,1,0,1,22,0,1,1,13.9,Espoo,Apartment,0,1,District heating,Fair,0,D,179
50,3,2,0,0,51,0,1,1,6.6,Jyväskylä,Apartment,0,0,District heating,Fair,0,F,70
109,5,0,0,1,20,1,2,3,24.9,Vantaa,Detached house,1,1,Air-source heat pump,Excellent,1230,B,247
80,3,0,0,1,36,0,1,1,14.3,Espoo,Terraced house,1,1,Air-source heat pump,Needs renovation,135,E,218
67,3,2,1,1,21,0,1,1,9.8,Helsinki,Apartment,0,1,District heating,Good,0,C,274
52,2,0,1,1,61,0,1,1,17.7,Vantaa,Terraced house,0,1,Oil heating,Good,680,F,108
114,5,5,0,1,12,0,2,2,2.2,Tampere,Apartment,1,0,Electric heating,Good,0,C,344
69,2,1,0,1,45,0,1,1,4.2,Helsinki,Apartment,1,1,District heating,Good,0,D,292
36,1,1,1,1,55,0,1,1,6.0,Oulu,Apartment,0,1,District heating,Needs renovation,0,E,48
129,4,6,1,0,35,0,2,2,3.3,Helsinki,Apartment,1,1,District heating,Fair,0,E,506
109,5,0,0,2,24,1,2,3,2.9,Turku,Semi-detached house,1,0,District heating,Fair,315,C,241
66,3,0,0,1,32,0,1,1,6.8,Turku,Apartment,0,1,Air-source heat pump,Good,0,D,133
198,7,0,0,2,42,1,3,3,8.2,Jyväskylä,Detached house,1,1,Air-source heat pump,Needs renovation,2170,E,257
109,5,0,0,2,49,1,2,2,10.5,Espoo,Detached house,1,1,Electric heating,Good,1145,E,458
78,3,0,1,1,11,1,1,2,1.3,Lahti,Detached house,0,1,Air-source heat pump,Fair,780,C,157
69,2,4,0,1,24,0,1,1,6.0,Espoo,Apartment,0,0,District heating,Excellent,0,C,237
36,1,0,1,1,43,0,1,1,1.6,Turku,Apartment,0,0,District heating,Fair,0,F,70
111,4,0,1,2,4,1,1,1,4.0,Turku,Terraced house,0,0,Air-source heat pump,Good,260,B,249
78,3,1,0,1,22,0,2,2,5.4,Espoo,Apartment,0,1,District heating,Good,0,C,267
81,3,3,0,1,25,0,1,1,1.9,Helsinki,Apartment,0,1,District heating,Fair,0,C,338
45,2,4,0,1,37,0,1,1,1.1,Kuopio,Apartment,0,1,Oil heating,Fair,0,D,81
59,3,1,1,1,26,0,1,1,3.1,Tampere,Apartment,0,1,District heating,Fair,0,D,166
53,3,7,0,1,31,0,1,1,2.2,Vantaa,Apartment,0,0,District heating,Good,0,B,156
149,5,0,0,1,28,1,3,3,12.1,Kuopio,Detached house,1,0,Air-source heat pump,Good,3065,C,248
154,6,0,0,1,5,1,3,4,5.5,Vantaa,Detached house,0,1,Electric heating,New,1120,A,519
41,2,2,0,1,42,0,1,1,3.7,Helsinki,Apartment,0,0,District heating,Good,0,D,166
96,3,1,0,1,23,0,1,1,1.9,Helsinki,Apartment,0,1,District heating,Good,0,D,370
50,2,1,0,0,93,0,1,1,5.1,Turku,Apartment,0,0,District heating,Needs renovation,0,G,69
91,4,0,0,1,14,1,2,3,5.3,Helsinki,Terraced house,1,1,District heating,Good,255,D,477
106,4,2,0,1,23,0,1,2,6.6,Espoo,Apartment,0,1,District heating,Good,0,D,323
44,2,0,1,1,8,1,1,1,2.4,Lahti,Apartment,0,1,District heating,Excellent,0,C,83
34,1,1,0,1,43,0,1,1,3.4,Jyväskylä,Apartment,0,0,District heating,Good,0,E,68
131,5,0,1,1,4,1,2,2,28.0,Espoo,Semi-detached house,1,1,Geothermal,Excellent,740,A,424
61,3,4,1,0,28,0,1,1,7.9,Espoo,Apartment,0,1,District heating,Needs renovation,0,E,174
73,2,1,0,1,75,0,1,1,2.8,Lahti,Apartment,0,1,Electric heating,Needs renovation,0,G,72
127,5,0,0,1,12,1,2,2,7.9,Helsinki,Terraced house,1,1,Oil heating,Excellent,430,C,547
195,7,0,1,2,0,1,3,3,4.5,Pori,Detached house,1,1,Geothermal,New,2695,A,310
134,5,0,1,2,6,1,2,2,8.3,Jyväskylä,Semi-detached house,0,0,District heating,Needs renovation,735,B,181
61,3,4,1,0,44,0,1,1,1.8,Helsinki,Apartment,0,0,District heating,Good,0,E,255
83,3,0,0,1,41,0,1,1,2.0,Helsinki,Apartment,0,0,District heating,Good,0,C,337
42,2,3,0,1,18,0,1,1,2.8,Pori,Apartment,0,1,District heating,Fair,0,D,49
49,3,1,1,0,23,0,1,1,4.3,Espoo,Apartment,0,1,District heating,Excellent,0,C,183
89,3,6,1,0,2,0,1,1,6.8,Helsinki,Apartment,0,1,Air-source heat pump,New,0,A,436
44,1,5,0,1,26,0,1,1,9.4,Helsinki,Apartment,0,1,District heating,Excellent,0,B,187
140,6,0,1,1,28,1,2,2,7.9,Vantaa,Detached house,0,1,Air-source heat pump,Fair,1220,D,386
246,9,0,0,2,39,1,3,3,15.4,Turku,Detached house,0,0,District heating,Good,2025,D,383
126,5,0,1,2,14,1,2,2,13.5,Lahti,Detached house,1,1,Electric heating,Good,895,C,202
129,5,0,0,2,40,1,2,2,14.8,Espoo,Detached house,1,0,Wood heating,Fair,2490,F,446
94,5,0,0,1,4,0,1,1,2.2,Tampere,Terraced house,0,1,Air-source heat pump,Excellent,265,A,292
113,5,3,1,1,5,0,2,2,3.7,Espoo,Apartment,0,1,District heating,Excellent,0,A,486
117,5,2,1,1,12,0,3,3,5.6,Espoo,Apartment,0,0,District heating,Fair,0,C,373
44,2,2,0,0,56,0,1,1,3.2,Tampere,Apartment,0,1,District heating,Good,0,F,96
121,4,0,0,0,15,0,2,2,10.9,Helsinki,Apartment,1,0,District heating,Fair,0,D,354
109,4,0,0,2,25,1,2,2,6.1,Vantaa,Detached house,1,1,Electric heating,Good,985,D,327
89,4,0,1,1,1,1,1,1,4.8,Oulu,Terraced house,1,0,Electric heating,New,265,B,206
107,4,0,0,2,4,1,2,2,9.6,Pori,Detached house,1,1,Geothermal,Good,1930,C,154
33,1,1,1,0,27,0,1,1,4.0,Oulu,Apartment,0,0,District heating,Good,0,C,71
67,3,5,0,0,92,0,1,1,9.2,Espoo,Apartment,0,1,District heating,Good,0,E,183
107,4,0,1,3,18,1,1,1,21.2,Vantaa,Detached house,0,1,Geothermal,Excellent,640,B,243
48,2,2,0,1,76,0,1,1,3.8,Helsinki,Apartment,0,0,District heating,Fair,0,F,178
48,2,2,1,1,17,0,1,1,13.8,Oulu,Apartment,0,0,Electric heating,Good,0,C,77
44,2,1,1,1,8,0,1,1,6.0,Helsinki,Apartment,1,1,District heating,Fair,0,B,202
94,5,0,0,0,29,1,1,1,21.7,Espoo,Semi-detached house,0,1,Wood heating,Good,455,D,237
170,7,0,0,1,43,1,3,4,4.2,Oulu,Detached house,1,1,Oil heating,Excellent,1780,E,323
89,4,0,0,1,16,0,1,1,13.0,Vantaa,Apartment,0,1,Air-source heat pump,Good,0,B,203
139,5,0,0,2,33,1,2,2,21.9,Vantaa,Detached house,1,1,Geothermal,Fair,1980,D,282
76,3,0,1,1,2,1,2,2,3.2,Jyväskylä,Terraced house,0,1,District heating,Excellent,450,A,162
82,4,0,1,1,39,1,2,2,18.9,Oulu,Terraced house,0,1,Air-source heat pump,Fair,255,D,103
92,4,0,1,0,2,0,1,1,5.2,Helsinki,Apartment,1,1,District heating,New,0,B,437
152,8,0,0,3,6,1,3,3,19.7,Vantaa,Detached house,1,1,Air-source heat pump,Excellent,1660,A,391
86,2,3,1,1,4,0,1,1,5.2,Helsinki,Apartment,1,1,Geothermal,Good,0,B,415
40,2,1,0,0,13,0,1,1,4.4,Tampere,Apartment,0,1,Electric heating,Fair,0,C,102
106,4,0,1,3,24,1,2,2,27.9,Helsinki,Detached house,1,1,Geothermal,Good,1170,B,312
53,2,5,0,0,53,0,1,1,19.0,Espoo,Apartment,0,0,District heating,Fair,0,E,114
82,4,0,0,2,32,1,1,1,10.2,Jyväskylä,Terraced house,0,1,Electric heating,Needs renovation,420,D,120
54,2,5,1,1,44,0,1,1,3.0,Helsinki,Apartment,0,1,District heating,Good,0,C,228
91,3,0,0,1,30,0,2,2,11.0,Helsinki,Terraced house,1,0,District heating,Good,175,E,299
58,2,1,0,0,41,0,1,1,1.5,Turku,Apartment,0,1,District heating,Good,0,E,137
70,3,3,0,0,14,0,1,1,12.1,Vantaa,Apartment,0,1,Electric heating,Fair,0,D,162
55,2,3,0,0,51,0,1,1,4.5,Helsinki,Apartment,0,0,District heating,Good,0,E,178
60,3,4,0,0,42,0,1,1,5.4,Kuopio,Apartment,0,0,District heating,Good,0,E,94
79,4,0,0,1,16,0,1,1,6.2,Vantaa,Apartment,0,1,District heating,Excellent,0,C,223
96,3,3,1,1,68,0,2,2,4.1,Helsinki,Apartment,0,0,District heating,Excellent,0,E,375
58,3,1,0,1,1,0,1,1,0.7,Pori,Apartment,0,1,Geothermal,New,0,A,110
113,4,4,1,2,2,0,2,2,7.1,Helsinki,Apartment,1,0,District heating,New,0,A,580
78,4,0,0,1,30,1,1,1,2.3,Kuopio,Terraced house,0,1,Air-source heat pump,Fair,285,B,113
114,5,0,1,2,15,1,2,2,2.6,Jyväskylä,Detached house,1,1,Geothermal,Good,805,C,273
53,2,2,0,0,37,0,1,1,6.5,Espoo,Apartment,0,1,District heating,Fair,0,E,149
65,3,0,0,1,5,0,1,1,2.1,Lahti,Apartment,0,1,District heating,Good,0,C,125
33,2,4,1,0,12,0,1,1,2.6,Oulu,Apartment,0,1,District heating,Good,0,A,83
75,3,3,0,0,19,0,1,1,14.9,Espoo,Apartment,0,1,Electric heating,Good,0,E,219
86,4,0,0,2,5,1,1,1,4.2,Turku,Semi-detached house,0,1,Electric heating,Excellent,425,B,233
35,1,3,1,1,6,0,1,1,3.7,Espoo,Apartment,0,1,District heating,Excellent,0,A,168
78,3,3,0,0,73,0,1,2,23.2,Espoo,Apartment,0,1,District heating,Fair,0,G,145
68,2,1,0,1,24,0,1,1,2.4,Jyväskylä,Apartment,0,1,District heating,Excellent,0,C,141
87,3,3,0,1,43,0,2,2,4.5,Oulu,Apartment,0,1,District heating,Fair,0,D,143
114,5,0,1,1,32,1,2,2,7.3,Jyväskylä,Semi-detached house,1,1,Air-source heat pump,Fair,1045,D,203
45,2,1,0,1,15,0,1,1,6.8,Tampere,Apartment,0,1,District heating,Fair,0,D,114
92,4,8,0,0,63,0,1,1,1.8,Helsinki,Apartment,0,0,District heating,Needs renovation,0,F,282
34,1,0,0,0,36,1,1,1,11.5,Vantaa,Apartment,0,0,District heating,Needs renovation,0,E,62
44,1,0,1,1,15,1,1,1,8.6,Vantaa,Apartment,0,0,District heating,Fair,0,B,116
116,4,0,1,2,4,1,2,2,3.9,Pori,Detached house,1,1,Electric heating,New,715,A,177
95,3,1,0,0,27,0,1,1,7.6,Helsinki,Apartment,0,0,District heating,Fair,0,C,272
76,3,5,0,0,5,0,1,1,2.8,Helsinki,Apartment,0,1,Electric heating,Excellent,0,C,385
26,1,2,1,1,11,0,1,1,2.9,Oulu,Apartment,0,0,Air-source heat pump,Good,0,B,66
52,2,1,0,1,33,0,1,1,1.6,Helsinki,Apartment,0,1,District heating,Fair,0,C,206
101,5,0,0,0,18,1,1,1,6.6,Espoo,Apartment,0,1,District heating,Fair,0,E,299
57,3,1,0,0,62,0,1,1,2.4,Helsinki,Apartment,0,1,Electric heating,Needs renovation,0,G,178
106,3,2,1,1,27,0,2,2,3.4,Tampere,Apartment,0,0,District heating,Good,0,C,275
45,1,2,0,0,73,0,1,1,3.4,Helsinki,Apartment,0,1,District heating,Good,0,F,142
168,6,0,0,2,1,1,3,3,7.2,Tampere,Detached house,0,1,Wood heating,New,2625,C,506
47,2,0,0,1,26,0,1,1,10.6,Vantaa,Apartment,0,0,District heating,Good,0,B,113
69,2,1,0,1,16,0,1,1,15.0,Vantaa,Apartment,1,1,District heating,Fair,0,D,159
56,2,8,1,1,2,0,1,1,2.3,Espoo,Apartment,0,1,District heating,Excellent,0,B,256
72,3,1,1,0,21,0,1,2,2.5,Helsinki,Apartment,0,1,Air-source heat pump,Good,0,C,323
193,8,0,1,2,19,1,3,4,16.4,Vantaa,Detached house,1,1,Air-source heat pump,Good,1555,B,540
102,4,1,1,0,12,0,1,1,3.5,Turku,Apartment,0,1,Electric heating,Excellent,0,C,261
153,6,0,0,1,25,0,2,2,26.5,Espoo,Detached house,1,1,Electric heating,Fair,655,D,377
58,3,3,1,0,66,0,1,1,7.9,Vantaa,Apartment,0,0,District heating,Fair,0,F,125
49,3,3,1,1,52,0,1,1,3.1,Helsinki,Apartment,0,1,Geothermal,Good,0,D,210
91,3,1,1,1,20,0,2,2,4.5,Helsinki,Apartment,0,1,Air-source heat pump,Fair,0,C,386
88,4,0,1,0,18,1,1,2,15.6,Kuopio,Detached house,0,1,Air-source heat pump,Good,2170,B,135
68,3,3,1,1,9,0,1,1,8.1,Espoo,Apartment,0,1,District heating,Good,0,C,250
100,4,1,0,1,29,0,2,2,13.7,Vantaa,Apartment,0,1,District heating,Good,0,D,210
100,4,1,0,1,51,0,1,1,11.2,Lahti,Apartment,1,0,District heating,Good,0,E,111
70,3,0,1,1,30,0,1,1,2.8,Tampere,Apartment,0,1,District heating,Fair,0,D,160
82,4,0,1,1,14,0,2,2,3.7,Tampere,Apartment,1,1,District heating,Good,0,C,234
131,5,0,1,2,2,1,2,2,3.9,Oulu,Detached house,1,1,Electric heating,Excellent,1550,A,329
67,3,10,1,1,1,0,1,1,2.7,Helsinki,Apartment,0,1,District heating,New,0,A,409
66,3,3,0,1,52,0,1,1,8.5,Tampere,Apartment,0,1,District heating,Good,0,E,140
91,4,2,1,0,63,0,2,3,4.3,Tampere,Apartment,0,0,District heating,Needs renovation,0,E,175
50,2,0,0,0,84,0,1,1,2.9,Jyväskylä,Apartment,0,0,District heating,Fair,0,F,68
79,3,2,0,1,22,0,1,1,8.3,Vantaa,Apartment,0,1,District heating,Good,0,C,194
39,2,0,0,1,81,0,1,1,0.9,Turku,Apartment,0,0,District heating,Needs renovation,0,G,80
102,5,0,1,1,5,0,2,2,7.8,Lahti,Detached house,0,0,Electric heating,Good,755,B,148
57,2,0,0,1,35,0,1,1,1.7,Oulu,Apartment,0,0,District heating,Good,0,E,106
51,2,3,0,0,1,0,1,1,1.5,Tampere,Apartment,1,1,District heating,New,0,A,184
42,2,0,1,1,20,0,1,1,8.6,Espoo,Apartment,0,0,Geothermal,Good,0,A,146
75,4,0,0,1,40,1,1,1,25.4,Espoo,Semi-detached house,1,1,Oil heating,Fair,585,D,183
84,4,1,0,1,54,0,1,1,1.4,Turku,Apartment,0,1,District heating,Good,0,E,166
67,3,1,0,1,32,0,1,1,3.6,Jyväskylä,Apartment,0,0,Electric heating,Needs renovation,0,E,106
39,2,0,0,1,10,0,1,1,5.0,Oulu,Apartment,0,1,District heating,Good,0,C,86
81,5,0,0,2,66,1,1,1,2.8,Tampere,Detached house,1,1,Air-source heat pump,Needs renovation,410,E,183
58,2,1,1,0,42,0,1,1,5.5,Helsinki,Apartment,0,0,District heating,Excellent,0,C,215
68,2,4,1,0,65,0,1,1,3.9,Helsinki,Apartment,0,1,District heating,Good,0,E,238
72,2,0,0,1,69,1,1,1,6.0,Turku,Detached house,0,1,Wood heating,Needs renovation,605,G,106
128,5,5,0,2,11,0,2,2,4.2,Espoo,Apartment,0,0,District heating,Good,0,B,468
115,5,5,0,1,19,0,2,2,4.9,Kuopio,Apartment,0,1,Geothermal,Good,0,A,204
70,4,0,1,1,11,0,1,1,5.2,Lahti,Apartment,0,1,District heating,Excellent,0,B,118
85,3,7,1,1,15,0,1,1,8.8,Tampere,Apartment,0,1,District heating,Good,0,C,231
38,2,2,0,1,17,0,1,1,5.7,Espoo,Apartment,0,1,District heating,Good,0,C,151
34,1,2,1,0,32,0,1,1,6.4,Vantaa,Apartment,0,0,District heating,Excellent,0,C,83
65,3,0,1,0,25,0,1,1,2.9,Helsinki,Apartment,0,0,District heating,Excellent,0,C,265
64,2,0,1,1,4,0,1,1,2.5,Espoo,Apartment,0,1,District heating,Good,0,A,235
29,1,3,0,1,12,0,1,1,2.2,Tampere,Apartment,0,1,District heating,Good,0,A,107
44,2,1,0,1,1,0,1,1,1.8,Turku,Apartment,0,1,District heating,New,0,B,141
88,5,0,1,1,53,0,2,2,3.2,Tampere,Terraced house,1,1,District heating,Fair,230,G,204
102,4,0,1,2,12,1,2,2,8.2,Oulu,Semi-detached house,1,1,Electric heating,Good,580,D,198
81,4,1,0,2,26,0,1,1,2.1,Oulu,Apartment,0,1,District heating,Good,0,C,162
70,3,2,0,1,34,0,1,1,4.6,Tampere,Apartment,0,0,District heating,Good,0,D,189
107,5,0,0,1,62,1,2,2,5.3,Pori,Detached house,0,1,Electric heating,Fair,980,E,107
89,3,0,0,1,24,1,2,2,2.9,Turku,Terraced house,0,1,Air-source heat pump,Good,230,C,228
76,3,0,1,2,65,1,2,2,9.0,Turku,Semi-detached house,0,1,District heating,Fair,465,G,139
86,4,0,1,2,6,1,2,2,3.3,Kuopio,Detached house,1,0,Air-source heat pump,Excellent,740,B,220
53,2,3,1,1,11,0,1,1,4.7,Helsinki,Apartment,0,1,Electric heating,Good,0,B,270
94,3,0,1,0,12,1,2,2,6.6,Tampere,Terraced house,1,1,Geothermal,Good,335,B,255
44,2,0,0,1,17,0,1,1,4.1,Kuopio,Apartment,0,1,District heating,Fair,0,C,79
22,1,0,1,0,19,0,1,1,4.2,Kuopio,Apartment,0,0,District heating,Excellent,0,C,37
54,3,3,0,0,21,0,1,1,5.3,Turku,Apartment,0,0,District heating,Needs renovation,0,D,96
94,4,0,0,2,55,1,1,2,5.1,Jyväskylä,Detached house,0,1,Electric heating,Fair,1020,F,140
53,2,0,0,1,57,0,1,1,2.8,Helsinki,Apartment,0,0,District heating,Fair,0,F,182
111,5,0,0,1,39,1,2,2,10.9,Lahti,Detached house,1,1,Geothermal,Excellent,1300,C,155
64,2,1,0,1,29,0,1,1,1.2,Jyväskylä,Apartment,0,1,District heating,Fair,0,C,120
33,2,2,1,0,19,0,1,1,2.7,Tampere,Apartment,0,1,District heating,Good,0,D,98
55,2,2,0,1,34,0,1,1,9.2,Tampere,Apartment,0,1,District heating,Excellent,0,C,135
52,3,1,1,1,41,0,1,1,8.2,Espoo,Apartment,0,0,District heating,Needs renovation,0,F,143
81,4,0,0,1,33,1,2,2,4.3,Espoo,Terraced house,1,1,Electric heating,Good,475,E,366
85,3,1,0,1,30,0,1,1,9.3,Espoo,Apartment,0,1,Air-source heat pump,Needs renovation,0,D,227
92,3,1,1,1,34,0,1,1,1.9,Oulu,Apartment,0,1,District heating,Good,0,D,175
83,3,6,1,1,10,0,1,1,5.0,Turku,Apartment,0,1,Geothermal,Excellent,0,A,216
183,7,0,0,1,26,0,3,4,6.7,Espoo,Semi-detached house,1,1,District heating,Good,455,D,601
86,4,0,1,2,95,1,1,1,8.4,Kuopio,Detached house,0,1,Oil heating,Good,1320,G,104
107,4,2,1,2,38,0,1,1,2.4,Vantaa,Apartment,0,1,District heating,Good,0,E,284
83,3,3,0,0,20,0,2,2,2.1,Helsinki,Apartment,0,0,District heating,Good,0,C,374
159,6,0,0,1,48,1,3,4,8.7,Oulu,Detached house,1,1,Electric heating,Fair,1355,E,241
94,3,0,1,1,49,1,2,2,6.0,Vantaa,Apartment,0,0,District heating,Needs renovation,0,D,147
66,2,6,1,1,3,0,1,1,5.8,Espoo,Apartment,0,1,Geothermal,Good,0,A,261
80,4,0,1,1,55,0,1,2,6.9,Espoo,Apartment,0,0,District heating,Fair,0,F,204
130,5,0,0,1,44,1,3,4,21.4,Helsinki,Detached house,0,1,Electric heating,Needs renovation,1310,E,403
137,5,0,1,2,5,1,2,2,10.3,Espoo,Detached house,1,0,District heating,Good,1225,B,541
73,3,1,0,1,5,0,1,1,4.0,Turku,Apartment,0,1,District heating,New,0,A,204
131,6,0,1,1,39,1,3,3,7.0,Espoo,Detached house,0,0,Electric heating,Needs renovation,2040,E,449
79,3,0,0,1,85,0,2,2,0.7,Helsinki,Apartment,0,0,District heating,Fair,0,G,283
93,4,4,0,1,36,0,1,1,3.0,Oulu,Apartment,0,1,District heating,Excellent,0,C,196
96,4,3,0,1,75,0,1,2,4.7,Espoo,Apartment,1,1,District heating,Needs renovation,0,G,201
44,2,3,1,1,57,0,1,1,8.8,Pori,Apartment,0,1,District heating,Needs renovation,0,G,30
110,4,0,1,2,22,1,2,2,8.6,Espoo,Semi-detached house,0,1,District heating,Good,605,C,391
57,3,1,1,0,5,0,1,1,1.9,Pori,Apartment,0,1,Electric heating,Excellent,0,A,91
38,1,3,1,1,27,0,1,1,2.3,Helsinki,Apartment,0,1,District heating,Good,0,D,188
140,6,0,1,1,10,1,2,3,7.6,Helsinki,Detached house,1,1,Air-source heat pump,Good,905,B,698
76,3,2,0,1,27,0,1,1,3.0,Tampere,Apartment,0,1,District heating,Fair,0,D,196
84,5,0,0,1,34,1,1,1,2.8,Turku,Semi-detached house,0,1,District heating,Fair,505,D,179
48,2,3,1,0,18,0,1,1,2.9,Turku,Apartment,0,1,District heating,Good,0,C,125
112,4,6,0,1,8,0,2,2,4.4,Espoo,Apartment,0,1,Geothermal,Fair,0,A,387
71,3,0,0,0,95,1,1,1,3.3,Turku,Terraced house,1,1,Electric heating,Good,275,F,119
91,4,0,0,0,26,1,1,1,3.7,Turku,Detached house,0,1,Electric heating,Good,1335,D,261
104,4,2,0,1,27,0,1,1,3.5,Tampere,Apartment,0,0,District heating,Excellent,0,B,267
114,4,0,1,1,32,1,2,2,2.1,Turku,Detached house,1,1,Oil heating,Excellent,1095,E,272
53,2,0,1,1,5,0,1,1,1.4,Lahti,Apartment,0,1,District heating,Excellent,0,B,99
50,2,1,0,1,44,0,1,1,3.5,Pori,Apartment,0,1,District heating,Good,0,D,60
38,2,1,0,1,10,0,1,1,3.1,Turku,Apartment,1,1,District heating,Fair,0,D,98
61,3,1,0,1,13,0,1,1,1.4,Tampere,Apartment,0,1,District heating,Needs renovation,0,C,142
119,4,0,0,1,36,1,2,3,4.6,Kuopio,Detached house,1,1,Oil heating,Fair,2320,F,186
41,2,3,0,0,95,0,1,1,1.2,Turku,Apartment,0,0,District heating,Needs renovation,0,E,73
49,2,0,0,1,70,0,1,1,7.6,Oulu,Apartment,0,0,District heating,Fair,0,F,62
128,4,0,0,1,29,1,2,2,12.0,Vantaa,Semi-detached house,1,1,Electric heating,Excellent,510,C,317
51,3,1,0,0,25,0,2,2,6.2,Espoo,Apartment,0,1,District heating,Needs renovation,0,E,145
43,1,0,0,0,22,0,1,1,9.0,Espoo,Apartment,0,1,District heating,Needs renovation,0,E,103
66,2,2,1,1,33,0,1,2,5.5,Jyväskylä,Apartment,0,1,District heating,Fair,0,E,102
120,5,0,0,1,30,1,2,3,16.3,Vantaa,Detached house,1,1,Geothermal,Good,1080,D,327
97,4,0,1,2,49,1,2,2,3.5,Turku,Terraced house,0,1,District heating,Needs renovation,180,G,176
84,4,4,1,1,26,0,1,1,3.7,Jyväskylä,Apartment,0,1,District heating,Needs renovation,0,E,136
75,3,0,0,2,26,1,1,1,13.7,Vantaa,Terraced house,0,1,District heating,Excellent,275,C,176
98,5,0,0,2,45,1,2,3,1.4,Lahti,Terraced house,1,1,Electric heating,Needs renovation,270,F,120
57,2,1,1,1,33,0,1,1,9.5,Vantaa,Apartment,0,1,District heating,Good,0,D,152
63,2,3,0,1,50,0,1,1,1.7,Tampere,Apartment,0,1,District heating,Needs renovation,0,E,135
54,2,2,0,1,62,0,1,1,5.7,Jyväskylä,Apartment,0,1,District heating,Good,0,F,95
66,2,7,0,1,32,0,1,1,2.1,Tampere,Apartment,1,1,Air-source heat pump,Good,0,B,200
36,2,2,0,0,10,0,1,1,1.0,Helsinki,Apartment,0,1,District heating,Good,0,C,197
124,5,0,0,2,46,1,2,3,6.7,Kuopio,Detached house,0,1,District heating,Needs renovation,2425,E,148
50,3,4,0,1,24,0,1,1,9.3,Vantaa,Apartment,0,1,District heating,Fair,0,C,127
31,1,2,1,0,50,0,1,1,0.9,Turku,Apartment,0,1,District heating,Needs renovation,0,F,56
41,2,1,1,2,34,0,1,1,2.5,Pori,Apartment,0,0,Electric heating,Good,0,D,56
202,7,0,1,1,16,1,3,4,9.5,Vantaa,Detached house,1,1,Air-source heat pump,Excellent,1650,B,635
72,3,0,0,2,58,0,2,2,8.3,Helsinki,Terraced house,0,1,District heating,Needs renovation,305,E,263
88,4,0,1,1,5,1,1,1,3.6,Tampere,Semi-detached house,1,0,Air-source heat pump,New,805,A,303
60,3,2,0,1,27,0,1,1,5.1,Vantaa,Apartment,0,0,Air-source heat pump,Excellent,0,C,168
34,2,1,1,1,4,0,1,1,5.3,Espoo,Apartment,0,1,District heating,Fair,0,B,148
128,5,0,0,1,5,1,2,2,11.5,Espoo,Semi-detached house,0,1,District heating,New,740,B,535
70,3,6,0,1,18,0,1,1,2.9,Helsinki,Apartment,0,1,Electric heating,Good,0,C,323
116,5,0,0,3,52,1,2,3,5.0,Pori,Detached house,1,1,Wood heating,Needs renovation,975,E,107
89,4,0,0,1,31,0,1,1,4.5,Oulu,Apartment,1,0,District heating,Fair,0,E,144
91,4,0,0,2,64,1,2,2,9.3,Espoo,Detached house,0,1,Electric heating,Fair,1315,G,362
43,2,1,1,1,11,0,1,1,2.7,Tampere,Apartment,0,1,District heating,Fair,0,C,128
96,4,2,0,1,34,0,1,1,6.4,Vantaa,Apartment,0,1,District heating,Excellent,0,C,236
58,3,3,1,1,32,0,1,1,3.0,Turku,Apartment,0,0,Electric heating,Fair,0,E,114
92,4,0,0,2,33,1,2,2,5.7,Espoo,Semi-detached house,1,1,District heating,Fair,370,D,347
46,3,5,0,1,51,0,1,1,2.6,Tampere,Apartment,0,0,Electric heating,Fair,0,F,104
97,4,0,0,1,40,0,2,2,2.1,Pori,Apartment,0,1,District heating,Good,0,E,100
137,5,7,1,0,0,0,2,3,2.5,Tampere,Apartment,0,1,District heating,New,0,A,473
34,2,2,0,1,95,0,1,1,8.2,Jyväskylä,Apartment,0,1,Electric heating,Needs renovation,0,G,42
88,3,2,0,0,27,0,1,1,14.2,Espoo,Apartment,0,1,District heating,Fair,0,C,191
115,4,0,1,2,70,1,1,1,12.5,Helsinki,Detached house,1,1,Air-source heat pump,Good,850,F,336
55,2,1,1,1,1,0,1,1,9.9,Espoo,Apartment,1,1,District heating,Excellent,0,A,216
59,3,2,1,1,42,0,1,1,1.7,Turku,Apartment,0,0,District heating,Good,0,D,129
143,5,0,1,1,39,1,2,3,15.7,Helsinki,Detached house,1,1,Geothermal,Good,1090,D,601
116,5,0,1,1,50,1,1,1,4.9,Lahti,Detached house,1,1,Air-source heat pump,Good,935,E,145
37,2,2,1,1,20,0,1,1,1.7,Tampere,Apartment,0,1,District heating,Excellent,0,B,116
41,2,2,0,1,51,0,1,1,2.5,Jyväskylä,Apartment,0,0,District heating,Fair,0,E,71
51,2,0,1,1,95,0,1,1,1.1,Kuopio,Apartment,0,1,District heating,Excellent,0,D,78
40,2,0,0,0,70,0,1,1,3.2,Espoo,Apartment,0,1,District heating,Good,0,F,106
89,5,0,0,2,22,0,2,2,15.7,Espoo,Semi-detached house,1,1,District heating,Good,655,B,297
29,1,2,0,1,38,0,1,1,1.8,Tampere,Apartment,0,0,District heating,Excellent,0,D,96
150,6,0,1,2,51,1,2,3,15.9,Vantaa,Detached house,1,1,Geothermal,Good,1105,D,349
106,5,0,0,2,59,0,2,2,20.2,Vantaa,Terraced house,1,1,District heating,Fair,400,F,205
60,3,1,0,1,66,0,1,1,3.2,Helsinki,Apartment,0,0,District heating,Excellent,0,F,255
79,3,0,0,1,11,1,2,2,5.6,Turku,Apartment,0,1,District heating,Good,0,B,195
44,2,2,0,1,40,0,1,1,20.6,Vantaa,Apartment,0,1,District heating,Fair,0,C,84
67,3,1,1,1,57,0,1,2,2.2,Helsinki,Apartment,0,1,District heating,Needs renovation,0,E,207
82,4,2,1,0,15,0,1,1,5.1,Oulu,Apartment,0,1,District heating,Good,0,C,156
149,6,0,0,1,22,1,2,2,6.1,Helsinki,Detached house,1,1,Electric heating,Good,1805,C,863
31,1,1,1,0,40,0,1,1,6.1,Helsinki,Apartment,0,1,District heating,Good,0,D,118
62,3,3,1,1,49,0,1,1,5.2,Helsinki,Apartment,0,0,District heating,Fair,0,D,254
51,2,1,0,1,37,0,1,1,7.8,Espoo,Apartment,0,0,District heating,Fair,0,E,143
91,3,0,0,0,53,0,2,2,1.1,Helsinki,Apartment,0,0,District heating,Good,0,D,327
90,4,6,0,1,1,0,1,1,3.7,Jyväskylä,Apartment,0,1,District heating,New,0,B,220
71,3,1,0,1,57,0,1,1,1.1,Jyväskylä,Apartment,0,1,District heating,Fair,0,E,113
43,2,0,0,1,47,1,1,1,2.4,Helsinki,Apartment,0,1,District heating,Fair,0,E,172
70,3,0,0,1,16,1,1,1,6.7,Tampere,Apartment,0,0,District heating,Good,0,A,161
68,2,0,1,0,26,0,1,1,1.9,Tampere,Apartment,0,0,District heating,Good,0,B,168
64,3,1,0,1,21,0,1,1,12.2,Espoo,Apartment,0,1,District heating,Good,0,C,207
101,5,2,0,1,41,0,1,1,1.9,Tampere,Apartment,0,1,District heating,Good,0,D,252
51,2,2,1,1,70,0,1,1,3.5,Espoo,Apartment,0,0,District heating,Good,0,F,143
72,3,0,1,0,32,0,1,1,3.3,Helsinki,Apartment,0,0,District heating,Good,0,C,253
96,4,0,1,2,25,1,2,2,5.2,Tampere,Semi-detached house,0,1,Oil heating,Fair,390,E,192
39,2,3,0,1,30,0,1,1,6.6,Helsinki,Apartment,1,1,District heating,Good,0,D,191
85,3,3,0,0,85,0,1,1,1.0,Helsinki,Apartment,0,1,District heating,Needs renovation,0,G,287
78,2,1,0,1,46,0,1,1,3.6,Lahti,Apartment,0,1,District heating,Needs renovation,0,F,80
50,2,1,0,0,24,0,1,1,2.5,Tampere,Apartment,1,1,District heating,Fair,0,D,135
37,2,0,1,0,9,1,1,1,6.3,Espoo,Apartment,1,0,Geothermal,Excellent,0,A,140
80,4,0,0,1,44,1,1,1,12.3,Turku,Semi-detached house,1,1,Air-source heat pump,Needs renovation,1070,E,165
59,3,1,0,1,44,0,1,1,10.9,Vantaa,Apartment,0,1,District heating,Fair,0,D,134
100,4,1,0,1,24,0,2,2,7.5,Vantaa,Apartment,1,0,District heating,Fair,0,E,234
86,4,4,0,1,61,0,1,1,13.7,Vantaa,Apartment,0,0,District heating,Good,0,E,176
76,4,0,0,1,27,0,1,1,1.9,Jyväskylä,Apartment,0,1,District heating,Excellent,0,C,157
39,2,1,1,1,6,0,1,1,9.7,Turku,Apartment,0,0,District heating,Excellent,0,B,95
50,2,1,0,0,40,0,1,1,2.4,Espoo,Apartment,0,0,District heating,Fair,0,E,155
66,2,4,0,1,18,0,1,1,4.1,Vantaa,Apartment,0,1,District heating,Fair,0,C,156
101,4,3,1,1,14,0,1,1,7.5,Jyväskylä,Apartment,1,1,District heating,Fair,0,C,218
54,2,2,0,1,54,0,1,1,3.9,Espoo,Apartment,0,1,District heating,Good,0,E,158
77,2,3,1,1,4,0,1,1,7.1,Oulu,Apartment,0,1,District heating,Excellent,0,B,176
102,3,2,0,1,31,0,1,1,13.7,Vantaa,Apartment,0,1,District heating,Good,0,D,211
50,2,3,0,1,28,0,1,1,8.5,Vantaa,Apartment,0,1,District heating,Fair,0,D,124
63,3,0,0,1,50,1,2,2,6.5,Tampere,Terraced house,0,1,Air-source heat pump,Excellent,290,E,167
69,3,4,1,1,13,0,1,1,3.1,Helsinki,Apartment,0,1,District heating,Good,0,C,337
67,2,2,1,1,11,0,1,1,15.1,Espoo,Apartment,0,1,District heating,Good,0,C,207
104,4,0,0,1,25,0,1,1,5.1,Vantaa,Semi-detached house,0,1,Wood heating,Good,450,D,263
97,4,4,1,0,3,0,1,1,3.9,Tampere,Apartment,0,1,District heating,Excellent,0,A,285
64,3,0,1,1,2,1,1,1,3.2,Kuopio,Terraced house,0,1,District heating,Excellent,420,B,140
65,2,0,1,1,41,1,1,1,10.8,Lahti,Terraced house,0,1,District heating,Good,330,D,89
131,6,0,0,2,67,1,3,3,8.9,Espoo,Semi-detached house,0,1,Air-source heat pump,Needs renovation,1095,E,478
76,3,0,1,0,3,0,1,1,2.9,Tampere,Apartment,0,1,District heating,Good,0,A,220
50,2,1,1,1,9,0,1,1,2.6,Tampere,Apartment,0,1,District heating,Good,0,B,160
42,2,3,0,1,23,0,1,1,7.9,Espoo,Apartment,0,1,District heating,Good,0,C,148
116,5,0,1,1,4,0,2,3,3.5,Kuopio,Apartment,0,1,District heating,Excellent,0,B,231
63,3,4,0,0,26,0,1,1,5.1,Helsinki,Apartment,0,1,District heating,Good,0,D,266
40,2,3,0,1,46,0,1,1,4.1,Helsinki,Apartment,0,1,District heating,Good,0,D,179
60,3,2,0,1,23,0,1,1,10.8,Tampere,Apartment,0,1,District heating,Fair,0,C,138
37,2,1,0,1,33,0,1,1,2.5,Turku,Apartment,0,0,District heating,Good,0,D,87
70,3,0,0,1,43,0,1,1,3.3,Oulu,Apartment,0,1,District heating,Needs renovation,0,E,85
130,6,0,1,1,86,1,3,4,14.0,Helsinki,Terraced house,1,0,District heating,Fair,200,G,354
135,6,3,0,1,50,0,2,2,3.2,Tampere,Apartment,0,0,District heating,Fair,0,E,279
38,2,1,1,1,12,0,1,1,21.7,Espoo,Apartment,0,1,District heating,Good,0,B,117
230,8,0,0,1,17,1,3,4,3.0,Tampere,Detached house,1,1,Geothermal,Good,1280,B,653
89,5,0,0,1,39,1,2,2,7.8,Espoo,Terraced house,0,0,Air-source heat pump,Good,370,C,358
105,4,0,0,1,26,0,1,2,6.2,Oulu,Apartment,1,0,District heating,Needs renovation,0,D,149
87,3,0,1,0,74,1,1,1,2.9,Helsinki,Terraced house,1,1,District heating,Good,560,F,455
144,5,0,1,2,6,0,2,3,2.8,Jyväskylä,Detached house,1,1,District heating,Fair,725,C,281
121,5,0,0,1,42,1,2,2,4.0,Jyväskylä,Semi-detached house,1,1,Oil heating,Fair,985,F,225
36,2,2,1,0,31,0,1,1,5.9,Helsinki,Apartment,0,0,District heating,Excellent,0,B,147
71,2,0,0,2,40,1,1,1,8.9,Espoo,Terraced house,1,1,District heating,Good,490,F,261
73,3,0,0,1,32,1,1,1,6.7,Tampere,Semi-detached house,0,1,Geothermal,Good,505,D,199
60,2,7,1,0,30,0,1,1,11.4,Helsinki,Apartment,0,0,District heating,Fair,0,D,183
80,3,11,0,0,20,0,1,1,3.0,Helsinki,Apartment,0,1,Geothermal,Good,0,C,350
68,3,0,0,0,32,1,1,1,6.9,Helsinki,Apartment,0,1,District heating,Fair,0,C,212
150,6,0,0,2,60,1,2,2,15.2,Vantaa,Semi-detached house,1,1,Air-source heat pump,Fair,1135,E,267
100,4,1,0,1,36,0,2,2,3.0,Jyväskylä,Apartment,0,1,Electric heating,Good,0,D,182
171,7,0,0,1,8,1,3,5,8.6,Pori,Detached house,1,1,Electric heating,Excellent,2560,C,244
89,4,2,0,1,31,0,2,2,1.5,Helsinki,Apartment,0,1,District heating,Fair,0,D,390
71,4,0,1,1,5,1,2,2,9.6,Tampere,Detached house,0,1,Geothermal,Excellent,930,B,233
90,4,1,0,0,36,0,2,2,4.5,Tampere,Apartment,0,0,Electric heating,Fair,0,D,185
40,2,2,0,1,21,0,1,1,4.2,Vantaa,Apartment,0,1,District heating,Fair,0,D,111
96,4,0,0,2,43,1,2,3,18.5,Helsinki,Detached house,0,1,Air-source heat pump,Fair,460,E,307
96,4,1,0,0,10,0,2,2,17.8,Espoo,Apartment,0,1,Air-source heat pump,Good,0,C,276
54,2,8,0,1,16,0,1,1,6.9,Tampere,Apartment,0,1,District heating,Good,0,B,165
84,3,0,0,2,20,1,2,2,22.8,Vantaa,Semi-detached house,0,1,Electric heating,Excellent,870,C,201
143,5,0,0,1,16,1,2,2,9.7,Espoo,Detached house,0,1,District heating,Excellent,2315,B,568
59,3,0,0,2,50,1,2,2,3.6,Vantaa,Terraced house,1,1,District heating,Needs renovation,370,F,120
139,6,0,1,2,17,1,2,2,5.0,Helsinki,Semi-detached house,0,1,Electric heating,Good,405,D,639
127,5,0,1,1,10,1,2,2,15.2,Oulu,Detached house,1,1,Geothermal,Fair,2980,C,221
73,4,0,0,1,39,0,1,1,3.7,Jyväskylä,Apartment,0,1,District heating,Fair,0,C,148
39,2,3,1,1,5,0,1,1,3.9,Lahti,Apartment,0,1,District heating,Excellent,0,C,79
173,7,0,1,1,14,1,2,2,11.2,Oulu,Detached house,1,0,District heating,Excellent,2805,C,379
116,4,3,1,0,25,0,1,1,6.2,Vantaa,Apartment,1,1,District heating,Fair,0,D,263
71,3,0,0,0,45,1,1,1,5.8,Espoo,Terraced house,0,0,District heating,Needs renovation,690,F,273
60,2,1,0,1,20,0,1,1,2.3,Turku,Apartment,0,1,District heating,Excellent,0,B,152
127,5,0,0,1,12,1,2,2,2.0,Tampere,Terraced house,1,1,District heating,Excellent,300,B,396
116,3,1,0,1,31,0,2,2,4.3,Jyväskylä,Apartment,0,1,District heating,Fair,0,D,173
49,2,1,0,0,40,0,1,1,1.5,Helsinki,Apartment,0,1,District heating,Excellent,0,D,198
49,2,0,0,0,34,1,1,1,11.1,Espoo,Apartment,0,1,District heating,Good,0,D,141
140,5,0,0,1,25,1,2,3,1.6,Helsinki,Terraced house,1,1,Air-source heat pump,Fair,355,C,708
82,4,5,0,1,53,0,2,2,5.3,Helsinki,Apartment,0,0,District heating,Needs renovation,0,E,242
68,4,8,0,1,32,0,1,2,2.6,Tampere,Apartment,0,1,Electric heating,Good,0,D,184
106,4,0,1,2,50,1,1,1,7.3,Espoo,Detached house,1,1,District heating,Fair,815,F,323
41,1,0,1,1,10,1,1,1,6.3,Vantaa,Apartment,0,0,District heating,Fair,0,C,120
110,4,0,0,2,32,1,2,2,7.3,Pori,Detached house,0,1,Geothermal,Fair,915,C,125
148,6,0,0,1,29,1,2,2,13.4,Vantaa,Semi-detached house,0,1,District heating,Good,590,D,338
78,3,4,1,1,6,0,1,2,5.7,Helsinki,Apartment,0,1,District heating,Good,0,C,347
47,2,5,1,0,9,0,1,1,4.0,Tampere,Apartment,0,1,District heating,Needs renovation,0,C,129
146,6,0,1,2,41,1,3,4,11.0,Helsinki,Semi-detached house,1,1,Wood heating,Fair,555,E,481
88,3,3,0,0,38,0,1,1,14.2,Jyväskylä,Apartment,0,1,District heating,Fair,0,E,97
68,4,5,1,1,9,0,1,1,11.3,Espoo,Apartment,0,0,Electric heating,Good,0,C,260
120,4,0,0,1,25,1,2,2,6.0,Espoo,Detached house,1,0,Electric heating,Needs renovation,1620,D,532
69,3,3,1,1,95,0,1,1,1.7,Turku,Apartment,0,1,District heating,Needs renovation,0,F,114
139,5,0,0,2,5,0,2,2,5.0,Jyväskylä,Apartment,1,1,Electric heating,New,0,A,302
81,4,3,1,1,12,0,1,1,1.9,Lahti,Apartment,0,1,Air-source heat pump,Needs renovation,0,C,121
43,2,0,0,0,40,1,1,1,0.4,Helsinki,Apartment,0,1,District heating,Fair,0,F,155
110,5,2,1,2,14,0,1,1,2.0,Kuopio,Apartment,0,1,District heating,Fair,0,B,188
107,5,0,1,0,5,1,1,1,11.8,Espoo,Terraced house,0,1,District heating,Needs renovation,685,C,361
52,2,0,1,1,12,0,1,1,5.0,Vantaa,Apartment,0,1,Electric heating,Needs renovation,0,D,102
58,2,3,0,0,37,0,1,1,4.6,Helsinki,Apartment,0,0,District heating,Good,0,D,221
49,2,1,1,1,11,0,1,1,1.5,Jyväskylä,Apartment,0,1,District heating,Excellent,0,A,139
58,2,0,0,1,1,0,1,1,3.5,Jyväskylä,Apartment,0,0,District heating,New,0,B,134
88,3,0,1,1,7,1,2,2,9.3,Helsinki,Semi-detached house,1,1,Air-source heat pump,Excellent,900,B,468
103,5,1,1,1,15,0,1,2,6.5,Vantaa,Apartment,0,1,District heating,Good,0,B,266
37,2,0,1,0,2,1,1,1,5.4,Tampere,Apartment,0,1,District heating,New,0,A,126
68,3,0,1,2,44,1,1,1,9.6,Lahti,Terraced house,0,1,Wood heating,Needs renovation,375,F,65
28,1,0,0,1,39,0,1,1,3.7,Helsinki,Apartment,0,0,District heating,Good,0,E,121
42,2,3,0,1,9,0,1,1,3.8,Helsinki,Apartment,0,1,District heating,Excellent,0,A,240
134,6,0,0,2,25,1,2,3,3.5,Pori,Detached house,0,1,District heating,Excellent,2160,D,225
61,3,4,0,1,11,0,1,1,2.7,Vantaa,Apartment,1,1,Air-source heat pump,Good,0,B,195
61,2,3,0,0,19,0,1,1,10.4,Espoo,Apartment,0,0,District heating,Good,0,C,192
41,2,3,1,1,33,0,1,1,10.1,Vantaa,Apartment,0,0,Air-source heat pump,Fair,0,D,80
74,4,4,0,1,32,0,2,2,3.8,Vantaa,Apartment,0,1,Electric heating,Fair,0,C,208
63,3,0,0,0,25,0,1,1,19.8,Espoo,Apartment,0,1,District heating,Excellent,0,B,161
75,3,0,1,1,15,1,2,2,12.3,Vantaa,Terraced house,0,0,Electric heating,Good,380,C,225
112,4,1,0,1,13,0,2,2,11.1,Turku,Apartment,0,1,Electric heating,Good,0,C,208
116,4,0,1,2,9,1,2,2,3.9,Jyväskylä,Detached house,1,1,Air-source heat pump,Good,1155,B,254
100,4,0,1,2,17,1,1,2,4.6,Pori,Detached house,0,1,Wood heating,Excellent,3095,D,154
57,3,1,0,1,41,0,1,1,5.7,Vantaa,Apartment,0,1,District heating,Good,0,D,143
59,2,0,1,1,24,0,1,1,3.9,Oulu,Apartment,0,1,District heating,Good,0,C,112
77,3,0,1,1,1,0,1,1,3.1,Oulu,Terraced house,0,1,Air-source heat pump,Excellent,250,A,182
67,4,5,0,1,15,0,2,2,2.2,Kuopio,Apartment,0,1,Air-source heat pump,Good,0,C,159
40,2,0,0,0,83,0,1,1,2.7,Helsinki,Apartment,0,0,District heating,Good,0,F,141
87,4,0,1,1,4,0,2,3,12.8,Helsinki,Terraced house,0,1,District heating,Good,280,C,346
82,4,0,0,0,24,1,1,1,5.9,Tampere,Terraced house,0,1,Air-source heat pump,Good,225,B,200
39,1,3,0,1,31,0,1,1,1.7,Turku,Apartment,0,0,District heating,Needs renovation,0,D,83
22,1,1,0,0,22,0,1,1,3.8,Pori,Apartment,0,1,District heating,Fair,0,C,32
51,3,0,0,1,11,0,2,2,2.3,Turku,Apartment,0,0,District heating,Good,0,B,131
102,4,2,1,0,32,0,2,2,1.3,Tampere,Apartment,1,0,District heating,Good,0,D,270
41,2,5,0,0,30,0,1,1,3.9,Tampere,Apartment,0,0,District heating,Excellent,0,C,120
102,4,2,1,1,55,0,1,1,1.5,Tampere,Apartment,0,1,District heating,Needs renovation,0,E,222
48,2,1,0,0,34,0,1,1,2.7,Helsinki,Apartment,0,1,Electric heating,Needs renovation,0,E,168
73,2,0,0,1,21,1,1,1,5.7,Helsinki,Apartment,0,1,District heating,Fair,0,D,315
83,3,10,1,0,12,0,1,1,4.1,Helsinki,Apartment,0,1,District heating,Good,0,C,376
67,3,0,1,1,39,1,2,2,1.8,Tampere,Terraced house,0,0,Air-source heat pump,Fair,305,D,165
113,4,7,1,1,43,0,2,2,10.4,Helsinki,Apartment,0,1,District heating,Good,0,E,361
142,5,0,1,1,34,1,2,2,11.3,Turku,Semi-detached house,1,1,Air-source heat pump,Fair,550,D,226
88,4,0,1,2,0,1,1,1,7.3,Vantaa,Terraced house,0,1,Electric heating,New,620,A,340
46,2,1,0,0,37,0,1,1,5.6,Helsinki,Apartment,0,0,District heating,Fair,0,E,151
57,2,2,0,0,39,0,1,2,6.0,Espoo,Apartment,0,1,Electric heating,Good,0,E,164
114,4,0,1,1,28,0,1,1,2.8,Oulu,Apartment,0,0,District heating,Needs renovation,0,D,147
90,4,0,1,1,4,0,2,3,6.8,Vantaa,Terraced house,1,1,District heating,Good,200,B,249
109,3,0,1,3,33,1,2,2,5.4,Turku,Detached house,0,1,District heating,Fair,655,E,220
100,3,4,1,1,80,0,2,2,2.4,Turku,Apartment,1,0,District heating,Good,0,F,222
50,3,0,0,1,50,1,1,1,3.8,Jyväskylä,Terraced house,0,1,Electric heating,Needs renovation,300,F,62
67,2,2,0,0,28,0,1,1,4.0,Oulu,Apartment,0,1,Air-source heat pump,Fair,0,B,119
136,5,0,0,2,4,1,2,3,1.7,Pori,Detached house,1,0,Electric heating,Good,1200,C,200
96,5,0,0,1,65,1,2,2,7.9,Turku,Terraced house,0,0,Electric heating,Good,285,F,145
58,2,9,0,1,10,0,1,1,3.2,Turku,Apartment,0,1,District heating,Fair,0,B,148
121,5,3,0,0,21,0,1,1,3.1,Helsinki,Apartment,0,1,District heating,Excellent,0,C,508
49,2,2,0,0,3,0,1,1,3.7,Vantaa,Apartment,0,1,District heating,Excellent,0,B,160
104,4,0,1,2,11,1,2,2,3.3,Tampere,Detached house,1,1,District heating,Good,1325,B,362
61,3,6,1,1,11,0,1,1,2.2,Jyväskylä,Apartment,0,1,District heating,Fair,0,D,119
52,2,1,0,2,16,0,1,1,3.8,Jyväskylä,Apartment,0,1,District heating,Good,0,B,114
122,6,0,0,2,38,1,2,2,10.4,Oulu,Detached house,1,1,Air-source heat pump,Fair,2280,E,236
119,5,0,0,2,63,1,2,2,15.1,Oulu,Detached house,1,0,Wood heating,Fair,870,G,157
167,6,0,1,1,19,1,3,4,10.1,Lahti,Semi-detached house,1,1,District heating,Needs renovation,1670,D,182
87,3,1,0,0,23,0,2,2,12.9,Helsinki,Apartment,0,1,Air-source heat pump,Excellent,0,C,283
39,1,1,0,1,39,0,1,1,8.4,Helsinki,Apartment,0,1,Electric heating,Good,0,E,153
72,3,1,0,1,82,0,1,1,3.3,Tampere,Apartment,0,0,District heating,Fair,0,E,148
77,3,0,1,1,34,0,1,1,5.1,Espoo,Terraced house,0,1,District heating,Excellent,295,D,331
59,3,7,0,1,65,0,1,1,6.5,Oulu,Apartment,0,0,District heating,Good,0,F,99
68,3,2,1,0,31,0,1,1,3.0,Helsinki,Apartment,0,1,District heating,Good,0,E,258
34,1,1,1,1,0,0,1,1,2.1,Helsinki,Apartment,0,1,District heating,New,0,A,216
86,4,0,1,1,87,1,2,2,5.4,Turku,Terraced house,0,1,Oil heating,Good,385,F,139
60,2,6,0,0,22,0,1,1,3.7,Helsinki,Apartment,0,0,Electric heating,Excellent,0,D,250
85,4,6,0,1,24,0,1,1,6.0,Vantaa,Apartment,0,0,District heating,Good,0,B,219
70,3,1,1,0,0,0,1,1,3.2,Tampere,Apartment,0,0,District heating,New,0,A,213
50,3,0,1,0,4,0,1,1,7.2,Vantaa,Apartment,1,1,District heating,Excellent,0,B,156
64,2,5,1,0,8,0,1,1,3.0,Helsinki,Apartment,0,1,Electric heating,Good,0,D,285
43,1,0,0,0,28,1,1,1,6.9,Espoo,Apartment,0,0,District heating,Good,0,B,143
105,5,1,0,1,46,0,2,2,6.3,Oulu,Apartment,1,1,District heating,Needs renovation,0,E,133
35,2,1,0,1,48,0,1,1,2.9,Kuopio,Apartment,0,1,Electric heating,Good,0,E,59
88,3,2,1,1,4,0,1,1,9.5,Helsinki,Apartment,0,1,District heating,Excellent,0,C,354
93,5,0,1,1,45,1,2,2,5.2,Helsinki,Semi-detached house,1,1,Electric heating,Fair,540,E,392
129,4,2,0,1,74,0,1,1,2.5,Turku,Apartment,1,1,District heating,Good,0,F,243
68,2,4,0,0,16,0,1,1,2.7,Tampere,Apartment,0,1,District heating,Excellent,0,B,180
97,3,4,1,1,4,0,1,1,15.4,Vantaa,Apartment,0,1,District heating,Good,0,B,222
113,5,0,0,2,18,1,2,2,7.2,Helsinki,Semi-detached house,1,1,District heating,Excellent,375,B,526
163,5,0,0,2,0,1,2,4,6.0,Turku,Detached house,1,1,Electric heating,New,1400,A,437
62,2,2,0,1,39,0,1,1,2.4,Pori,Apartment,0,0,Air-source heat pump,Fair,0,D,73
42,2,7,0,0,30,0,1,1,2.6,Turku,Apartment,0,0,District heating,Needs renovation,0,E,81
45,2,3,1,1,13,0,1,1,7.1,Oulu,Apartment,0,1,District heating,Good,0,C,93
136,6,0,1,1,11,1,1,1,4.0,Jyväskylä,Semi-detached house,0,1,Air-source heat pump,Fair,805,C,253
43,2,4,1,0,8,0,1,1,5.3,Helsinki,Apartment,0,1,District heating,Good,0,C,185
86,4,0,0,1,59,0,1,1,2.7,Vantaa,Apartment,0,1,Electric heating,Needs renovation,0,E,156
67,3,4,0,1,29,0,2,2,2.8,Helsinki,Apartment,0,0,District heating,Fair,0,D,268
35,2,5,1,1,2,0,1,1,4.6,Turku,Apartment,0,1,District heating,New,0,B,110
54,2,5,0,0,20,0,1,1,3.1,Turku,Apartment,0,0,District heating,Needs renovation,0,D,95
45,1,3,0,0,40,0,1,1,2.9,Helsinki,Apartment,0,1,District heating,Needs renovation,0,D,124
75,3,1,0,1,24,0,1,1,4.5,Turku,Apartment,1,0,District heating,Good,0,C,171
64,2,1,0,1,18,0,1,1,6.4,Jyväskylä,Apartment,1,0,District heating,Good,0,C,115
48,2,1,0,0,28,0,1,1,2.4,Tampere,Apartment,0,1,District heating,Good,0,C,131
90,4,0,0,0,36,1,1,1,3.6,Tampere,Terraced house,0,0,District heating,Good,180,E,184
41,2,0,0,0,95,0,1,1,6.8,Helsinki,Apartment,0,0,Electric heating,Fair,0,F,99
86,3,0,0,1,1,0,1,1,6.8,Helsinki,Terraced house,0,1,District heating,New,250,A,417
44,2,1,0,0,54,0,1,1,2.9,Helsinki,Apartment,0,0,Air-source heat pump,Good,0,E,161
54,2,0,1,1,18,1,1,1,4.0,Tampere,Terraced house,0,0,Geothermal,Excellent,360,C,196
89,3,0,1,1,49,1,1,1,8.1,Lahti,Semi-detached house,0,1,Electric heating,Needs renovation,570,F,87
42,1,6,0,0,2,0,1,1,2.3,Tampere,Apartment,0,1,District heating,New,0,A,160
90,3,1,1,1,32,0,1,1,3.1,Turku,Apartment,0,1,District heating,Fair,0,D,172
29,1,0,0,1,26,0,1,1,1.3,Jyväskylä,Apartment,0,0,District heating,Fair,0,E,61
107,4,5,1,0,2,0,2,2,7.2,Helsinki,Apartment,0,1,Air-source heat pump,New,0,B,497
81,3,1,0,0,5,0,2,2,3.1,Helsinki,Apartment,0,1,Geothermal,Good,0,C,379
53,2,2,0,1,94,0,1,1,4.5,Turku,Apartment,0,0,Electric heating,Good,0,G,88
68,2,0,1,0,39,0,1,1,10.5,Helsinki,Apartment,0,1,District heating,Fair,0,D,172
99,4,0,1,1,0,0,1,1,5.0,Turku,Apartment,0,1,District heating,New,0,A,254
127,5,3,0,1,37,0,1,1,3.9,Espoo,Apartment,0,1,District heating,Needs renovation,0,E,344
105,4,0,0,1,15,0,1,2,3.7,Turku,Apartment,0,1,District heating,Good,0,C,215
93,5,0,0,1,80,1,1,1,12.5,Turku,Semi-detached house,0,1,Electric heating,Good,620,F,143
71,2,0,0,1,0,0,1,1,6.5,Vantaa,Apartment,0,1,District heating,New,0,A,195
89,3,3,0,1,25,0,1,1,4.0,Vantaa,Apartment,0,1,District heating,Needs renovation,0,D,177
114,4,0,0,2,51,1,2,2,2.3,Tampere,Detached house,1,1,Electric heating,Needs renovation,1315,F,252
65,2,1,1,1,34,0,1,1,3.4,Vantaa,Apartment,0,1,District heating,Good,0,C,175
104,4,0,0,2,20,1,1,1,3.0,Lahti,Detached house,1,0,Geothermal,Needs renovation,1285,B,135
52,2,3,1,0,0,0,1,1,2.6,Espoo,Apartment,1,1,District heating,New,0,B,240
83,4,0,0,1,29,1,1,1,13.2,Espoo,Detached house,1,1,Electric heating,Good,965,D,363
65,3,0,0,1,1,1,2,2,3.4,Tampere,Apartment,0,1,District heating,New,0,A,219
47,3,2,0,1,1,0,1,1,2.7,Tampere,Apartment,0,1,District heating,Excellent,0,C,166
42,2,9,0,1,37,0,1,1,8.9,Helsinki,Apartment,0,1,District heating,Good,0,D,180
76,4,2,0,1,46,0,1,1,4.7,Helsinki,Apartment,0,1,District heating,Fair,0,D,250
93,3,0,1,1,15,0,1,1,16.2,Vantaa,Apartment,1,1,District heating,Excellent,0,B,215
75,3,3,1,1,73,0,2,2,3.2,Helsinki,Apartment,0,1,District heating,Needs renovation,0,F,220
47,2,0,1,0,1,0,1,1,4.6,Helsinki,Apartment,0,1,District heating,New,0,A,220
57,2,4,0,1,23,0,1,1,5.3,Tampere,Apartment,0,1,District heating,Good,0,B,152
166,6,0,1,1,32,1,3,4,3.9,Oulu,Detached house,1,1,Air-source heat pump,Good,2735,D,419
118,5,0,1,2,14,1,1,2,20.9,Tampere,Semi-detached house,0,0,Electric heating,Excellent,1155,C,223
27,1,7,1,0,14,0,1,1,9.6,Vantaa,Apartment,0,1,District heating,Needs renovation,0,D,68
40,1,8,1,0,10,0,1,1,7.9,Espoo,Apartment,0,1,District heating,Fair,0,C,157
99,4,1,0,1,39,0,1,1,6.3,Turku,Apartment,0,1,District heating,Fair,0,E,193
23,1,4,0,1,32,0,1,1,4.7,Oulu,Apartment,0,1,District heating,Fair,0,C,49
58,2,6,0,1,36,0,1,1,3.3,Helsinki,Apartment,0,1,District heating,Good,0,D,260
54,3,0,0,0,59,0,1,1,5.0,Helsinki,Apartment,0,0,District heating,Excellent,0,E,178
49,2,5,1,0,63,0,1,1,4.0,Tampere,Apartment,0,1,District heating,Fair,0,F,96
78,3,3,0,1,0,0,2,2,5.1,Vantaa,Apartment,0,1,District heating,New,0,A,252
50,3,3,0,1,41,0,1,1,3.4,Oulu,Apartment,0,0,District heating,Fair,0,E,84
64,2,5,0,1,25,0,1,1,3.9,Helsinki,Apartment,0,0,District heating,Good,0,D,284
58,2,2,0,1,24,0,1,1,3.2,Vantaa,Apartment,0,1,District heating,Fair,0,D,149
93,3,0,0,2,45,1,2,2,12.4,Jyväskylä,Detached house,0,1,Oil heating,Fair,1780,E,146
84,4,3,0,2,67,0,2,2,5.7,Espoo,Apartment,0,1,District heating,Fair,0,F,229
137,5,0,0,2,55,1,2,3,2.5,Lahti,Semi-detached house,1,0,District heating,Excellent,1575,E,237
35,2,1,1,1,49,0,1,1,1.3,Oulu,Apartment,0,1,District heating,Good,0,D,68
127,5,0,0,2,23,1,1,1,14.1,Helsinki,Detached house,0,0,Geothermal,Excellent,745,B,446
110,4,2,0,1,16,0,1,1,9.3,Espoo,Apartment,0,1,District heating,Good,0,C,341
118,4,11,0,0,95,0,1,1,9.2,Helsinki,Apartment,0,1,District heating,Fair,0,G,328
65,2,0,1,1,2,1,1,1,5.3,Tampere,Apartment,0,1,District heating,Excellent,0,C,185
56,2,1,0,1,47,0,1,1,2.2,Kuopio,Apartment,0,0,District heating,Needs renovation,0,E,71
110,4,4,1,2,7,0,1,1,2.6,Oulu,Apartment,1,1,District heating,Excellent,0,A,271
40,2,11,0,0,49,0,1,1,5.4,Helsinki,Apartment,0,1,District heating,Good,0,E,140
73,3,1,0,1,39,0,1,1,1.8,Turku,Apartment,0,0,District heating,Fair,0,E,136
69,4,2,0,0,30,0,1,1,6.0,Helsinki,Apartment,0,0,District heating,Excellent,0,C,262
99,4,1,0,1,33,0,2,2,2.4,Turku,Apartment,1,1,District heating,Excellent,0,D,220
86,3,0,1,0,9,0,1,1,1.7,Helsinki,Apartment,1,1,District heating,Excellent,0,A,401
62,3,2,1,1,20,0,1,1,7.4,Vantaa,Apartment,0,1,District heating,Good,0,C,147
101,4,0,0,2,46,1,1,1,19.0,Espoo,Terraced house,1,1,Air-source heat pump,Fair,515,F,286
52,3,3,0,0,30,0,1,1,1.6,Helsinki,Apartment,0,1,District heating,Good,0,C,224
65,2,1,1,0,35,0,1,1,1.9,Turku,Apartment,0,1,District heating,Good,0,D,137
153,5,0,1,1,1,0,2,3,10.7,Espoo,Detached house,1,1,Air-source heat pump,New,1630,B,710
76,2,0,1,1,34,1,1,1,6.4,Jyväskylä,Semi-detached house,1,1,District heating,Fair,1350,E,161
40,2,1,0,0,45,0,1,1,3.8,Oulu,Apartment,0,1,Oil heating,Fair,0,E,58
34,2,8,1,1,4,0,1,1,3.2,Tampere,Apartment,0,1,District heating,Excellent,0,B,145
29,1,1,0,1,11,0,1,1,22.8,Espoo,Apartment,0,0,District heating,Good,0,B,83
51,2,2,1,1,42,0,1,1,1.6,Oulu,Apartment,0,1,Electric heating,Good,0,E,96
29,1,1,0,0,26,0,1,1,2.1,Helsinki,Apartment,0,1,District heating,Fair,0,B,117
54,2,0,0,1,41,1,1,1,0.7,Helsinki,Apartment,0,0,District heating,Fair,0,E,237
144,5,0,0,1,46,1,2,2,24.9,Espoo,Detached house,1,1,Electric heating,Needs renovation,1515,F,307
33,1,1,0,0,15,0,1,1,2.0,Helsinki,Apartment,0,1,District heating,Good,0,D,162
78,2,0,0,2,23,0,1,2,6.2,Espoo,Apartment,0,0,District heating,Fair,0,D,221
71,3,0,0,1,34,0,1,1,2.8,Helsinki,Apartment,1,1,District heating,Fair,0,E,263
163,6,0,1,3,23,1,2,2,8.0,Helsinki,Detached house,1,1,District heating,Excellent,1115,C,753
137,6,0,1,2,7,0,3,3,15.0,Espoo,Semi-detached house,1,1,Electric heating,Fair,1475,C,531
64,3,1,0,0,67,0,1,1,3.8,Helsinki,Apartment,0,0,Electric heating,Fair,0,F,200
70,2,4,0,0,13,0,1,1,7.5,Espoo,Apartment,0,1,District heating,Fair,0,C,213
94,5,0,1,1,3,1,1,1,6.9,Helsinki,Semi-detached house,0,1,Electric heating,Excellent,680,B,575
164,6,0,0,2,50,1,1,1,8.2,Tampere,Detached house,1,1,Air-source heat pump,Fair,1535,E,443
98,4,1,0,0,22,0,1,1,6.2,Espoo,Apartment,0,1,Geothermal,Needs renovation,0,D,250
98,4,0,0,1,30,0,1,2,1.6,Lahti,Apartment,0,1,District heating,Fair,0,D,114
73,3,3,1,1,3,0,2,2,16.2,Lahti,Apartment,1,1,District heating,New,0,A,120
43,1,2,0,1,29,0,1,1,2.4,Helsinki,Apartment,0,1,District heating,Fair,0,C,188
84,3,0,0,1,39,1,2,2,9.9,Oulu,Terraced house,0,1,Electric heating,Good,390,E,138
107,4,1,1,1,25,0,1,1,4.5,Helsinki,Apartment,1,1,District heating,Good,0,D,434
85,3,1,0,1,2,0,1,1,1.3,Jyväskylä,Apartment,0,1,Electric heating,New,0,B,228
41,2,0,1,0,0,0,1,1,2.5,Oulu,Apartment,0,1,District heating,New,0,A,106
29,1,4,0,1,13,0,1,1,7.7,Tampere,Apartment,0,1,District heating,Good,0,C,89
156,6,0,1,1,16,1,2,4,6.1,Espoo,Detached house,1,0,Geothermal,Fair,990,D,525
116,5,0,1,1,37,1,2,3,5.7,Tampere,Detached house,0,1,Oil heating,Fair,805,E,242
199,9,0,0,2,11,1,3,4,5.8,Oulu,Detached house,1,1,Geothermal,Good,1645,B,391
65,2,1,0,2,3,0,1,1,4.3,Helsinki,Apartment,0,0,Air-source heat pump,Excellent,0,B,337
59,3,0,0,1,27,1,1,1,4.5,Pori,Terraced house,0,1,Electric heating,Needs renovation,655,E,75
199,8,0,1,1,3,1,2,2,4.8,Tampere,Detached house,1,1,Air-source heat pump,Excellent,685,B,557
72,2,4,0,1,32,0,1,1,2.8,Espoo,Apartment,0,1,District heating,Good,0,C,246
75,2,0,0,1,53,0,1,1,1.1,Lahti,Apartment,0,1,District heating,Good,0,F,104
28,1,3,1,0,2,0,1,1,14.2,Espoo,Apartment,0,0,District heating,New,0,B,112
145,5,0,0,2,37,1,3,4,5.6,Jyväskylä,Detached house,1,1,Geothermal,Needs renovation,1780,D,236
31,2,1,1,2,5,0,1,1,1.7,Kuopio,Apartment,0,0,District heating,Good,0,C,69
53,3,4,0,1,12,0,1,1,3.8,Jyväskylä,Apartment,0,1,District heating,Fair,0,C,109
55,3,0,1,0,22,0,1,1,3.7,Helsinki,Apartment,0,1,Geothermal,Good,0,B,241
101,3,3,0,1,85,0,1,2,13.7,Helsinki,Apartment,0,0,District heating,Excellent,0,E,270
59,3,0,1,1,77,0,1,1,3.1,Jyväskylä,Apartment,0,0,District heating,Good,0,F,98
84,4,1,0,0,78,0,2,2,3.4,Helsinki,Apartment,0,0,District heating,Needs renovation,0,G,217
62,3,1,0,1,28,0,1,1,8.5,Helsinki,Apartment,0,1,District heating,Fair,0,C,216
99,3,0,0,1,3,1,2,2,21.5,Vantaa,Semi-detached house,0,0,Electric heating,Good,885,C,224
202,8,0,0,2,27,1,3,4,5.6,Kuopio,Detached house,1,1,Electric heating,Good,1240,D,296
96,4,0,0,1,48,0,1,2,4.3,Jyväskylä,Apartment,0,0,District heating,Good,0,E,136
37,2,3,1,1,52,0,1,1,3.0,Turku,Apartment,0,1,District heating,Excellent,0,D,91
50,2,3,0,1,20,0,1,1,18.6,Vantaa,Apartment,0,0,District heating,Fair,0,C,106
101,4,0,1,1,45,1,2,2,23.4,Vantaa,Detached house,0,1,Electric heating,Good,2355,E,200
81,2,4,1,1,38,0,1,1,1.2,Helsinki,Apartment,0,1,District heating,Fair,0,E,334
103,4,7,1,2,44,0,2,2,6.6,Espoo,Apartment,0,0,District heating,Fair,0,E,293
50,2,2,0,0,40,0,1,1,2.8,Helsinki,Apartment,0,0,District heating,Needs renovation,0,E,166
129,5,0,1,1,15,1,3,3,8.5,Jyväskylä,Semi-detached house,1,1,Geothermal,Good,590,A,236
72,3,0,0,1,26,1,1,1,8.4,Helsinki,Apartment,1,1,District heating,Fair,0,C,315
110,4,0,0,0,18,1,2,3,2.7,Helsinki,Apartment,0,1,District heating,Excellent,0,B,496
71,3,0,0,0,17,0,1,1,0.7,Tampere,Apartment,1,1,District heating,Good,0,C,197
80,4,0,0,1,39,1,1,1,4.7,Helsinki,Semi-detached house,0,1,Air-source heat pump,Good,335,D,399
96,4,6,0,0,60,0,1,2,3.3,Helsinki,Apartment,0,0,District heating,Good,0,F,341
30,2,1,0,1,28,0,1,1,16.5,Vantaa,Apartment,0,0,Electric heating,Good,0,C,73
91,3,11,1,0,33,0,1,2,4.3,Espoo,Apartment,0,1,Electric heating,Fair,0,E,273
137,5,0,1,1,16,1,2,2,5.0,Turku,Semi-detached house,1,1,Air-source heat pump,Needs renovation,730,C,244
89,3,0,0,2,14,1,1,1,2.8,Kuopio,Detached house,1,1,Air-source heat pump,Good,1345,C,215
68,2,1,1,1,42,0,1,1,2.1,Jyväskylä,Apartment,0,1,District heating,Fair,0,E,115
82,4,0,1,1,17,1,2,2,4.5,Tampere,Detached house,0,1,Electric heating,Good,930,C,278
75,2,2,1,1,80,0,1,1,4.8,Helsinki,Apartment,0,0,District heating,Needs renovation,0,G,187
69,3,0,0,1,23,0,2,2,1.6,Kuopio,Apartment,1,0,District heating,Fair,0,D,132
50,2,3,0,1,12,0,1,1,7.9,Lahti,Apartment,0,1,District heating,Good,0,B,79
146,5,0,1,1,3,0,3,3,12.4,Espoo,Terraced house,0,1,Electric heating,Excellent,315,A,563
55,3,7,1,0,14,0,1,2,5.2,Tampere,Apartment,0,0,District heating,Excellent,0,C,171
43,2,2,1,0,2,0,1,1,3.6,Helsinki,Apartment,0,0,District heating,New,0,A,223
100,4,0,0,1,46,0,2,2,2.5,Oulu,Apartment,1,1,District heating,Good,0,E,169
40,2,0,0,1,17,0,1,1,2.7,Helsinki,Apartment,0,1,District heating,Good,0,C,199
81,4,2,1,1,12,0,1,1,2.0,Pori,Apartment,0,1,District heating,Good,0,C,122
99,4,1,1,2,17,0,1,1,2.4,Tampere,Apartment,0,1,District heating,Fair,0,D,266
42,2,0,0,1,33,1,1,1,2.8,Lahti,Apartment,0,1,District heating,Good,0,D,70
63,2,4,1,1,13,0,1,1,6.5,Espoo,Apartment,1,0,District heating,Good,0,D,219
46,3,0,0,1,37,0,1,1,1.3,Turku,Apartment,0,1,District heating,Good,0,D,109
39,2,4,1,1,28,0,1,1,4.5,Espoo,Apartment,0,0,District heating,Good,0,E,155
129,6,0,0,2,66,1,2,2,14.1,Vantaa,Detached house,0,0,Oil heating,Fair,1125,G,208
61,3,0,0,1,62,0,1,1,1.9,Oulu,Apartment,0,0,District heating,Good,0,G,98
74,2,4,1,1,5,0,1,1,2.1,Tampere,Apartment,0,1,District heating,New,0,A,254
67,2,2,1,1,1,0,1,1,20.5,Espoo,Apartment,0,1,District heating,New,0,A,217
62,3,2,0,1,28,0,1,1,2.7,Tampere,Apartment,0,0,District heating,Fair,0,D,143
103,4,0,0,2,44,1,1,1,8.0,Turku,Apartment,1,1,District heating,Good,0,E,156
53,3,7,0,1,51,0,1,1,2.3,Helsinki,Apartment,0,0,District heating,Fair,0,E,212
30,2,2,1,1,14,0,1,1,2.8,Turku,Apartment,0,1,District heating,Good,0,C,95
84,4,0,0,2,52,1,1,1,7.5,Vantaa,Terraced house,0,1,District heating,Fair,395,F,177
60,3,0,0,1,20,1,1,1,6.9,Tampere,Apartment,0,1,District heating,Good,0,B,162
89,3,0,0,2,17,1,1,1,8.8,Oulu,Detached house,1,1,Wood heating,Good,995,C,166
183,8,0,0,2,28,1,2,4,2.2,Tampere,Detached house,0,1,Wood heating,Needs renovation,1380,E,475
106,5,0,0,1,44,1,2,3,6.5,Vantaa,Terraced house,1,1,Geothermal,Fair,495,E,267
97,4,0,0,2,23,1,2,3,5.4,Jyväskylä,Semi-detached house,0,1,District heating,Good,480,C,168
116,3,0,0,1,9,1,2,2,5.3,Jyväskylä,Terraced house,1,1,District heating,Excellent,545,B,262
129,5,0,1,3,8,0,2,2,6.9,Turku,Detached house,0,1,Electric heating,Good,710,D,273
68,2,1,0,1,21,0,1,1,1.7,Turku,Apartment,0,1,District heating,Good,0,D,152
76,3,2,0,1,28,0,1,1,4.5,Lahti,Apartment,0,1,District heating,Good,0,D,112
101,4,0,1,1,13,1,1,2,9.9,Tampere,Semi-detached house,0,0,District heating,Excellent,1525,C,322
60,2,4,1,1,2,0,1,1,2.3,Helsinki,Apartment,0,1,District heating,Excellent,0,A,316
56,2,3,0,1,10,0,1,1,2.9,Tampere,Apartment,0,1,District heating,Good,0,C,169
84,3,1,1,1,5,0,1,1,2.7,Pori,Apartment,0,1,District heating,Excellent,0,B,124
39,1,1,1,1,22,0,1,1,2.0,Jyväskylä,Apartment,0,0,District heating,Fair,0,D,72
120,5,0,0,0,46,1,2,3,24.6,Vantaa,Detached house,0,1,Wood heating,Fair,1345,F,221
62,2,0,0,0,11,0,1,1,4.0,Helsinki,Apartment,1,1,District heating,Excellent,0,B,271
33,1,11,1,1,12,0,1,1,4.8,Vantaa,Apartment,0,0,Electric heating,Good,0,C,109
105,4,0,0,1,24,1,2,2,7.1,Helsinki,Terraced house,1,1,District heating,Good,205,C,432
116,6,1,0,2,89,0,2,2,6.6,Oulu,Apartment,0,0,District heating,Good,0,E,173
89,2,0,0,0,12,0,1,1,2.5,Helsinki,Apartment,1,1,Air-source heat pump,Good,0,B,385
75,3,0,1,2,14,1,1,1,10.7,Espoo,Semi-detached house,0,1,Oil heating,Good,335,C,255
42,1,3,0,0,16,0,1,1,8.4,Espoo,Apartment,0,1,District heating,Excellent,0,C,157
58,2,4,1,0,64,0,1,1,10.5,Helsinki,Apartment,0,0,District heating,Fair,0,E,167
37,1,2,1,1,10,0,1,1,10.6,Tampere,Apartment,0,1,District heating,Fair,0,C,97
84,4,0,0,1,27,1,2,3,3.2,Jyväskylä,Terraced house,1,1,District heating,Fair,545,D,166
71,3,0,1,0,46,1,1,1,5.2,Tampere,Terraced house,0,1,Air-source heat pump,Fair,350,D,161
70,3,4,1,0,14,0,1,1,4.5,Tampere,Apartment,0,1,District heating,Good,0,C,213
72,3,0,0,1,87,0,1,1,3.6,Oulu,Apartment,0,0,District heating,Fair,0,F,91
66,3,4,0,1,13,0,2,2,7.8,Vantaa,Apartment,0,1,District heating,Needs renovation,0,C,158
49,3,3,1,0,60,0,2,2,4.8,Turku,Apartment,1,0,District heating,Needs renovation,0,G,73
120,6,0,0,1,22,1,1,1,19.5,Espoo,Semi-detached house,0,1,Air-source heat pump,Good,640,B,397
52,2,0,1,1,51,1,1,1,3.1,Helsinki,Apartment,0,1,District heating,Excellent,0,E,223
81,3,0,0,1,47,0,1,1,1.6,Kuopio,Apartment,0,1,District heating,Fair,0,E,134
51,2,0,0,0,64,0,1,1,2.6,Helsinki,Apartment,0,0,District heating,Needs renovation,0,F,131
119,5,0,0,1,40,0,1,1,13.3,Vantaa,Semi-detached house,0,1,Oil heating,Fair,540,E,262
106,5,3,1,1,20,0,1,1,2.6,Helsinki,Apartment,0,1,District heating,Fair,0,C,448
64,3,0,1,1,39,1,2,3,8.1,Vantaa,Terraced house,0,1,District heating,Fair,400,E,188
56,3,5,0,1,41,0,1,1,4.8,Helsinki,Apartment,0,1,Air-source heat pump,Fair,0,D,222
81,4,0,1,1,50,1,1,1,7.4,Helsinki,Semi-detached house,0,1,District heating,Good,455,E,335
126,5,0,0,2,94,1,1,1,4.2,Jyväskylä,Detached house,1,1,Air-source heat pump,Fair,2265,G,218
85,4,4,0,1,9,0,1,2,6.2,Tampere,Apartment,1,1,Electric heating,Excellent,0,B,278
31,1,0,1,1,3,0,1,1,16.9,Lahti,Apartment,1,1,District heating,Excellent,0,B,41
53,2,6,0,1,40,0,1,1,5.1,Helsinki,Apartment,0,0,District heating,Good,0,D,226
87,4,3,1,1,11,0,2,2,3.1,Jyväskylä,Apartment,0,1,District heating,Excellent,0,B,210
32,1,2,1,2,19,0,1,1,7.0,Helsinki,Apartment,0,1,District heating,Fair,0,D,168
85,4,0,1,1,1,1,1,1,4.0,Helsinki,Apartment,0,0,District heating,Excellent,0,B,404
72,3,0,1,1,18,0,1,1,13.2,Oulu,Terraced house,0,1,Wood heating,Fair,435,D,98
24,1,1,1,0,5,0,1,1,6.1,Tampere,Apartment,0,1,Electric heating,Good,0,C,63
154,7,0,1,1,12,1,2,4,6.1,Oulu,Detached house,1,1,District heating,Excellent,1840,D,319
70,3,0,0,1,28,0,2,2,1.7,Helsinki,Apartment,0,0,District heating,Good,0,B,316
53,2,5,1,1,19,0,1,1,3.0,Helsinki,Apartment,0,1,District heating,Fair,0,C,245
76,2,0,0,2,38,1,1,2,2.9,Turku,Terraced house,0,0,District heating,Fair,200,D,147
101,3,2,0,1,23,0,1,1,0.8,Jyväskylä,Apartment,0,1,District heating,Good,0,C,225
57,3,3,0,0,9,0,1,1,19.8,Espoo,Apartment,0,1,District heating,Good,0,C,153
237,8,0,0,2,22,1,3,4,14.4,Vantaa,Detached house,1,1,Air-source heat pump,Excellent,2580,C,581
85,3,3,0,1,1,0,1,1,4.9,Jyväskylä,Apartment,0,1,District heating,New,0,B,197
114,4,0,1,1,29,0,2,2,4.4,Tampere,Apartment,0,1,Electric heating,Needs renovation,0,E,223
143,5,0,0,1,47,1,2,2,5.1,Turku,Detached house,1,0,District heating,Fair,850,D,299
36,1,0,1,1,4,0,1,1,2.6,Helsinki,Apartment,0,0,District heating,Excellent,0,C,182
68,3,0,0,0,43,1,2,2,4.3,Turku,Terraced house,0,1,Air-source heat pump,Fair,300,D,143
94,4,0,0,2,19,1,2,2,6.0,Jyväskylä,Detached house,0,1,Electric heating,Good,835,E,171
40,2,3,1,1,23,0,1,1,3.2,Turku,Apartment,0,1,District heating,Fair,0,C,94
62,3,0,1,1,3,1,1,1,9.8,Tampere,Apartment,0,1,District heating,Excellent,0,B,166
149,6,0,0,1,2,1,3,4,7.5,Lahti,Semi-detached house,1,1,District heating,New,1385,B,266
51,2,2,0,1,26,0,1,1,4.2,Helsinki,Apartment,0,1,District heating,Fair,0,D,201
66,3,0,1,1,49,0,1,1,7.4,Helsinki,Apartment,1,1,District heating,Needs renovation,0,F,192
71,3,6,1,1,24,0,2,2,4.8,Espoo,Apartment,0,1,District heating,Good,0,C,267
32,2,0,1,0,28,0,1,1,5.0,Kuopio,Apartment,0,0,Air-source heat pump,Fair,0,C,45
97,4,1,0,1,93,0,1,1,8.0,Tampere,Apartment,0,0,District heating,Fair,0,E,132
72,4,4,1,1,5,0,1,2,7.9,Helsinki,Apartment,0,1,District heating,Excellent,0,A,335
86,2,0,1,2,21,0,1,1,3.7,Lahti,Apartment,0,1,District heating,Good,0,D,133
116,4,0,1,3,54,1,2,3,3.0,Lahti,Detached house,0,1,District heating,Fair,675,F,134
123,5,0,0,2,20,1,2,3,16.3,Espoo,Terraced house,0,1,Wood heating,Good,360,D,357
37,1,1,1,0,36,0,1,1,2.0,Tampere,Apartment,0,1,District heating,Fair,0,C,85
128,6,0,1,1,7,0,1,2,1.4,Tampere,Apartment,0,0,District heating,Excellent,0,B,355
64,2,2,0,0,28,0,1,1,3.2,Turku,Apartment,0,1,District heating,Fair,0,D,120
87,4,0,0,1,54,1,1,2,4.7,Helsinki,Terraced house,0,1,Air-source heat pump,Needs renovation,235,D,296
93,3,3,1,1,2,0,1,1,6.4,Tampere,Apartment,0,1,District heating,Excellent,0,A,272
77,3,1,0,1,40,0,1,1,3.7,Pori,Apartment,0,1,District heating,Needs renovation,0,E,61
57,2,2,0,1,19,0,1,1,6.5,Lahti,Apartment,1,1,District heating,Fair,0,C,85
92,4,0,0,1,48,1,2,2,8.6,Turku,Terraced house,0,1,Wood heating,Good,325,E,155
40,2,0,0,1,42,0,1,1,1.9,Helsinki,Apartment,0,0,District heating,Good,0,D,175
61,3,2,0,1,30,0,2,2,2.7,Helsinki,Apartment,0,0,District heating,Fair,0,C,266
90,4,12,1,0,84,0,1,2,12.5,Helsinki,Apartment,0,1,Electric heating,Fair,0,F,245
101,4,0,0,1,38,1,2,2,1.9,Turku,Apartment,0,0,District heating,Fair,0,D,189
24,1,2,1,0,2,0,1,1,6.7,Helsinki,Apartment,0,1,District heating,New,0,A,126
82,3,3,0,1,26,0,2,2,1.7,Tampere,Apartment,0,1,District heating,Good,0,D,218
46,2,1,0,1,66,0,1,1,9.0,Helsinki,Apartment,0,0,District heating,Fair,0,F,133
151,6,0,0,1,49,1,2,4,2.4,Jyväskylä,Detached house,0,1,Wood heating,Fair,2320,F,288
36,2,7,1,0,32,0,1,1,1.1,Tampere,Apartment,0,1,District heating,Needs renovation,0,E,98
108,4,0,0,1,15,1,2,2,9.5,Espoo,Semi-detached house,0,1,Air-source heat pump,Excellent,760,B,454
108,4,0,1,2,7,0,1,1,7.5,Tampere,Apartment,0,0,District heating,Good,0,B,235
163,6,0,0,3,45,1,2,3,5.1,Espoo,Detached house,0,1,Electric heating,Fair,810,E,549
79,3,4,1,1,5,0,1,1,5.3,Jyväskylä,Apartment,0,1,Electric heating,Needs renovation,0,D,138
41,2,6,1,0,27,0,1,1,1.0,Helsinki,Apartment,0,0,District heating,Fair,0,D,165
160,7,0,1,2,95,0,2,3,14.7,Turku,Detached house,1,1,Oil heating,Fair,685,F,198
54,2,1,0,0,17,0,1,1,7.1,Tampere,Apartment,0,0,District heating,Fair,0,D,120
75,3,0,0,1,46,1,1,1,20.7,Helsinki,Semi-detached house,0,0,Geothermal,Fair,325,D,213
72,2,2,0,0,16,0,1,1,3.1,Tampere,Apartment,1,1,District heating,Fair,0,B,192
76,4,1,1,1,3,0,1,1,11.2,Lahti,Apartment,0,1,District heating,Excellent,0,B,113
36,1,3,0,1,88,0,1,1,3.7,Helsinki,Apartment,0,1,District heating,Needs renovation,0,G,115
23,1,4,1,1,49,0,1,1,7.1,Turku,Apartment,0,1,District heating,Fair,0,D,58
66,3,0,0,1,75,0,1,2,1.4,Tampere,Apartment,0,1,District heating,Needs renovation,0,G,115
115,4,1,1,1,12,0,2,2,16.0,Vantaa,Apartment,0,1,District heating,Fair,0,B,257
67,3,3,1,1,9,0,1,1,4.6,Vantaa,Apartment,0,0,District heating,Good,0,B,195
51,3,6,1,1,4,0,1,1,11.4,Vantaa,Apartment,0,0,Geothermal,Excellent,0,A,154
39,2,2,0,0,23,0,1,1,2.5,Turku,Apartment,0,1,District heating,Good,0,D,96
119,4,0,0,2,18,1,2,2,5.0,Jyväskylä,Detached house,1,1,Geothermal,Good,1290,C,264
82,3,2,1,1,3,0,2,2,5.1,Espoo,Apartment,0,1,District heating,New,0,A,354
58,2,3,1,0,95,0,1,1,7.8,Helsinki,Apartment,0,1,District heating,Needs renovation,0,F,123
39,1,7,1,1,14,0,1,1,2.4,Tampere,Apartment,0,0,District heating,Fair,0,B,143
51,3,6,0,0,18,0,1,1,2.9,Jyväskylä,Apartment,0,1,District heating,Good,0,C,115
53,2,1,0,1,79,0,1,1,5.3,Helsinki,Apartment,0,0,District heating,Needs renovation,0,F,153
61,2,2,1,1,32,0,1,1,8.2,Lahti,Apartment,0,1,District heating,Excellent,0,D,84
57,2,2,1,1,22,0,1,1,3.0,Turku,Apartment,0,1,District heating,Excellent,0,C,146
106,5,1,1,1,3,0,2,3,2.9,Espoo,Apartment,0,1,District heating,Excellent,0,B,427
44,2,1,0,1,62,0,1,1,3.3,Lahti,Apartment,0,1,District heating,Fair,0,F,63
73,4,3,0,1,2,0,1,1,8.1,Espoo,Apartment,0,1,District heating,New,0,A,313
65,2,1,1,0,12,0,1,1,3.7,Helsinki,Apartment,0,0,District heating,Excellent,0,B,264
115,4,0,1,1,26,1,2,2,22.4,Vantaa,Detached house,0,0,Geothermal,Fair,1595,C,252
76,3,4,0,2,1,0,1,1,11.1,Espoo,Apartment,0,1,Air-source heat pump,Good,0,C,277
92,4,0,0,2,19,1,1,1,12.0,Vantaa,Terraced house,1,1,Air-source heat pump,Good,320,C,229
45,3,1,0,1,49,0,1,1,5.3,Helsinki,Apartment,0,1,District heating,Needs renovation,0,E,141
99,4,0,0,2,5,1,2,2,11.4,Tampere,Detached house,1,1,Electric heating,Excellent,645,C,239
57,3,1,1,1,37,0,1,1,6.1,Turku,Apartment,0,1,District heating,Good,0,D,118
49,2,5,1,1,3,0,1,1,10.9,Tampere,Apartment,0,1,District heating,Good,0,C,139
33,1,1,1,0,18,0,1,1,3.2,Turku,Apartment,0,1,District heating,Good,0,C,77
127,4,0,0,1,41,0,2,2,1.9,Helsinki,Apartment,0,1,Electric heating,Fair,0,E,374
99,4,0,1,1,24,0,2,3,4.3,Lahti,Apartment,0,1,District heating,Good,0,C,156
123,5,0,0,3,17,1,3,4,5.6,Oulu,Detached house,0,1,Wood heating,Excellent,2155,D,261
135,5,0,0,1,21,1,3,4,8.1,Oulu,Detached house,0,1,Air-source heat pump,Excellent,1805,A,292
133,5,0,1,2,23,1,2,3,10.2,Vantaa,Detached house,1,0,District heating,Good,1725,C,405
20,1,0,1,0,1,1,1,1,6.8,Helsinki,Apartment,0,1,Electric heating,New,0,A,97
123,4,0,1,1,48,1,2,3,5.6,Oulu,Detached house,1,1,Air-source heat pump,Needs renovation,1630,E,196
149,6,0,0,2,66,1,2,2,2.1,Helsinki,Detached house,0,0,Air-source heat pump,Needs renovation,1100,G,663
78,4,0,0,1,68,1,1,2,3.9,Pori,Terraced house,0,1,Electric heating,Fair,650,G,82
60,2,0,1,0,14,1,1,1,8.8,Helsinki,Apartment,0,0,District heating,Fair,0,C,190
114,5,0,1,1,17,1,1,1,5.1,Oulu,Detached house,1,1,Electric heating,Good,640,D,208
68,3,0,0,0,33,0,1,1,1.1,Tampere,Apartment,0,1,District heating,Excellent,0,C,190
69,3,5,1,1,24,0,1,1,12.9,Espoo,Apartment,1,1,Air-source heat pump,Fair,0,B,208
95,4,1,0,1,82,0,1,2,8.5,Turku,Apartment,0,1,District heating,Good,0,F,146
47,2,0,0,1,40,1,1,1,5.5,Espoo,Apartment,0,1,District heating,Fair,0,E,146
117,5,0,1,2,1,1,2,3,22.1,Vantaa,Detached house,0,1,Electric heating,Excellent,3280,B,365
85,4,1,1,1,34,0,2,2,1.5,Turku,Apartment,0,0,District heating,Good,0,D,192
65,3,2,1,0,26,0,1,1,2.5,Tampere,Apartment,0,0,District heating,Fair,0,C,152
50,2,0,0,0,31,0,1,1,8.2,Tampere,Apartment,0,1,District heating,Fair,0,D,107
186,7,0,0,1,53,0,3,3,4.0,Turku,Detached house,1,1,Wood heating,Needs renovation,705,G,297
114,5,0,0,3,53,1,2,3,8.9,Tampere,Detached house,1,0,District heating,Fair,2290,D,306
63,3,0,0,1,36,0,1,1,3.8,Espoo,Apartment,0,1,District heating,Excellent,0,E,186
56,3,1,1,0,87,0,1,1,7.9,Helsinki,Apartment,1,1,District heating,Good,0,F,175
99,4,1,1,0,25,0,2,2,4.1,Tampere,Apartment,0,0,District heating,Fair,0,C,225
40,1,1,1,1,42,0,1,1,2.0,Kuopio,Apartment,0,0,District heating,Needs renovation,0,E,65
72,3,3,0,1,44,0,1,1,2.8,Helsinki,Apartment,0,0,District heating,Fair,0,E,234
94,4,0,0,3,61,1,2,2,2.2,Tampere,Detached house,0,1,Electric heating,Fair,970,G,222
60,2,2,0,1,62,0,1,1,2.0,Turku,Apartment,0,1,District heating,Good,0,F,109
122,5,0,0,2,0,1,2,3,4.0,Oulu,Detached house,1,1,Air-source heat pump,New,1510,A,346
129,4,0,0,2,4,1,2,2,1.8,Lahti,Semi-detached house,1,1,Electric heating,New,525,A,254
113,4,0,0,1,30,1,2,2,6.4,Espoo,Detached house,1,1,Geothermal,Fair,1460,C,486
55,2,11,0,1,37,0,1,1,1.5,Helsinki,Apartment,0,1,District heating,Needs renovation,0,E,233
26,1,1,0,1,93,0,1,1,6.5,Vantaa,Apartment,0,0,District heating,Fair,0,F,61
29,1,4,1,1,53,0,1,1,5.3,Helsinki,Apartment,0,1,District heating,Needs renovation,0,E,103
69,3,2,0,0,15,0,1,2,1.1,Tampere,Apartment,0,1,District heating,Excellent,0,C,219
29,1,1,1,1,32,0,1,1,4.6,Vantaa,Apartment,0,1,District heating,Good,0,C,88
94,3,0,1,2,14,0,2,2,5.2,Oulu,Semi-detached house,0,1,Air-source heat pump,Fair,585,B,183
67,2,4,1,1,16,0,1,1,7.7,Helsinki,Apartment,1,1,District heating,Fair,0,D,257
47,2,0,1,1,19,1,1,1,1.8,Helsinki,Apartment,0,1,District heating,Good,0,B,237
72,2,1,1,1,17,0,1,2,4.9,Vantaa,Apartment,0,1,Electric heating,Fair,0,B,195
37,2,3,1,0,13,0,1,1,9.0,Tampere,Apartment,0,1,District heating,Good,0,C,88
141,6,0,1,2,21,1,2,3,11.9,Lahti,Detached house,1,1,District heating,Excellent,3270,C,220
44,2,2,0,0,21,0,1,1,3.8,Jyväskylä,Apartment,0,0,District heating,Good,0,C,88
69,4,0,0,1,44,1,1,1,3.7,Turku,Terraced house,1,1,District heating,Fair,535,E,151
78,3,0,0,2,40,1,1,1,21.9,Vantaa,Terraced house,0,1,Electric heating,Fair,750,F,155
55,2,0,1,1,5,0,1,1,7.6,Oulu,Apartment,0,1,District heating,Excellent,0,A,118
47,2,3,0,0,50,0,1,1,3.9,Tampere,Apartment,0,1,District heating,Excellent,0,D,114
116,5,1,1,2,46,0,1,1,2.3,Helsinki,Apartment,0,1,District heating,Needs renovation,0,E,371
98,4,0,1,1,24,1,1,1,6.0,Oulu,Detached house,0,1,Electric heating,Good,2155,D,232
35,2,1,1,1,62,0,1,1,9.3,Vantaa,Apartment,0,1,District heating,Good,0,E,89
93,3,3,0,1,27,0,1,1,8.1,Helsinki,Apartment,0,1,District heating,Needs renovation,0,D,245
54,2,0,0,1,19,1,1,1,2.9,Oulu,Apartment,0,1,District heating,Good,0,B,114
26,1,1,0,0,31,0,1,1,5.1,Vantaa,Apartment,0,1,Air-source heat pump,Excellent,0,C,72
213,8,0,1,1,9,1,3,3,21.6,Espoo,Detached house,1,1,Electric heating,Excellent,2390,D,685
147,6,0,1,1,53,1,2,3,6.3,Lahti,Detached house,0,1,Geothermal,Excellent,1250,D,202
46,2,1,0,1,95,0,1,1,5.8,Helsinki,Apartment,0,1,District heating,Fair,0,F,126
38,1,1,0,1,20,0,1,1,6.4,Oulu,Apartment,0,0,District heating,Good,0,C,78
72,3,0,0,1,1,1,1,2,9.0,Vantaa,Terraced house,1,1,District heating,New,305,A,277
36,1,1,1,0,1,0,1,1,7.9,Helsinki,Apartment,0,1,District heating,New,0,A,174
60,2,1,1,1,0,0,1,1,2.1,Turku,Apartment,0,0,District heating,Excellent,0,B,159
49,2,0,1,0,24,0,1,1,2.6,Helsinki,Apartment,0,0,District heating,Good,0,B,204
156,6,0,0,2,43,1,2,3,2.7,Turku,Semi-detached house,1,0,Geothermal,Fair,960,D,346
103,3,0,0,2,15,1,2,2,6.2,Oulu,Detached house,0,1,Electric heating,Good,1005,D,221
63,3,0,1,1,47,0,1,1,3.7,Jyväskylä,Apartment,0,1,District heating,Fair,0,F,97
99,4,2,1,1,3,0,1,1,0.9,Pori,Apartment,1,1,District heating,Good,0,B,159
84,3,0,1,0,14,0,1,1,0.8,Tampere,Apartment,0,0,District heating,Good,0,B,239
90,3,3,1,1,11,0,1,1,6.9,Espoo,Apartment,0,1,District heating,Good,0,B,312
73,3,0,0,1,15,1,2,2,6.3,Oulu,Apartment,1,1,District heating,Good,0,C,135
61,3,3,0,0,28,0,1,1,7.3,Jyväskylä,Apartment,0,1,District heating,Fair,0,D,100
69,3,0,1,0,7,0,1,1,2.9,Tampere,Apartment,0,0,District heating,Good,0,B,197
141,6,0,1,2,13,1,2,3,9.8,Espoo,Semi-detached house,1,1,Air-source heat pump,Excellent,320,B,472
90,3,0,1,3,32,1,1,2,3.6,Turku,Terraced house,0,1,District heating,Good,185,D,225
75,4,0,0,1,15,0,1,1,6.6,Oulu,Apartment,0,1,District heating,Fair,0,C,132
47,2,1,0,1,28,0,1,1,5.1,Espoo,Apartment,0,0,District heating,Good,0,C,170
62,3,4,0,0,1,0,1,1,2.7,Tampere,Apartment,0,0,District heating,Excellent,0,B,205
67,3,0,1,3,2,0,1,1,16.1,Espoo,Terraced house,1,1,Electric heating,New,245,A,298
95,5,3,1,1,36,0,1,1,1.4,Tampere,Apartment,1,0,District heating,Fair,0,D,242
52,2,2,1,0,12,0,1,1,0.7,Helsinki,Apartment,0,0,District heating,Good,0,C,265
98,5,0,0,2,80,1,2,3,18.5,Vantaa,Detached house,1,0,Wood heating,Good,1165,G,208
68,3,6,1,1,28,0,1,1,4.8,Helsinki,Apartment,0,1,District heating,Good,0,D,297
51,2,0,0,1,43,0,1,1,4.6,Kuopio,Apartment,0,1,Air-source heat pump,Excellent,0,D,76
81,4,4,1,1,4,0,2,2,5.9,Espoo,Apartment,0,1,District heating,Good,0,B,311
92,5,0,1,2,16,1,2,2,23.3,Espoo,Semi-detached house,0,0,Air-source heat pump,Good,990,B,338
67,3,1,0,0,3,0,1,1,2.8,Helsinki,Apartment,0,1,District heating,New,0,A,374
73,3,4,1,1,15,0,2,2,12.5,Vantaa,Apartment,0,0,District heating,Good,0,C,178
115,5,0,1,1,14,1,2,2,19.6,Helsinki,Detached house,1,1,Electric heating,Good,1095,B,470
56,2,2,1,0,0,0,1,2,3.1,Helsinki,Apartment,0,1,District heating,New,0,C,307
57,2,0,0,1,33,0,1,1,1.5,Oulu,Apartment,0,0,District heating,Fair,0,D,104
59,3,1,1,1,24,0,1,1,4.3,Helsinki,Apartment,0,0,District heating,Good,0,D,274
117,4,1,1,1,12,0,2,2,17.3,Vantaa,Apartment,1,0,District heating,Good,0,B,258
108,4,0,0,1,21,1,1,1,6.4,Helsinki,Semi-detached house,0,1,Air-source heat pump,Excellent,360,B,462
107,5,6,0,1,19,0,2,3,8.2,Vantaa,Apartment,1,0,District heating,Good,0,D,273
43,2,5,0,1,79,0,1,1,5.3,Helsinki,Apartment,0,1,District heating,Fair,0,E,177
50,2,3,1,1,13,0,1,1,6.1,Helsinki,Apartment,1,0,District heating,Good,0,B,229
67,2,1,0,0,3,0,1,1,9.5,Espoo,Apartment,1,1,Electric heating,Excellent,0,B,238
40,2,3,1,0,2,0,1,1,8.7,Vantaa,Apartment,0,1,District heating,Excellent,0,A,130
117,5,0,1,2,5,1,2,2,10.3,Lahti,Semi-detached house,0,1,District heating,New,1225,B,222
48,2,8,0,1,8,0,1,1,3.9,Kuopio,Apartment,0,1,District heating,Good,0,B,96
57,2,8,0,1,2,0,1,2,4.0,Helsinki,Apartment,0,1,Geothermal,New,0,A,358
50,2,7,0,1,72,0,1,1,2.7,Helsinki,Apartment,0,1,District heating,Fair,0,F,217
67,2,1,0,0,64,0,1,1,5.3,Turku,Apartment,0,0,Electric heating,Fair,0,F,93
51,3,0,1,0,10,0,1,1,2.6,Turku,Apartment,0,1,District heating,Fair,0,C,105
41,2,1,1,1,3,0,1,1,2.9,Turku,Apartment,0,1,District heating,New,0,A,136
47,2,0,0,0,57,0,1,1,3.6,Helsinki,Apartment,0,0,Oil heating,Good,0,F,137
56,3,0,1,0,12,0,1,1,2.6,Vantaa,Apartment,0,0,District heating,Fair,0,B,134
93,4,0,0,0,22,1,2,2,7.4,Oulu,Semi-detached house,1,1,Geothermal,Good,1300,C,234
119,4,0,0,1,51,1,2,3,14.8,Tampere,Apartment,0,0,District heating,Fair,0,E,200
249,9,0,1,2,2,1,3,4,9.1,Oulu,Detached house,1,1,Geothermal,New,1905,A,545
67,4,0,0,1,55,0,1,1,1.3,Oulu,Apartment,0,1,District heating,Needs renovation,0,E,87
80,3,9,0,1,17,0,2,2,1.8,Espoo,Apartment,0,1,District heating,Excellent,0,C,368
106,5,0,0,0,56,0,2,2,7.3,Helsinki,Apartment,0,1,District heating,Fair,0,E,285
135,5,5,0,1,43,0,1,2,3.2,Vantaa,Apartment,0,1,District heating,Fair,0,D,298
76,4,3,0,1,15,0,1,1,1.9,Oulu,Apartment,0,1,District heating,Good,0,C,168
126,5,0,0,1,25,1,2,2,9.0,Lahti,Detached house,1,1,Wood heating,Fair,1545,E,175
48,2,2,0,1,31,0,1,1,2.0,Oulu,Apartment,0,1,District heating,Good,0,C,100
30,2,3,0,1,72,0,1,1,10.5,Tampere,Apartment,0,0,District heating,Good,0,G,65
75,4,0,0,1,15,0,2,2,10.4,Helsinki,Apartment,1,0,District heating,Good,0,C,258
47,2,0,0,1,68,1,1,1,2.2,Kuopio,Apartment,0,1,District heating,Needs renovation,0,G,70
84,4,1,1,0,34,0,1,1,1.6,Turku,Apartment,1,1,District heating,Good,0,D,186
56,2,3,1,1,3,0,1,1,2.2,Oulu,Apartment,0,1,District heating,Good,0,B,132
79,3,0,0,0,46,1,1,2,15.1,Tampere,Semi-detached house,0,1,Electric heating,Fair,770,F,134
151,6,0,0,2,21,1,2,2,6.9,Jyväskylä,Detached house,0,1,Electric heating,Good,2025,E,273
63,3,1,1,0,89,0,1,1,0.5,Pori,Apartment,0,0,District heating,Good,0,F,73
81,3,6,1,1,14,0,1,2,4.5,Tampere,Apartment,0,1,Air-source heat pump,Fair,0,C,241
81,2,9,0,0,44,0,1,1,9.4,Jyväskylä,Apartment,0,1,District heating,Good,0,D,121
116,5,0,1,1,9,1,2,2,1.6,Oulu,Semi-detached house,1,1,District heating,Excellent,315,C,268
63,3,9,1,1,1,0,1,1,3.0,Helsinki,Apartment,0,1,District heating,New,0,A,385
61,2,1,0,0,51,0,1,1,1.7,Helsinki,Apartment,0,1,District heating,Fair,0,F,225
53,3,3,1,0,22,0,1,1,3.7,Helsinki,Apartment,0,1,Electric heating,Excellent,0,C,250
85,4,0,1,2,0,1,1,1,5.9,Jyväskylä,Semi-detached house,0,1,District heating,Excellent,1010,C,212
75,3,0,1,1,56,1,1,1,3.2,Turku,Terraced house,0,1,District heating,Good,390,E,180
60,2,0,1,1,54,1,1,1,2.2,Jyväskylä,Apartment,0,1,District heating,Needs renovation,0,F,84
57,3,1,1,1,26,0,1,1,4.8,Pori,Apartment,0,1,Geothermal,Fair,0,B,72
54,2,5,0,1,30,0,1,1,2.8,Helsinki,Apartment,0,0,District heating,Fair,0,E,227
22,1,1,0,1,45,0,1,1,2.1,Lahti,Apartment,0,1,District heating,Fair,0,D,38
60,2,2,0,1,23,0,1,1,2.6,Kuopio,Apartment,0,1,District heating,Fair,0,D,105
50,2,3,1,1,17,0,1,1,2.8,Tampere,Apartment,0,1,District heating,Excellent,0,B,155
70,2,0,1,2,31,1,1,1,5.1,Tampere,Detached house,0,1,Geothermal,Fair,955,D,211
32,1,0,1,0,40,1,1,1,0.9,Oulu,Apartment,0,1,District heating,Fair,0,E,56
136,5,0,1,0,18,1,2,2,6.8,Lahti,Detached house,0,1,Electric heating,Needs renovation,1055,C,172
74,4,3,1,1,3,0,1,1,1.6,Oulu,Apartment,0,0,District heating,Needs renovation,0,D,149
112,4,0,0,1,36,1,2,2,6.6,Oulu,Semi-detached house,0,1,Electric heating,Excellent,495,C,225
192,7,0,0,2,95,1,3,3,9.7,Turku,Detached house,1,1,Air-source heat pump,Fair,1070,F,263
103,4,0,1,1,45,1,2,2,2.5,Kuopio,Detached house,1,1,Geothermal,Good,1020,D,196
85,4,1,1,1,6,0,2,2,2.2,Oulu,Apartment,0,1,District heating,Excellent,0,C,195
44,2,1,0,0,95,0,1,1,5.1,Helsinki,Apartment,0,1,District heating,Fair,0,G,128
143,4,0,0,0,27,1,3,4,12.2,Kuopio,Detached house,1,1,Electric heating,Fair,2500,E,223
83,3,2,0,0,75,0,2,2,2.6,Helsinki,Apartment,0,1,District heating,Fair,0,F,280
105,5,0,1,1,29,0,2,3,8.5,Espoo,Semi-detached house,0,1,Electric heating,Good,370,D,349
62,2,3,0,1,20,0,1,2,5.9,Helsinki,Apartment,0,1,District heating,Fair,0,D,270
39,1,0,0,1,20,0,1,1,12.2,Vantaa,Apartment,0,1,District heating,Excellent,0,C,99
113,5,0,1,1,85,1,2,2,9.1,Jyväskylä,Detached house,1,1,Electric heating,Needs renovation,1550,G,147
72,4,0,1,1,33,1,1,1,1.6,Jyväskylä,Terraced house,0,1,District heating,Good,215,D,154
33,2,2,0,0,63,0,1,1,11.4,Helsinki,Apartment,0,0,District heating,Needs renovation,0,E,77
83,4,6,0,1,6,0,1,1,29.1,Vantaa,Apartment,1,1,Electric heating,Fair,0,C,170
50,2,7,1,1,4,0,1,1,4.8,Espoo,Apartment,0,1,District heating,Excellent,0,B,231
105,5,0,0,1,41,1,2,2,10.8,Espoo,Detached house,1,1,Oil heating,Needs renovation,1675,F,348
83,3,8,0,0,11,0,1,1,2.8,Helsinki,Apartment,0,1,District heating,Good,0,A,401
71,3,0,0,1,50,0,1,1,2.3,Helsinki,Apartment,0,1,District heating,Fair,0,E,268
80,2,3,0,1,10,0,1,1,4.6,Vantaa,Apartment,1,1,District heating,Excellent,0,B,249
72,3,2,0,0,21,0,2,2,2.4,Helsinki,Apartment,0,0,District heating,Good,0,D,295
48,2,0,0,1,43,0,1,1,2.0,Pori,Apartment,0,1,Electric heating,Needs renovation,0,F,42
56,3,2,1,1,17,0,1,1,6.3,Espoo,Apartment,0,1,District heating,Fair,0,C,182
54,2,0,1,1,32,0,1,1,2.1,Oulu,Apartment,0,1,District heating,Good,0,C,106
89,3,0,1,1,3,1,2,3,4.7,Oulu,Semi-detached house,0,0,Air-source heat pump,New,640,B,210
37,2,1,1,0,30,0,1,1,12.9,Espoo,Apartment,0,1,District heating,Excellent,0,D,111
79,2,0,0,2,90,1,1,1,9.8,Helsinki,Detached house,1,1,District heating,Good,495,G,309
67,3,0,0,1,36,1,2,2,4.7,Vantaa,Terraced house,0,0,Electric heating,Good,230,D,177
83,2,6,0,1,34,0,1,1,1.6,Turku,Apartment,0,1,District heating,Needs renovation,0,F,162
98,4,0,0,1,23,1,2,2,10.8,Espoo,Terraced house,1,1,District heating,Needs renovation,615,E,310
67,2,1,1,0,34,0,1,1,2.1,Helsinki,Apartment,0,0,District heating,Needs renovation,0,E,223
78,4,4,0,1,95,0,1,1,5.8,Lahti,Apartment,0,1,District heating,Needs renovation,0,F,73
38,1,1,1,1,30,0,1,1,4.1,Turku,Apartment,0,0,Air-source heat pump,Good,0,D,102
117,5,0,0,2,47,1,2,2,3.0,Turku,Detached house,1,0,Electric heating,Good,2240,E,312
58,2,0,1,1,20,1,1,1,7.7,Oulu,Apartment,0,1,District heating,Good,0,C,100
92,4,0,0,2,61,1,1,1,2.2,Kuopio,Terraced house,1,1,Oil heating,Good,500,F,139
75,2,0,0,1,17,0,1,1,5.6,Espoo,Semi-detached house,0,1,Air-source heat pump,Fair,435,B,281
100,4,6,0,1,37,0,2,2,4.1,Tampere,Apartment,0,1,District heating,Fair,0,E,234
64,3,0,1,1,1,1,1,1,20.5,Espoo,Semi-detached house,0,1,Electric heating,New,880,A,286
135,6,0,1,1,63,1,3,4,10.3,Helsinki,Detached house,1,1,Electric heating,Fair,705,G,485
113,4,4,1,1,8,0,2,2,3.8,Turku,Apartment,1,1,District heating,Good,0,B,310
76,3,3,0,1,34,0,1,1,3.0,Jyväskylä,Apartment,0,0,District heating,Good,0,D,130
52,2,6,1,1,95,0,1,1,5.2,Turku,Apartment,0,1,District heating,Good,0,F,100
89,4,2,1,0,66,0,1,1,1.3,Helsinki,Apartment,0,1,District heating,Good,0,E,349
74,2,0,0,1,67,1,1,2,10.1,Vantaa,Terraced house,0,1,District heating,Needs renovation,330,F,128
40,2,0,0,0,45,0,1,1,3.0,Lahti,Apartment,0,0,District heating,Fair,0,E,49
34,1,1,0,1,20,0,1,1,1.4,Kuopio,Apartment,0,1,District heating,Good,0,B,75
71,3,0,1,2,14,1,2,2,5.0,Vantaa,Terraced house,0,1,Electric heating,Excellent,305,C,227
84,3,4,0,1,2,0,2,2,7.0,Tampere,Apartment,0,1,District heating,Excellent,0,A,236
61,2,1,0,0,19,0,1,1,2.5,Helsinki,Apartment,0,1,Air-source heat pump,Good,0,C,276
42,2,4,0,1,5,0,1,1,2.9,Tampere,Apartment,0,1,District heating,Good,0,B,147
106,4,0,0,2,41,1,1,2,6.9,Tampere,Semi-detached house,1,1,Electric heating,Fair,470,D,248
105,4,0,1,1,27,0,2,2,3.2,Tampere,Semi-detached house,1,1,Electric heating,Good,420,D,269
91,3,1,0,1,34,0,1,1,3.1,Jyväskylä,Apartment,1,1,District heating,Good,0,D,175
115,4,0,0,2,24,1,2,2,11.4,Pori,Detached house,0,1,Wood heating,Good,1610,D,131
50,2,1,0,1,21,0,1,1,2.4,Oulu,Apartment,0,1,District heating,Fair,0,D,98
94,4,2,0,1,47,0,1,1,2.0,Oulu,Apartment,0,1,Electric heating,Excellent,0,E,172
167,7,0,1,1,25,1,3,4,26.6,Vantaa,Semi-detached house,0,1,Oil heating,Good,960,D,359
37,2,1,0,2,0,0,1,1,2.9,Oulu,Apartment,0,1,District heating,Excellent,0,A,100
54,2,8,1,1,39,0,1,1,5.4,Espoo,Apartment,0,1,District heating,Fair,0,E,184
140,7,0,1,1,13,1,2,2,3.0,Turku,Semi-detached house,1,1,Electric heating,Fair,765,C,374
107,4,5,0,1,7,0,1,1,6.5,Espoo,Apartment,0,1,District heating,Excellent,0,A,412
107,4,3,0,1,54,0,2,3,6.0,Espoo,Apartment,0,1,District heating,Good,0,D,306
82,4,0,1,1,61,0,2,2,4.6,Pori,Detached house,1,1,Electric heating,Needs renovation,405,F,62
109,5,0,0,1,67,1,2,2,3.7,Helsinki,Semi-detached house,0,1,Electric heating,Excellent,395,E,403
55,2,3,0,1,47,0,1,1,2.5,Vantaa,Apartment,0,1,District heating,Fair,0,E,121
82,3,0,1,0,46,0,2,3,9.3,Turku,Apartment,0,0,District heating,Good,0,E,144
102,4,2,1,2,8,0,2,2,3.5,Helsinki,Apartment,0,1,District heating,Fair,0,C,437
70,3,2,0,1,2,0,1,1,2.1,Pori,Apartment,1,1,District heating,New,0,A,121
44,2,5,0,0,24,0,1,1,4.6,Tampere,Apartment,0,1,District heating,Good,0,C,138
46,2,1,0,0,39,0,1,1,3.9,Lahti,Apartment,0,1,District heating,Good,0,D,65
86,4,0,1,1,18,1,1,1,10.8,Helsinki,Semi-detached house,0,1,District heating,Good,630,D,410
126,4,1,1,1,14,0,2,2,4.8,Lahti,Apartment,1,1,District heating,Excellent,0,C,198
66,3,0,1,2,22,0,1,1,1.8,Oulu,Apartment,1,1,District heating,Good,0,C,145
85,3,1,0,1,22,0,2,3,9.5,Vantaa,Apartment,0,0,District heating,Good,0,C,211
45,1,0,1,1,2,0,1,1,11.1,Helsinki,Apartment,0,1,District heating,New,0,A,191
42,2,0,1,1,32,0,1,1,5.9,Vantaa,Apartment,1,1,Electric heating,Fair,0,E,96
63,3,0,0,2,52,0,2,2,1.8,Lahti,Terraced house,0,0,Wood heating,Fair,240,F,89
37,2,3,0,1,68,0,1,1,4.9,Oulu,Apartment,0,0,District heating,Needs renovation,0,G,54
108,4,0,0,1,61,1,2,2,5.8,Tampere,Semi-detached house,1,1,Electric heating,Fair,550,F,248
105,4,0,1,1,15,0,2,2,10.4,Oulu,Apartment,0,1,District heating,Fair,0,C,162
86,3,0,0,1,26,1,1,1,2.4,Turku,Terraced house,1,1,District heating,Good,255,D,167
47,2,1,1,1,1,0,1,1,2.5,Pori,Apartment,0,0,District heating,New,0,A,78
47,2,0,0,1,38,1,1,1,4.9,Espoo,Terraced house,0,1,Oil heating,Good,405,E,206
51,3,2,0,0,63,0,1,1,5.6,Helsinki,Apartment,0,0,District heating,Good,0,F,164
68,3,0,1,1,43,1,1,1,4.8,Tampere,Terraced house,1,1,District heating,Fair,405,E,194
70,3,1,0,1,43,0,1,2,5.0,Vantaa,Apartment,0,1,District heating,Needs renovation,0,E,141
64,2,4,0,1,95,0,1,1,2.2,Turku,Apartment,0,0,District heating,Good,0,F,133
113,4,0,1,2,35,1,2,2,14.4,Tampere,Detached house,0,1,Air-source heat pump,Good,1085,D,244
88,3,5,0,1,47,0,1,1,2.0,Helsinki,Apartment,0,1,District heating,Needs renovation,0,E,321
38,1,4,0,0,60,0,1,1,3.7,Tampere,Apartment,0,0,District heating,Good,0,E,87
72,3,4,0,1,88,0,1,2,8.1,Espoo,Apartment,0,1,District heating,Fair,0,F,211
68,3,1,0,1,76,0,1,1,2.3,Helsinki,Apartment,0,0,Electric heating,Fair,0,F,204
142,5,0,0,2,15,1,3,3,9.0,Tampere,Detached house,1,1,Electric heating,Excellent,1785,C,417
86,4,0,0,0,17,1,2,2,20.9,Vantaa,Semi-detached house,0,1,Electric heating,Good,975,C,205
47,2,0,1,0,30,0,1,1,2.6,Helsinki,Apartment,0,1,District heating,Good,0,D,195
76,5,1,0,1,26,0,1,1,0.6,Tampere,Apartment,0,1,District heating,Good,0,C,242
36,2,1,1,1,29,0,1,1,10.8,Vantaa,Apartment,0,1,District heating,Good,0,C,94
63,2,2,1,1,83,0,1,1,4.1,Helsinki,Apartment,1,1,District heating,Fair,0,F,208
101,4,7,0,0,54,0,2,2,2.5,Tampere,Apartment,0,0,District heating,Good,0,E,229
127,5,4,0,1,43,0,2,2,7.9,Helsinki,Apartment,0,0,District heating,Fair,0,E,388
87,3,3,0,1,43,0,2,2,19.1,Vantaa,Apartment,1,1,Air-source heat pump,Good,0,D,182
162,6,0,0,2,20,1,3,4,17.6,Vantaa,Detached house,0,1,Air-source heat pump,Good,1445,C,417
120,5,0,0,1,26,1,2,3,7.5,Kuopio,Detached house,1,1,Geothermal,Fair,1075,C,163
78,2,0,0,1,1,0,1,1,3.7,Espoo,Terraced house,0,1,District heating,New,145,A,324
62,3,0,0,2,22,0,1,1,13.1,Espoo,Apartment,0,1,District heating,Good,0,B,183
122,5,2,0,1,55,0,2,3,5.9,Helsinki,Apartment,0,1,District heating,Excellent,0,E,432
46,2,0,1,1,38,1,1,1,2.6,Tampere,Apartment,0,1,Geothermal,Excellent,0,C,144
38,1,3,0,0,10,0,1,1,9.8,Helsinki,Apartment,0,0,District heating,Good,0,B,148
76,4,2,0,1,16,0,1,1,5.9,Vantaa,Apartment,0,0,District heating,Fair,0,C,186
45,2,0,0,0,66,0,1,1,4.4,Turku,Apartment,0,0,District heating,Needs renovation,0,F,67
57,2,7,1,1,13,0,1,1,5.1,Oulu,Apartment,0,1,District heating,Good,0,B,135
63,3,1,0,1,41,0,1,1,8.6,Oulu,Apartment,0,0,District heating,Good,0,D,94
79,3,0,0,2,34,0,1,1,2.2,Turku,Apartment,1,1,District heating,Needs renovation,0,E,147
61,2,1,0,0,7,0,1,1,9.0,Helsinki,Apartment,0,1,District heating,Excellent,0,B,239
62,2,2,0,0,1,0,1,1,3.1,Tampere,Apartment,0,1,District heating,New,0,A,204
145,7,0,0,1,8,1,2,2,9.4,Helsinki,Detached house,1,1,District heating,Good,850,C,714
55,2,2,0,1,0,0,1,1,3.6,Turku,Apartment,0,1,District heating,New,0,B,184
127,5,0,1,0,17,1,2,2,6.8,Espoo,Apartment,1,1,District heating,Good,0,C,396
58,2,0,0,1,8,0,1,1,3.7,Vantaa,Apartment,0,1,District heating,Excellent,0,A,160
53,3,0,0,0,27,0,1,1,14.8,Helsinki,Apartment,0,1,District heating,Needs renovation,0,E,139
83,3,0,0,2,29,0,2,2,4.3,Tampere,Terraced house,1,1,District heating,Needs renovation,245,D,181
208,8,0,1,1,3,1,3,3,12.9,Pori,Detached house,1,1,Wood heating,Excellent,2805,C,220
41,1,1,1,0,24,0,1,1,8.0,Espoo,Apartment,0,1,District heating,Good,0,C,141
46,2,3,0,1,48,0,1,1,5.4,Espoo,Apartment,0,0,Air-source heat pump,Fair,0,D,138
65,3,3,0,0,69,0,2,2,9.7,Helsinki,Apartment,0,1,District heating,Fair,0,F,156
44,2,0,0,0,32,0,1,1,7.6,Vantaa,Apartment,1,0,District heating,Fair,0,D,93
53,2,3,0,1,32,0,1,1,2.0,Oulu,Apartment,0,1,District heating,Good,0,E,112
50,2,2,0,1,26,0,1,1,2.2,Helsinki,Apartment,0,0,District heating,Fair,0,C,206
49,2,2,0,1,73,0,1,1,8.1,Oulu,Apartment,0,0,District heating,Fair,0,E,76
79,3,1,0,1,24,0,1,1,4.7,Helsinki,Apartment,1,0,District heating,Good,0,C,337
108,3,0,1,1,15,0,2,2,3.6,Oulu,Apartment,0,1,Electric heating,Excellent,0,C,188
123,4,0,0,2,72,1,2,3,12.9,Espoo,Semi-detached house,1,1,District heating,Needs renovation,590,F,270
96,4,5,1,0,15,0,1,1,9.4,Espoo,Apartment,0,1,District heating,Needs renovation,0,C,281
65,3,3,0,1,75,0,1,1,5.1,Helsinki,Apartment,0,0,District heating,Good,0,F,222
76,5,0,0,2,18,1,1,1,9.0,Vantaa,Detached house,0,0,Geothermal,Excellent,1155,B,311
94,4,0,0,2,42,1,1,2,18.9,Vantaa,Terraced house,1,1,Air-source heat pump,Good,445,D,213
71,3,2,0,1,25,0,1,2,18.7,Espoo,Apartment,1,1,District heating,Fair,0,C,207
60,2,6,1,0,34,0,1,1,9.1,Helsinki,Apartment,0,0,District heating,Good,0,C,206
39,1,1,0,0,20,0,1,1,1.8,Oulu,Apartment,0,1,District heating,Good,0,C,83
50,2,6,0,1,16,0,1,1,3.9,Tampere,Apartment,0,0,District heating,Good,0,C,144
53,2,3,1,1,11,0,1,1,4.2,Vantaa,Apartment,0,1,Air-source heat pump,Good,0,B,171
56,2,3,1,1,14,0,1,1,5.2,Espoo,Apartment,0,1,District heating,Good,0,B,222
39,1,2,0,1,32,0,1,1,3.1,Jyväskylä,Apartment,1,1,District heating,Needs renovation,0,D,74
53,3,3,1,1,0,0,1,1,1.7,Oulu,Apartment,0,1,District heating,New,0,B,149
52,3,1,1,0,59,0,1,1,7.4,Helsinki,Apartment,0,0,District heating,Needs renovation,0,F,126
96,5,0,0,1,0,1,1,1,2.5,Kuopio,Semi-detached house,0,1,Electric heating,New,705,C,219
122,5,0,0,2,10,1,2,3,7.7,Tampere,Detached house,0,1,Geothermal,Needs renovation,2800,C,317
35,2,1,1,1,24,0,1,1,6.5,Helsinki,Apartment,0,1,District heating,Fair,0,C,148
60,3,0,0,1,4,1,1,1,6.7,Helsinki,Terraced house,0,1,Electric heating,Good,175,C,282
65,2,3,1,1,15,0,1,1,2.4,Jyväskylä,Apartment,0,1,District heating,Good,0,B,155
44,1,0,0,1,0,1,1,1,9.3,Helsinki,Apartment,0,1,District heating,New,0,A,197
68,4,1,0,1,26,0,1,1,3.1,Helsinki,Apartment,0,1,District heating,Fair,0,C,317
41,2,3,0,1,19,0,1,1,5.7,Vantaa,Apartment,0,1,Geothermal,Excellent,0,B,122
72,2,1,1,1,48,0,1,1,5.3,Helsinki,Apartment,0,1,District heating,Fair,0,E,244
49,2,2,0,0,12,0,1,1,1.4,Helsinki,Apartment,0,0,District heating,Excellent,0,C,234
104,5,2,0,0,24,0,1,1,4.7,Helsinki,Apartment,0,1,District heating,Good,0,C,413
135,6,0,1,1,14,1,2,3,4.5,Turku,Semi-detached house,1,0,Air-source heat pump,Fair,1155,C,319
146,5,0,1,2,46,1,3,3,3.7,Oulu,Detached house,1,1,Geothermal,Excellent,1815,D,335
128,4,0,0,2,16,1,2,3,6.1,Helsinki,Detached house,0,1,District heating,Good,1015,C,620
81,3,0,0,2,35,0,1,1,5.1,Turku,Detached house,0,1,Electric heating,Good,410,D,172
104,3,2,0,2,0,0,1,2,1.0,Turku,Apartment,0,0,District heating,New,0,B,307
209,8,0,0,0,47,1,3,4,12.5,Helsinki,Detached house,1,1,Wood heating,Excellent,905,E,775
59,2,0,0,1,31,0,1,1,7.2,Vantaa,Apartment,0,1,District heating,Good,0,D,150
49,2,0,0,1,34,0,1,1,2.2,Turku,Apartment,1,0,District heating,Fair,0,E,93
58,3,1,0,1,16,0,1,1,9.7,Espoo,Apartment,0,1,District heating,Excellent,0,B,207
117,6,0,1,1,47,1,2,2,9.7,Lahti,Terraced house,0,0,District heating,Good,295,F,132
64,3,0,0,1,52,0,1,1,1.5,Helsinki,Terraced house,0,1,Geothermal,Excellent,190,D,280
124,5,0,1,3,20,1,2,2,14.6,Oulu,Detached house,1,1,Electric heating,Fair,955,D,215
102,4,0,0,1,89,1,2,2,10.6,Espoo,Semi-detached house,0,1,Air-source heat pump,Needs renovation,1035,F,270
82,5,0,1,1,53,1,2,3,8.8,Pori,Detached house,1,0,Air-source heat pump,Needs renovation,3250,E,102
34,2,0,1,0,13,1,1,1,0.9,Tampere,Apartment,0,1,District heating,Good,0,B,114
149,5,0,0,1,42,1,3,4,5.7,Jyväskylä,Detached house,0,1,Wood heating,Good,2495,D,258
30,1,1,0,1,72,0,1,1,4.0,Turku,Apartment,0,0,District heating,Fair,0,F,51
94,4,0,0,2,24,0,1,1,1.4,Lahti,Terraced house,0,1,District heating,Good,180,D,149
33,2,0,1,1,24,0,1,1,9.7,Vantaa,Apartment,0,1,District heating,Excellent,0,B,98
44,2,4,1,1,20,0,1,1,3.3,Helsinki,Apartment,0,0,Air-source heat pump,Good,0,C,241
97,4,0,0,1,4,1,2,2,15.2,Oulu,Detached house,1,1,Air-source heat pump,Good,2345,B,204
36,2,1,1,0,52,0,1,1,3.8,Tampere,Apartment,0,1,District heating,Needs renovation,0,F,70
99,4,0,1,2,18,1,1,2,18.1,Vantaa,Detached house,0,1,Wood heating,Good,1300,D,288
42,2,5,1,0,44,0,1,1,2.9,Helsinki,Apartment,0,1,District heating,Needs renovation,0,E,132
73,3,0,1,1,54,0,2,2,3.9,Oulu,Terraced house,0,1,Wood heating,Fair,285,F,126
36,1,3,1,1,4,0,1,1,3.1,Tampere,Apartment,1,0,District heating,Excellent,0,B,128
95,4,0,1,2,0,1,1,1,3.5,Espoo,Apartment,0,1,District heating,Excellent,0,B,397
89,4,2,0,1,84,0,1,1,3.3,Helsinki,Apartment,1,1,District heating,Fair,0,F,340
41,2,0,0,1,32,0,1,1,1.1,Pori,Apartment,0,0,District heating,Fair,0,E,43
180,8,0,0,2,29,1,2,3,6.1,Oulu,Detached house,0,0,Electric heating,Needs renovation,1330,C,230
64,2,3,1,0,24,0,1,1,2.3,Turku,Apartment,0,1,District heating,Fair,0,E,134
141,6,0,1,3,44,1,2,3,5.9,Helsinki,Detached house,1,1,Electric heating,Good,830,E,629
47,2,2,0,0,15,0,1,1,3.4,Kuopio,Apartment,0,1,District heating,Excellent,0,C,95
134,5,0,0,0,32,1,1,2,3.4,Espoo,Terraced house,0,1,District heating,Needs renovation,590,E,552
56,2,3,0,1,12,0,1,1,1.7,Kuopio,Apartment,0,1,District heating,Fair,0,C,107
40,2,2,1,0,3,0,1,1,13.9,Espoo,Apartment,0,0,District heating,Fair,0,B,135
198,8,0,1,1,9,1,3,3,7.9,Lahti,Detached house,1,1,Electric heating,Excellent,1250,C,320
87,4,1,0,0,26,0,1,1,5.0,Helsinki,Apartment,1,0,District heating,Needs renovation,0,C,292
125,5,5,1,1,9,0,2,3,6.7,Espoo,Apartment,0,1,District heating,Excellent,0,A,451
46,3,2,0,0,25,0,1,1,4.2,Espoo,Apartment,0,1,District heating,Fair,0,C,159
225,8,0,0,1,29,1,3,4,9.0,Turku,Detached house,1,1,Electric heating,Good,1650,D,432
49,2,0,0,0,14,0,1,1,3.0,Helsinki,Apartment,0,0,District heating,Fair,0,C,185
147,6,0,1,1,11,1,2,3,5.1,Jyväskylä,Detached house,1,1,Oil heating,Good,1835,D,252
61,3,4,1,0,3,0,2,2,9.5,Helsinki,Apartment,0,1,District heating,Good,0,B,262
45,2,0,0,1,31,0,1,1,3.0,Helsinki,Apartment,0,0,Geothermal,Needs renovation,0,C,157
56,3,2,1,2,28,0,1,1,3.4,Pori,Apartment,0,1,Air-source heat pump,Good,0,D,74
100,3,0,0,2,29,1,1,1,10.1,Vantaa,Semi-detached house,0,0,Electric heating,Needs renovation,785,E,230
56,3,1,1,1,47,0,1,1,0.8,Oulu,Apartment,0,1,District heating,Needs renovation,0,E,93
34,2,0,0,0,10,1,1,1,4.2,Tampere,Apartment,0,1,District heating,Fair,0,C,74
156,7,0,0,2,68,1,2,2,6.3,Helsinki,Detached house,0,0,Electric heating,Needs renovation,1350,G,546
107,4,0,0,2,7,1,2,2,5.3,Jyväskylä,Detached house,1,1,Air-source heat pump,Fair,1585,B,224
115,5,3,1,0,4,0,2,3,3.9,Tampere,Apartment,0,1,District heating,Fair,0,B,295
146,6,0,1,2,33,1,2,3,9.1,Helsinki,Semi-detached house,1,1,District heating,Good,725,D,572
38,2,4,1,1,12,0,1,1,2.4,Vantaa,Apartment,0,1,District heating,Fair,0,C,102
77,2,0,0,1,19,1,1,1,2.0,Tampere,Terraced house,0,0,Electric heating,Excellent,600,B,253
86,5,0,0,1,1,1,2,2,2.0,Jyväskylä,Terraced house,0,1,District heating,New,415,A,210
49,2,1,0,1,61,0,1,1,4.8,Oulu,Apartment,0,1,District heating,Good,0,E,80
73,3,0,1,1,3,0,1,2,3.5,Lahti,Apartment,0,1,District heating,New,0,A,144
22,1,1,1,0,67,0,1,1,1.7,Helsinki,Apartment,0,0,District heating,Needs renovation,0,G,65
172,6,0,1,1,27,1,2,2,18.5,Espoo,Detached house,1,1,Air-source heat pump,Good,1645,D,561
77,4,0,0,2,78,1,1,1,12.1,Helsinki,Terraced house,0,1,Electric heating,Excellent,195,F,308
110,5,0,1,1,13,1,1,1,7.6,Oulu,Semi-detached house,1,1,District heating,Excellent,770,B,214
93,5,0,0,1,26,1,2,2,8.1,Oulu,Terraced house,0,1,Wood heating,Good,435,E,160
60,2,6,0,1,44,0,1,1,7.9,Helsinki,Apartment,0,1,Electric heating,Fair,0,E,203
62,3,1,0,1,40,0,1,1,1.5,Turku,Apartment,0,1,District heating,Good,0,D,145
83,4,5,0,1,62,0,1,2,6.3,Helsinki,Apartment,0,1,District heating,Fair,0,F,303
97,4,0,1,3,53,1,2,2,11.4,Helsinki,Detached house,1,1,Electric heating,Good,410,E,320
126,5,9,1,1,72,0,2,2,2.6,Helsinki,Apartment,1,1,District heating,Needs renovation,0,G,422
73,2,1,1,1,3,0,1,1,8.8,Helsinki,Apartment,0,1,District heating,New,0,B,332
65,2,1,0,0,24,0,1,1,1.9,Helsinki,Apartment,0,1,District heating,Needs renovation,0,C,234
117,4,4,1,1,12,0,1,2,4.1,Tampere,Apartment,1,1,District heating,Excellent,0,B,361
67,2,0,0,2,47,1,1,1,6.3,Vantaa,Terraced house,1,1,District heating,Good,395,D,167
128,6,2,0,1,4,0,2,2,6.4,Vantaa,Apartment,0,1,District heating,Excellent,0,B,345
120,5,2,1,1,7,0,2,3,4.1,Tampere,Apartment,1,1,District heating,Good,0,B,362
72,4,4,0,1,6,0,1,2,11.6,Espoo,Apartment,1,1,District heating,Excellent,0,B,262
49,2,2,1,1,2,0,1,1,9.7,Vantaa,Apartment,0,0,District heating,New,0,B,157
85,4,0,0,0,76,0,2,2,1.6,Helsinki,Apartment,0,1,District heating,Needs renovation,0,G,236
46,2,2,1,1,13,0,1,1,8.3,Vantaa,Apartment,0,1,District heating,Needs renovation,0,D,103
114,4,2,1,1,32,0,2,2,2.0,Lahti,Apartment,0,0,District heating,Needs renovation,0,F,143
95,4,0,0,1,48,1,2,2,2.5,Tampere,Terraced house,0,1,District heating,Fair,220,E,193
37,1,2,0,1,24,0,1,1,1.8,Helsinki,Apartment,0,1,District heating,Good,0,C,188
269,9,0,0,3,3,1,3,3,5.7,Helsinki,Detached house,1,1,District heating,Good,1515,C,1256
87,3,0,0,2,59,1,1,1,3.1,Helsinki,Detached house,1,1,Oil heating,Fair,1400,G,452
70,2,2,0,0,39,0,1,1,2.9,Oulu,Apartment,0,0,District heating,Good,0,C,109
96,4,0,0,2,32,0,1,1,2.5,Tampere,Apartment,0,0,District heating,Good,0,D,221
92,4,0,0,0,49,1,1,1,2.7,Jyväskylä,Apartment,0,0,District heating,Fair,0,D,135
193,7,0,1,2,18,1,2,3,24.0,Oulu,Semi-detached house,1,1,Electric heating,Excellent,1405,C,281
64,2,3,0,1,53,0,1,1,3.6,Jyväskylä,Apartment,0,0,District heating,Excellent,0,F,99
97,5,0,1,1,32,1,1,1,10.0,Tampere,Semi-detached house,0,1,Electric heating,Fair,660,D,180
112,4,0,0,2,45,0,2,2,1.6,Lahti,Apartment,0,1,District heating,Good,0,D,152
61,2,0,1,1,16,1,1,1,5.2,Helsinki,Terraced house,1,1,District heating,Fair,180,D,269
75,3,7,0,1,37,0,1,1,8.5,Espoo,Apartment,0,0,District heating,Fair,0,D,228
62,3,6,1,1,2,0,1,1,3.4,Tampere,Apartment,0,1,District heating,New,0,B,211
132,5,0,1,1,5,1,2,2,8.7,Tampere,Semi-detached house,1,1,District heating,Excellent,1345,B,386
57,3,0,0,1,61,1,1,1,1.4,Jyväskylä,Apartment,0,0,District heating,Good,0,E,97
187,7,0,1,2,3,1,3,3,3.0,Tampere,Detached house,1,1,District heating,Fair,1420,C,559
131,6,0,0,3,5,1,2,3,26.1,Vantaa,Detached house,1,1,Geothermal,Excellent,2085,B,342
127,4,0,0,3,75,1,2,3,17.6,Espoo,Detached house,1,1,Oil heating,Needs renovation,1310,G,314
48,2,2,0,1,34,0,1,1,4.1,Helsinki,Apartment,0,0,District heating,Fair,0,D,175
148,6,0,0,2,2,1,2,3,10.1,Vantaa,Detached house,1,1,Electric heating,Excellent,1210,B,474
126,4,0,1,2,39,1,1,1,12.2,Turku,Terraced house,1,1,Air-source heat pump,Needs renovation,455,E,178
79,4,0,0,2,7,1,1,2,1.6,Jyväskylä,Semi-detached house,0,1,District heating,Good,595,D,194
156,6,0,0,2,80,0,1,1,10.7,Kuopio,Semi-detached house,0,1,Oil heating,Good,835,F,190
67,4,0,0,1,29,1,2,2,4.5,Espoo,Terraced house,0,1,District heating,Needs renovation,165,D,241
130,4,0,0,2,49,1,2,2,5.9,Pori,Detached house,0,1,Wood heating,Needs renovation,2010,F,114
31,2,2,1,0,9,0,1,1,2.1,Helsinki,Apartment,0,0,District heating,Excellent,0,B,164
143,6,0,1,2,8,1,2,2,17.2,Espoo,Detached house,1,1,Air-source heat pump,Fair,710,D,449
34,2,1,1,0,6,0,1,1,4.0,Helsinki,Apartment,0,0,District heating,Excellent,0,C,171
160,7,0,1,1,22,1,2,2,8.0,Turku,Detached house,1,1,Oil heating,Good,905,E,306
157,5,0,1,1,5,1,2,3,4.7,Pori,Semi-detached house,1,1,Geothermal,Good,960,B,237
48,2,0,0,1,61,0,1,1,7.2,Espoo,Apartment,0,0,District heating,Fair,0,E,129
135,6,5,0,1,21,0,2,2,5.0,Helsinki,Apartment,0,0,Electric heating,Fair,0,C,473
61,3,1,1,0,3,0,1,1,5.9,Tampere,Apartment,0,0,District heating,Good,0,B,163
84,4,0,1,1,24,1,1,1,7.1,Helsinki,Semi-detached house,0,1,Electric heating,Fair,660,D,406
64,2,2,1,0,47,0,1,1,1.4,Helsinki,Apartment,0,1,District heating,Good,0,E,247
53,2,2,1,1,25,0,1,1,4.4,Turku,Apartment,1,1,District heating,Excellent,0,B,138
53,3,2,0,1,35,0,2,2,4.1,Kuopio,Apartment,0,0,District heating,Needs renovation,0,E,67
116,5,0,1,1,33,1,2,3,23.9,Espoo,Semi-detached house,0,1,Wood heating,Fair,885,D,297
86,4,0,1,2,3,1,2,2,7.1,Helsinki,Detached house,1,1,Air-source heat pump,Good,725,B,486
43,2,3,1,1,29,0,1,1,3.6,Tampere,Apartment,0,0,District heating,Good,0,D,112
58,3,6,1,0,6,0,1,1,4.0,Espoo,Apartment,0,1,District heating,Good,0,C,232
30,2,5,1,1,31,0,1,1,3.1,Helsinki,Apartment,0,1,Electric heating,Good,0,D,157
86,3,2,1,1,5,0,2,2,7.6,Espoo,Apartment,1,1,District heating,Good,0,B,342
173,6,0,1,1,1,1,3,4,10.2,Helsinki,Detached house,1,1,Wood heating,Good,1435,C,1010
116,5,0,0,1,21,1,2,2,21.6,Espoo,Detached house,1,0,Air-source heat pump,Excellent,1570,B,442
64,2,2,0,1,28,0,1,1,6.7,Espoo,Apartment,0,0,District heating,Fair,0,D,197
100,4,0,0,1,57,1,2,3,5.4,Oulu,Terraced house,1,1,Air-source heat pump,Needs renovation,250,E,129
158,6,0,1,1,0,1,3,3,12.6,Espoo,Detached house,1,1,District heating,New,1625,A,753
63,2,3,0,1,30,0,1,1,1.5,Turku,Apartment,0,0,District heating,Fair,0,E,143
87,3,0,0,2,38,1,1,1,6.7,Helsinki,Terraced house,0,0,Air-source heat pump,Good,205,D,403
48,2,3,1,1,1,0,1,1,4.7,Espoo,Apartment,0,1,District heating,Good,0,A,211
58,2,0,0,1,37,0,1,1,3.1,Oulu,Apartment,0,0,District heating,Fair,0,D,105
58,2,2,1,1,18,0,1,1,13.2,Espoo,Apartment,0,1,District heating,Good,0,A,199
112,4,3,0,1,1,0,2,2,5.7,Vantaa,Apartment,0,1,District heating,New,0,B,342
63,2,0,0,1,25,0,1,1,17.5,Espoo,Terraced house,1,1,Electric heating,Fair,195,D,181
59,3,0,0,1,67,1,2,2,10.5,Espoo,Terraced house,0,1,Oil heating,Fair,160,G,172
122,5,5,0,1,18,0,2,2,2.3,Tampere,Apartment,0,1,District heating,Good,0,D,347
31,2,1,0,0,56,0,1,1,8.1,Espoo,Apartment,0,1,District heating,Needs renovation,0,E,66
66,3,1,0,0,35,0,1,1,3.3,Kuopio,Apartment,0,1,District heating,Needs renovation,0,E,91
75,2,3,1,1,3,0,1,1,2.4,Oulu,Apartment,0,1,District heating,Good,0,B,168
115,4,0,1,3,58,1,2,3,20.4,Espoo,Detached house,0,0,Oil heating,Good,1930,G,342
60,2,3,0,1,43,0,1,1,4.4,Tampere,Apartment,0,0,District heating,Fair,0,F,148
69,3,2,0,1,13,0,1,1,2.8,Helsinki,Apartment,0,1,District heating,Excellent,0,B,343
143,6,0,0,2,20,1,3,4,7.2,Kuopio,Detached house,1,0,Electric heating,Good,1610,E,244
111,5,0,1,2,32,0,1,1,9.8,Jyväskylä,Semi-detached house,0,1,Electric heating,Needs renovation,460,D,146
48,3,2,0,1,47,0,2,2,2.9,Oulu,Apartment,0,1,District heating,Needs renovation,0,E,79
115,4,2,1,0,7,0,2,3,2.1,Kuopio,Apartment,0,1,District heating,Excellent,0,B,237
74,3,2,1,0,3,0,1,1,3.5,Helsinki,Apartment,0,0,District heating,New,0,B,388
72,4,3,0,1,17,0,1,1,2.9,Tampere,Apartment,0,1,District heating,Excellent,0,C,245
51,2,0,0,1,25,1,1,1,5.4,Helsinki,Apartment,0,0,District heating,Good,0,D,224
32,2,4,1,1,4,0,1,1,7.7,Tampere,Apartment,0,0,District heating,Excellent,0,B,96
94,4,2,0,0,57,0,2,3,4.4,Helsinki,Apartment,0,0,District heating,Fair,0,E,248
53,2,3,0,0,92,0,1,1,2.2,Tampere,Apartment,0,0,District heating,Excellent,0,E,131
162,6,0,1,2,34,1,2,2,4.4,Lahti,Detached house,1,1,Electric heating,Good,1320,C,255
77,4,0,1,2,67,1,2,2,4.1,Turku,Semi-detached house,1,1,District heating,Good,685,G,202
57,2,5,1,0,9,0,1,1,5.8,Tampere,Apartment,0,1,Electric heating,Excellent,0,C,155
42,1,1,1,1,5,0,1,1,11.8,Vantaa,Apartment,1,1,District heating,Excellent,0,B,127
88,3,1,1,1,0,0,2,2,1.7,Jyväskylä,Apartment,0,1,Geothermal,Excellent,0,A,233
72,3,7,1,0,22,0,1,1,3.1,Espoo,Apartment,0,1,District heating,Good,0,B,269
47,2,5,0,1,58,0,1,1,8.3,Helsinki,Apartment,0,1,District heating,Good,0,E,166
68,2,3,1,1,95,0,1,1,2.8,Jyväskylä,Apartment,1,0,District heating,Fair,0,F,120
74,3,0,1,3,65,1,1,1,7.0,Espoo,Detached house,0,1,Electric heating,Fair,755,F,268
69,3,5,0,0,38,0,1,1,3.1,Helsinki,Apartment,0,0,District heating,Fair,0,E,214
83,4,1,0,1,27,0,1,2,2.7,Tampere,Apartment,0,1,District heating,Fair,0,D,199
101,4,7,0,1,28,0,2,2,16.2,Helsinki,Apartment,0,1,District heating,Fair,0,D,293
53,2,0,0,0,33,0,1,1,5.5,Helsinki,Apartment,0,0,District heating,Fair,0,D,177
95,3,0,1,2,4,1,1,2,7.6,Kuopio,Detached house,0,1,Geothermal,Excellent,980,C,165
133,5,0,1,2,4,1,3,4,10.1,Vantaa,Detached house,1,1,Electric heating,Excellent,1370,C,399
118,5,2,1,0,30,0,2,3,2.5,Turku,Apartment,0,1,District heating,Good,0,C,272
72,3,0,1,2,15,1,1,1,12.9,Espoo,Terraced house,0,1,Air-source heat pump,Good,270,C,262
94,3,3,0,1,22,0,1,2,10.9,Turku,Apartment,0,0,District heating,Good,0,E,166
40,2,2,0,0,24,0,1,1,1.8,Tampere,Apartment,0,1,District heating,Fair,0,D,108
110,4,0,0,1,9,1,2,2,7.9,Tampere,Semi-detached house,0,1,Air-source heat pump,Good,465,C,274
50,3,0,0,0,36,1,1,1,3.9,Helsinki,Apartment,0,1,District heating,Fair,0,D,180
100,3,0,0,3,20,1,2,3,1.9,Kuopio,Detached house,0,1,Electric heating,Fair,875,E,155
119,5,0,0,3,53,1,2,2,6.9,Turku,Detached house,0,1,District heating,Good,490,E,206
112,4,2,1,1,5,0,2,2,2.3,Helsinki,Apartment,0,1,District heating,Excellent,0,B,586
44,2,0,1,1,16,0,1,1,5.9,Vantaa,Apartment,0,1,District heating,Excellent,0,C,127
38,1,2,1,0,40,0,1,1,4.2,Vantaa,Apartment,0,1,District heating,Excellent,0,C,104
57,2,4,1,0,5,0,1,1,3.4,Helsinki,Apartment,0,1,District heating,Excellent,0,C,311
177,7,0,0,2,43,1,2,3,6.5,Kuopio,Detached house,1,1,Oil heating,Good,2655,G,229
59,2,0,0,1,12,0,1,1,1.7,Tampere,Apartment,0,1,District heating,Good,0,B,177
47,2,0,0,1,53,1,1,1,3.0,Tampere,Apartment,0,1,Air-source heat pump,Fair,0,D,95
33,2,5,1,1,22,0,1,1,6.1,Helsinki,Apartment,0,1,District heating,Good,0,D,170
116,5,1,0,1,4,0,2,2,8.5,Espoo,Apartment,1,1,District heating,New,0,A,470
39,2,3,0,0,57,0,1,1,6.0,Helsinki,Apartment,0,0,District heating,Fair,0,E,103
78,4,0,1,2,45,1,1,1,2.3,Lahti,Terraced house,1,1,Electric heating,Good,615,E,136
33,2,5,1,1,81,0,1,1,0.7,Tampere,Apartment,0,0,District heating,Good,0,G,88
61,2,0,1,0,57,0,1,1,8.2,Jyväskylä,Apartment,1,0,District heating,Good,0,F,75
49,2,3,1,1,0,0,1,1,3.0,Kuopio,Apartment,0,1,District heating,Excellent,0,B,113
41,1,1,1,1,16,0,1,1,7.3,Oulu,Apartment,0,1,Electric heating,Good,0,C,82
82,3,5,0,0,45,0,1,1,18.8,Espoo,Apartment,0,0,District heating,Excellent,0,D,188
47,2,2,0,1,2,0,1,1,3.5,Espoo,Apartment,0,1,Electric heating,New,0,A,231
32,2,3,1,1,50,0,1,1,6.6,Espoo,Apartment,0,1,District heating,Excellent,0,C,113
60,3,0,0,1,25,0,1,1,3.2,Jyväskylä,Apartment,0,1,District heating,Good,0,D,109
99,4,0,0,2,64,1,1,1,7.1,Kuopio,Detached house,0,0,District heating,Fair,605,F,124
77,3,1,0,2,27,0,1,1,21.3,Vantaa,Apartment,0,1,District heating,Fair,0,C,124
100,4,0,0,0,17,0,2,2,16.1,Espoo,Apartment,0,1,District heating,Excellent,0,B,280
67,3,0,1,1,33,0,1,2,1.0,Jyväskylä,Apartment,0,1,District heating,Fair,0,D,130
76,3,3,0,1,34,0,1,1,5.3,Tampere,Apartment,0,0,Air-source heat pump,Good,0,C,180
66,2,2,0,1,27,0,1,1,3.2,Pori,Apartment,0,1,District heating,Fair,0,E,74
85,2,1,0,1,7,0,1,2,3.1,Pori,Apartment,0,1,District heating,Excellent,0,B,123
34,2,3,1,0,52,0,1,1,0.7,Jyväskylä,Apartment,0,1,District heating,Good,0,D,67
60,2,0,0,1,52,0,1,1,5.4,Espoo,Terraced house,0,1,District heating,Good,210,F,201
78,3,0,0,1,69,1,1,1,3.4,Turku,Terraced house,0,1,District heating,Fair,375,F,149
35,1,1,1,1,4,0,1,1,1.2,Helsinki,Apartment,0,0,District heating,Excellent,0,A,228
77,3,4,0,1,44,0,1,1,9.7,Espoo,Apartment,0,0,District heating,Good,0,D,219
50,2,3,0,1,15,0,1,1,13.6,Espoo,Apartment,0,1,District heating,Fair,0,C,146
47,2,4,1,1,3,0,1,1,7.8,Espoo,Apartment,0,1,District heating,Excellent,0,A,217
117,5,0,1,2,67,1,2,2,1.1,Pori,Detached house,1,1,Air-source heat pump,Fair,3940,F,137
100,4,1,0,1,28,0,1,1,4.1,Turku,Apartment,0,1,District heating,Fair,0,E,178
44,2,1,0,1,42,0,1,1,3.6,Turku,Apartment,0,1,District heating,Excellent,0,C,92
186,7,0,0,2,24,1,2,2,27.9,Helsinki,Detached house,1,1,Air-source heat pump,Good,2275,C,480
38,1,6,0,0,22,0,1,1,7.2,Helsinki,Apartment,0,1,District heating,Good,0,C,154
52,2,1,1,0,40,0,1,1,19.3,Espoo,Apartment,0,1,Electric heating,Good,0,D,131
109,5,0,1,2,11,1,1,1,5.0,Jyväskylä,Detached house,0,1,Wood heating,Fair,765,D,237
22,1,3,0,0,61,0,1,1,2.5,Tampere,Apartment,0,0,District heating,Excellent,0,E,59
82,4,0,0,3,30,1,1,2,10.8,Tampere,Detached house,1,1,Electric heating,Good,625,E,210
86,3,0,1,1,32,1,1,1,7.5,Espoo,Semi-detached house,0,1,Oil heating,Needs renovation,810,E,329
76,3,0,1,1,1,0,1,1,8.5,Jyväskylä,Apartment,1,1,Air-source heat pump,Excellent,0,A,166
150,6,0,0,3,26,1,1,2,15.4,Lahti,Detached house,0,1,Geothermal,Fair,2700,D,166
48,2,0,0,1,5,0,1,1,3.2,Espoo,Apartment,0,1,District heating,Excellent,0,A,216
65,2,4,0,1,45,0,1,2,4.4,Tampere,Apartment,0,1,District heating,Good,0,E,153
48,2,3,0,0,18,0,1,1,1.6,Helsinki,Apartment,0,1,District heating,Excellent,0,B,242
54,2,2,0,0,49,0,1,2,10.1,Helsinki,Apartment,0,0,District heating,Good,0,E,153
134,5,6,0,1,22,0,2,2,5.1,Helsinki,Apartment,1,0,District heating,Fair,0,D,557
28,1,4,0,0,77,0,1,1,3.7,Kuopio,Apartment,0,0,District heating,Fair,0,F,42
33,2,2,0,0,1,0,1,1,1.8,Turku,Apartment,0,1,District heating,New,0,A,99
104,5,0,1,2,13,1,1,1,9.0,Jyväskylä,Detached house,1,1,Geothermal,Excellent,3555,B,251
75,4,0,1,2,18,1,1,1,3.6,Vantaa,Terraced house,1,1,Air-source heat pump,Good,245,B,237
106,4,2,1,0,32,0,2,2,1.9,Espoo,Apartment,0,1,District heating,Excellent,0,D,394
151,6,0,1,2,38,1,2,3,8.2,Helsinki,Semi-detached house,0,1,Geothermal,Good,625,C,586
48,2,0,0,0,28,1,1,1,5.7,Helsinki,Apartment,0,0,District heating,Needs renovation,0,D,171
46,2,0,0,0,51,0,1,1,1.3,Helsinki,Apartment,0,1,District heating,Fair,0,E,172
48,2,3,0,0,95,0,1,1,5.2,Tampere,Apartment,0,1,District heating,Fair,0,F,91
42,2,4,1,0,27,0,1,1,5.6,Turku,Apartment,0,1,Geothermal,Fair,0,C,100
95,4,0,1,0,32,1,2,2,10.4,Vantaa,Terraced house,1,1,District heating,Good,280,D,266
119,5,2,0,1,18,0,2,2,6.5,Helsinki,Apartment,1,1,District heating,Fair,0,D,487
48,3,4,0,0,16,0,1,1,1.5,Helsinki,Apartment,0,1,District heating,Excellent,0,B,245
63,3,2,0,1,28,0,1,1,1.3,Oulu,Apartment,0,1,District heating,Excellent,0,C,139
48,2,3,1,0,22,0,1,1,5.9,Helsinki,Apartment,0,1,District heating,Good,0,D,198
39,2,7,0,0,47,0,1,1,4.0,Espoo,Apartment,0,1,District heating,Fair,0,E,122
77,4,2,0,0,61,0,2,2,2.6,Helsinki,Apartment,0,0,District heating,Needs renovation,0,F,240
114,4,0,1,1,3,1,2,2,7.5,Turku,Detached house,0,1,Wood heating,Excellent,1150,D,291
95,4,0,0,1,1,1,2,3,7.6,Oulu,Semi-detached house,0,1,District heating,Excellent,1255,C,224
50,2,0,1,2,25,0,1,1,2.0,Helsinki,Apartment,0,1,District heating,Good,0,D,213
100,4,7,0,1,11,0,2,2,5.2,Tampere,Apartment,0,1,District heating,Good,0,A,317
95,3,0,1,1,48,1,1,1,4.1,Espoo,Terraced house,0,1,Oil heating,Good,365,E,278
90,5,4,0,0,4,0,1,1,5.8,Helsinki,Apartment,0,1,District heating,New,0,A,488
23,1,1,0,1,41,0,1,1,2.3,Espoo,Apartment,0,1,District heating,Needs renovation,0,E,74
82,4,2,1,2,0,0,1,1,2.5,Turku,Apartment,0,1,District heating,New,0,A,240
72,3,4,0,1,12,0,1,1,3.9,Tampere,Apartment,0,0,District heating,Good,0,C,206
77,4,0,0,2,54,0,1,1,5.7,Jyväskylä,Terraced house,1,1,Electric heating,Good,595,E,127
55,3,2,0,0,16,0,1,1,2.4,Helsinki,Apartment,0,1,District heating,Fair,0,C,237
129,6,0,0,1,29,1,2,2,7.8,Oulu,Semi-detached house,0,1,Wood heating,Needs renovation,905,E,180
59,2,0,1,1,21,0,1,2,7.7,Vantaa,Apartment,0,1,District heating,Good,0,D,148
76,4,0,0,1,25,0,1,1,5.8,Oulu,Apartment,0,0,District heating,Excellent,0,C,133
91,4,0,0,1,48,1,1,1,4.6,Lahti,Terraced house,0,1,Electric heating,Fair,380,E,128
25,1,2,1,1,29,0,1,1,2.3,Oulu,Apartment,0,1,District heating,Excellent,0,C,56
163,6,0,0,2,35,1,3,4,3.2,Turku,Semi-detached house,1,1,Air-source heat pump,Needs renovation,465,C,256
127,5,0,0,1,35,0,2,3,2.3,Helsinki,Apartment,0,1,District heating,Fair,0,E,449
62,3,0,0,1,17,0,1,1,2.1,Pori,Apartment,0,1,Geothermal,Fair,0,C,80
74,3,3,1,1,95,0,1,2,2.1,Tampere,Apartment,0,1,District heating,Fair,0,G,195
89,3,8,0,0,51,0,1,1,1.8,Turku,Apartment,0,1,District heating,Needs renovation,0,D,148
45,2,3,1,0,34,0,1,1,3.9,Helsinki,Apartment,0,1,District heating,Excellent,0,E,192
72,3,6,1,1,4,0,1,1,9.1,Espoo,Apartment,0,1,District heating,Good,0,B,299
68,3,0,1,1,15,1,1,1,6.3,Helsinki,Terraced house,0,1,District heating,Fair,210,C,292
46,2,2,0,1,16,0,1,1,5.8,Lahti,Apartment,0,0,Electric heating,Fair,0,C,70
64,3,0,0,1,18,1,2,2,4.5,Turku,Semi-detached house,0,1,District heating,Fair,900,C,171
105,5,1,1,1,18,0,2,2,4.9,Vantaa,Apartment,0,1,District heating,Good,0,C,289
30,2,1,1,0,11,0,1,1,1.8,Helsinki,Apartment,0,1,District heating,Good,0,B,148
106,4,2,1,0,16,0,2,2,2.8,Tampere,Apartment,1,1,District heating,Fair,0,C,313
33,1,3,1,1,8,0,1,1,1.4,Lahti,Apartment,0,1,District heating,Good,0,C,73
34,1,0,0,1,32,1,1,1,2.4,Jyväskylä,Apartment,0,1,District heating,Excellent,0,E,71
135,4,0,0,2,37,1,2,3,6.2,Tampere,Semi-detached house,0,1,District heating,Good,1355,D,365
71,2,3,0,1,3,0,1,2,1.3,Tampere,Apartment,0,0,District heating,Fair,0,B,225
80,3,0,1,1,6,1,2,2,6.5,Oulu,Semi-detached house,0,1,Air-source heat pump,Fair,695,C,161
65,2,3,0,1,37,0,1,1,18.5,Espoo,Apartment,0,1,Electric heating,Needs renovation,0,E,140
157,6,0,0,1,89,1,2,3,11.2,Turku,Detached house,1,1,Electric heating,Good,1405,F,235
27,1,3,1,0,7,0,1,1,3.8,Helsinki,Apartment,0,1,District heating,Excellent,0,A,131
65,3,3,1,1,14,0,1,1,2.7,Helsinki,Apartment,0,1,District heating,Fair,0,C,322
65,2,0,1,1,33,1,1,1,4.5,Jyväskylä,Apartment,0,1,District heating,Fair,0,D,103
79,3,1,0,1,23,0,1,1,3.5,Helsinki,Apartment,0,1,District heating,Excellent,0,C,334
116,5,0,1,2,1,0,2,2,12.3,Espoo,Semi-detached house,1,1,District heating,Excellent,390,A,456
89,3,1,1,1,17,0,1,1,3.5,Tampere,Apartment,0,1,District heating,Good,0,C,220
117,5,0,0,1,24,1,1,2,10.5,Vantaa,Detached house,0,1,Air-source heat pump,Good,1990,C,368
56,2,1,1,0,56,0,1,1,6.2,Kuopio,Apartment,0,1,District heating,Good,0,D,81
55,2,2,0,1,18,0,1,1,4.4,Helsinki,Apartment,0,1,District heating,Fair,0,D,245
133,5,0,1,1,23,0,3,4,8.7,Vantaa,Detached house,1,0,Geothermal,Fair,1275,B,341
69,3,7,0,1,21,0,1,1,2.7,Helsinki,Apartment,0,0,District heating,Fair,0,D,296
72,4,0,0,1,35,1,1,1,8.9,Vantaa,Apartment,0,0,District heating,Good,0,E,152
76,3,0,0,1,18,0,1,1,1.7,Turku,Apartment,0,1,District heating,Excellent,0,B,189
25,1,0,0,0,25,0,1,1,4.4,Helsinki,Apartment,0,1,Electric heating,Good,0,D,98
92,4,0,0,0,20,1,1,1,2.9,Oulu,Terraced house,1,1,District heating,Good,280,C,191
72,3,0,1,1,39,1,1,1,11.8,Lahti,Semi-detached house,0,1,Electric heating,Good,750,E,99
139,5,0,1,2,12,1,2,2,3.2,Kuopio,Detached house,1,1,Wood heating,Excellent,1340,D,245
65,4,4,0,1,51,0,1,1,1.6,Tampere,Apartment,0,0,District heating,Needs renovation,0,E,167
139,5,0,1,1,29,1,2,2,2.8,Oulu,Detached house,1,0,Electric heating,Fair,900,D,255
44,2,6,0,1,76,0,1,1,5.5,Helsinki,Apartment,0,1,District heating,Good,0,F,174
36,2,2,1,1,2,0,1,1,1.4,Turku,Apartment,0,1,District heating,New,0,A,117
58,3,1,1,1,28,0,1,1,3.6,Jyväskylä,Apartment,0,1,District heating,Good,0,D,113
42,2,0,0,1,11,0,1,1,2.4,Helsinki,Apartment,0,0,Geothermal,Excellent,0,B,220
86,3,0,0,2,69,1,1,1,3.0,Turku,Detached house,0,1,Oil heating,Needs renovation,730,G,155
25,1,2,0,0,50,0,1,1,4.8,Turku,Apartment,0,0,District heating,Fair,0,D,42
157,6,0,1,2,16,1,2,3,3.8,Tampere,Detached house,0,1,Air-source heat pump,Good,1655,C,526
39,2,2,1,1,10,0,1,1,12.3,Espoo,Apartment,0,1,District heating,Needs renovation,0,D,121
146,7,0,0,2,64,1,2,3,18.9,Vantaa,Detached house,1,1,Electric heating,Good,1440,F,265
153,6,0,1,2,17,1,2,2,5.4,Pori,Detached house,1,1,District heating,Fair,1795,C,186
101,3,2,0,1,64,0,1,1,1.5,Turku,Apartment,0,0,District heating,Good,0,F,179
62,3,2,0,1,20,0,1,1,6.0,Helsinki,Apartment,0,1,District heating,Excellent,0,A,289
62,2,0,0,1,59,0,1,2,7.5,Helsinki,Terraced house,0,1,Wood heating,Needs renovation,135,F,158
46,2,5,1,1,41,0,1,1,5.7,Tampere,Apartment,0,1,District heating,Fair,0,D,124
77,3,5,1,1,26,0,1,1,2.6,Tampere,Apartment,0,1,District heating,Good,0,D,214
70,3,1,0,1,21,0,1,2,10.1,Espoo,Apartment,0,1,District heating,Good,0,C,206
57,2,8,1,1,23,0,1,1,14.8,Turku,Apartment,0,1,District heating,Good,0,C,110
58,2,2,0,0,14,0,1,1,3.8,Turku,Apartment,0,1,District heating,Fair,0,C,132
39,2,1,1,1,5,0,1,1,3.2,Oulu,Apartment,0,0,Geothermal,Excellent,0,A,99
42,1,3,1,0,50,0,1,1,4.0,Helsinki,Apartment,0,1,District heating,Good,0,E,162
89,3,5,0,2,8,0,1,2,4.9,Oulu,Apartment,0,0,District heating,Fair,0,E,174
91,4,4,0,0,33,0,2,2,1.8,Helsinki,Apartment,0,1,District heating,Good,0,D,369
53,2,2,0,2,10,0,1,1,2.1,Pori,Apartment,0,1,District heating,Good,0,C,76
129,6,0,0,2,36,1,2,2,9.7,Tampere,Detached house,1,0,District heating,Excellent,1395,D,332
93,5,0,1,3,20,1,2,2,4.9,Jyväskylä,Detached house,0,1,Electric heating,Good,1540,C,227
217,8,0,1,2,20,1,2,3,13.9,Oulu,Detached house,1,1,Geothermal,Fair,2425,C,409
90,4,0,1,2,32,1,2,2,3.4,Lahti,Terraced house,0,0,Wood heating,Good,340,D,143
53,2,3,1,0,17,0,1,1,4.5,Tampere,Apartment,0,1,District heating,Fair,0,B,145
85,5,1,0,0,26,0,1,1,8.3,Vantaa,Apartment,0,1,Electric heating,Fair,0,D,179
121,6,2,0,1,33,0,2,2,3.1,Vantaa,Apartment,0,1,District heating,Needs renovation,0,E,275
38,1,4,0,0,2,0,1,1,3.9,Espoo,Apartment,1,0,District heating,New,0,A,171
65,3,0,1,0,11,1,1,1,6.6,Oulu,Terraced house,1,1,Electric heating,Good,255,D,129
89,4,0,1,0,11,1,1,1,10.6,Vantaa,Terraced house,1,1,District heating,Good,520,D,237
116,5,0,1,1,0,1,2,3,14.3,Espoo,Detached house,0,1,Geothermal,New,1280,A,572
47,2,3,0,1,37,0,1,1,7.4,Helsinki,Apartment,0,1,District heating,Fair,0,D,166
47,2,1,0,1,30,0,1,1,7.6,Helsinki,Apartment,0,1,District heating,Fair,0,D,189
130,5,0,0,1,69,1,2,3,6.9,Lahti,Semi-detached house,1,1,Electric heating,Good,1325,F,174
31,2,5,1,1,1,0,1,1,12.6,Vantaa,Apartment,0,1,District heating,New,0,B,104
62,3,3,0,0,39,0,1,1,4.5,Helsinki,Apartment,0,1,District heating,Fair,0,D,230
43,1,1,1,0,94,0,1,1,4.4,Helsinki,Apartment,0,1,District heating,Good,0,F,145
50,2,4,0,1,3,0,1,1,1.5,Tampere,Apartment,0,1,Electric heating,Excellent,0,A,191
77,2,0,0,1,69,0,1,1,2.1,Helsinki,Apartment,0,0,District heating,Needs renovation,0,F,199
36,2,1,1,0,38,0,1,1,15.9,Vantaa,Apartment,0,0,District heating,Good,0,C,74
43,1,6,0,0,40,0,1,1,2.5,Tampere,Apartment,0,0,District heating,Good,0,D,113
56,2,1,1,0,21,0,1,1,4.2,Tampere,Apartment,0,0,District heating,Good,0,C,132
95,3,4,0,1,52,0,1,1,5.6,Lahti,Apartment,0,0,Electric heating,Needs renovation,0,E,83
42,2,1,1,1,10,0,1,1,5.0,Oulu,Apartment,0,1,District heating,Needs renovation,0,C,70
63,2,2,1,0,4,0,1,1,4.7,Lahti,Apartment,0,1,District heating,Excellent,0,B,111
108,4,1,1,2,0,0,1,2,8.9,Helsinki,Apartment,0,1,District heating,New,0,A,470
91,3,0,1,2,22,1,1,1,5.1,Vantaa,Terraced house,1,1,Air-source heat pump,Good,470,D,266
47,2,6,0,1,9,0,1,1,12.8,Tampere,Apartment,0,1,District heating,Excellent,0,A,114
33,2,5,1,1,0,0,1,1,5.3,Helsinki,Apartment,0,1,District heating,Excellent,0,B,182
88,4,3,0,1,54,0,1,1,16.7,Vantaa,Apartment,0,1,District heating,Needs renovation,0,E,124
77,2,3,0,1,62,0,1,2,9.8,Tampere,Apartment,0,0,District heating,Good,0,F,135
34,1,1,1,0,18,0,1,1,2.3,Espoo,Apartment,0,1,District heating,Good,0,B,135
213,8,0,0,2,46,1,3,3,12.7,Espoo,Detached house,1,0,Geothermal,Excellent,1435,D,669
106,5,3,1,2,11,0,1,1,4.3,Tampere,Apartment,0,1,District heating,Needs renovation,0,D,268
66,2,3,0,1,14,0,1,1,3.5,Helsinki,Apartment,0,1,District heating,Fair,0,B,272
109,5,2,0,0,22,0,2,2,2.2,Helsinki,Apartment,0,1,District heating,Excellent,0,B,447
85,3,0,0,1,50,1,2,3,1.9,Tampere,Terraced house,1,1,Electric heating,Fair,335,E,204
131,6,0,1,0,19,1,3,4,22.8,Turku,Detached house,1,0,Electric heating,Good,2190,C,222
53,2,3,0,1,47,0,1,1,2.1,Helsinki,Apartment,0,1,District heating,Good,0,E,213
93,4,2,0,2,7,0,1,1,8.7,Espoo,Apartment,0,1,District heating,Good,0,C,325
234,9,0,0,1,31,1,3,3,8.1,Jyväskylä,Detached house,0,0,Air-source heat pump,Fair,2790,C,423
177,8,0,1,2,33,1,3,5,10.3,Helsinki,Semi-detached house,1,1,Geothermal,Fair,410,C,599
89,3,0,0,3,66,1,1,1,3.7,Helsinki,Terraced house,0,1,District heating,Needs renovation,225,G,281
126,5,0,0,1,53,1,2,2,13.9,Helsinki,Detached house,0,1,Electric heating,Good,550,F,405
64,4,1,0,0,40,0,1,1,10.2,Helsinki,Apartment,1,1,District heating,Fair,0,D,206
48,2,0,0,1,17,1,1,1,1.4,Tampere,Apartment,0,0,District heating,Fair,0,D,134
81,3,0,0,1,25,1,2,2,5.6,Helsinki,Terraced house,1,0,Electric heating,Fair,590,C,402
150,6,0,0,2,20,1,2,3,7.6,Oulu,Detached house,1,0,Electric heating,Excellent,3030,C,330
43,2,2,0,1,42,0,1,1,2.4,Pori,Apartment,0,1,District heating,Needs renovation,0,E,40
105,5,0,1,1,9,1,2,2,16.5,Espoo,Semi-detached house,1,1,Geothermal,Good,480,A,368
68,2,0,0,0,22,0,1,1,3.4,Helsinki,Apartment,0,0,District heating,Good,0,C,257
59,2,1,0,0,77,0,1,1,5.8,Helsinki,Apartment,0,0,District heating,Good,0,F,172
58,3,0,1,1,21,1,1,1,1.9,Pori,Apartment,0,1,District heating,Good,0,C,82
48,2,0,0,1,77,0,1,1,2.5,Pori,Apartment,0,0,District heating,Good,0,G,48
122,6,0,1,1,18,1,2,2,6.9,Oulu,Semi-detached house,1,1,Air-source heat pump,Good,895,B,293
112,5,0,0,1,25,0,2,3,2.8,Vantaa,Apartment,1,0,District heating,Good,0,C,288
86,3,0,1,1,24,1,2,2,23.2,Espoo,Terraced house,0,1,District heating,Good,320,C,260
67,3,1,1,1,1,0,1,1,6.4,Espoo,Apartment,0,1,District heating,New,0,A,297
153,6,0,0,1,11,1,2,2,8.0,Espoo,Detached house,1,1,Wood heating,Good,680,C,571
40,2,1,0,1,21,0,1,1,3.7,Espoo,Apartment,0,1,District heating,Excellent,0,C,160
27,1,0,0,1,1,0,1,1,3.2,Kuopio,Apartment,0,0,Electric heating,New,0,A,70
83,4,0,1,1,10,1,1,1,5.8,Tampere,Detached house,0,1,Electric heating,Good,730,C,249
118,5,1,1,2,29,0,1,1,1.2,Turku,Apartment,0,1,District heating,Good,0,C,257
56,2,2,1,0,59,0,1,1,12.9,Espoo,Apartment,0,0,District heating,Excellent,0,E,139
124,4,0,0,2,42,1,1,1,4.1,Espoo,Detached house,1,1,Electric heating,Needs renovation,1495,F,482
107,4,0,0,0,58,1,2,3,4.9,Helsinki,Terraced house,0,1,Electric heating,Needs renovation,665,G,414
120,4,0,1,1,53,1,3,3,10.4,Espoo,Semi-detached house,0,1,District heating,Good,330,D,331
107,4,0,1,1,69,1,2,3,3.1,Helsinki,Terraced house,0,0,District heating,Fair,490,F,433
69,2,1,0,2,36,0,1,1,6.0,Espoo,Apartment,1,1,Air-source heat pump,Good,0,C,228
120,4,5,0,1,25,0,2,2,2.4,Turku,Apartment,0,1,District heating,Needs renovation,0,E,238
73,2,1,1,1,32,0,1,1,5.3,Jyväskylä,Apartment,0,1,District heating,Fair,0,D,126
81,4,0,0,1,34,1,1,1,3.3,Kuopio,Terraced house,0,1,Air-source heat pump,Fair,360,D,134
86,4,4,1,1,7,0,1,1,5.5,Vantaa,Apartment,0,1,District heating,Excellent,0,B,276
49,2,4,0,0,23,0,1,1,6.8,Helsinki,Apartment,0,1,District heating,Good,0,D,191
87,3,0,0,1,3,0,2,2,3.8,Turku,Apartment,1,1,District heating,Fair,0,C,193
87,3,8,1,0,12,0,1,1,5.0,Helsinki,Apartment,0,1,Air-source heat pump,Good,0,B,403
131,6,0,0,2,46,0,2,2,5.5,Kuopio,Terraced house,1,1,Air-source heat pump,Fair,745,C,189
53,2,2,0,1,17,0,1,1,1.1,Turku,Apartment,0,1,District heating,Good,0,C,141
49,3,5,0,0,32,0,1,1,27.6,Espoo,Apartment,0,1,Electric heating,Excellent,0,C,110
75,2,3,1,1,32,0,1,1,4.4,Helsinki,Apartment,0,1,District heating,Good,0,D,278
60,2,3,0,1,8,0,1,1,4.7,Jyväskylä,Apartment,0,1,District heating,Good,0,B,127
64,3,1,1,1,1,0,2,2,3.6,Jyväskylä,Apartment,0,1,Electric heating,New,0,B,178
169,6,0,0,3,90,1,3,4,7.7,Lahti,Detached house,1,1,District heating,Fair,1990,G,192
98,3,3,0,1,64,0,2,2,2.8,Tampere,Apartment,1,0,District heating,Good,0,F,243
57,2,3,1,0,21,0,1,1,9.8,Helsinki,Apartment,0,0,District heating,Needs renovation,0,D,170
67,3,0,0,0,9,1,1,1,15.2,Vantaa,Terraced house,0,1,Electric heating,Excellent,270,B,217
68,2,0,0,1,19,1,1,1,5.0,Espoo,Apartment,0,1,District heating,Good,0,D,241
46,2,0,0,0,31,0,1,1,11.5,Espoo,Apartment,0,0,District heating,Good,0,C,141
74,2,1,0,1,43,0,1,1,3.6,Pori,Apartment,0,1,District heating,Fair,0,F,77
45,2,5,0,0,37,0,1,1,5.1,Helsinki,Apartment,0,1,District heating,Needs renovation,0,E,162
34,2,1,0,1,5,0,1,1,2.6,Lahti,Apartment,0,0,District heating,Good,0,C,69
35,1,2,1,1,1,0,1,1,4.6,Espoo,Apartment,0,1,District heating,New,0,A,178
49,3,2,1,1,12,0,1,1,2.3,Oulu,Apartment,0,1,District heating,Good,0,B,123
162,6,0,0,2,20,1,2,2,5.3,Espoo,Detached house,1,1,Wood heating,Excellent,745,C,630
77,4,0,0,1,46,1,1,1,1.8,Tampere,Terraced house,0,1,District heating,Good,400,C,221
66,4,1,1,1,51,0,1,1,6.7,Helsinki,Apartment,0,1,District heating,Fair,0,E,217
28,1,2,1,1,11,0,1,1,3.7,Turku,Apartment,0,1,District heating,Good,0,C,75
37,2,3,1,1,9,0,1,1,1.8,Kuopio,Apartment,0,1,District heating,Good,0,B,87
86,3,0,1,1,24,0,1,1,10.3,Espoo,Apartment,0,1,District heating,Excellent,0,D,263
61,3,4,1,0,2,0,1,1,4.5,Helsinki,Apartment,0,1,District heating,New,0,A,300
66,3,7,0,1,44,0,1,1,1.2,Helsinki,Apartment,0,1,District heating,Good,0,D,304
126,5,0,1,2,18,1,2,2,6.5,Tampere,Detached house,1,1,Geothermal,Excellent,1980,B,425
81,3,1,0,1,19,0,1,1,1.8,Helsinki,Apartment,0,1,District heating,Good,0,C,382
146,6,0,0,2,8,1,2,3,2.0,Turku,Detached house,1,1,District heating,Good,695,C,345
95,4,0,0,1,77,1,1,1,27.9,Vantaa,Terraced house,1,1,Electric heating,Excellent,740,E,176
84,4,2,0,1,22,0,2,2,12.0,Espoo,Apartment,0,1,District heating,Needs renovation,0,C,240
84,3,0,1,2,27,1,2,2,5.7,Tampere,Terraced house,0,1,District heating,Good,685,C,260
103,5,0,1,1,17,1,1,2,3.3,Turku,Semi-detached house,1,1,Air-source heat pump,Fair,880,D,244
122,5,9,0,1,3,0,2,3,3.8,Helsinki,Apartment,1,1,District heating,Excellent,0,C,712
184,8,0,1,1,8,1,3,4,3.4,Turku,Detached house,1,1,Geothermal,Excellent,1055,A,504
30,1,0,1,1,0,0,1,1,3.5,Oulu,Apartment,0,1,District heating,Excellent,0,A,76
103,4,4,0,1,32,0,1,1,5.0,Vantaa,Apartment,0,1,District heating,Good,0,D,256
77,4,0,0,1,66,1,1,2,10.1,Turku,Terraced house,0,1,District heating,Needs renovation,895,F,122
200,8,0,1,1,20,1,3,5,5.0,Kuopio,Detached house,1,1,District heating,Excellent,4400,B,411
192,7,0,0,1,50,1,3,5,14.3,Turku,Detached house,1,1,District heating,Good,1570,E,317
100,4,0,1,1,8,1,1,2,1.5,Tampere,Apartment,1,0,Air-source heat pump,Fair,0,B,271
185,7,0,0,2,12,1,3,4,3.8,Pori,Detached house,1,1,Wood heating,Good,1485,D,237
53,3,0,0,1,34,1,1,1,7.8,Espoo,Apartment,0,1,District heating,Fair,0,D,141
45,2,2,0,0,20,0,1,1,2.4,Helsinki,Apartment,0,0,District heating,Excellent,0,C,189
113,4,0,0,1,1,1,1,1,4.6,Tampere,Semi-detached house,1,1,District heating,New,360,A,286
72,2,0,0,1,37,0,1,1,3.3,Tampere,Apartment,0,0,District heating,Good,0,D,176
74,3,12,0,1,2,0,2,2,2.2,Tampere,Apartment,0,1,District heating,Excellent,0,A,271
66,2,4,0,1,28,0,1,1,3.6,Helsinki,Apartment,0,0,District heating,Needs renovation,0,C,246
50,2,2,0,1,20,0,1,1,5.5,Tampere,Apartment,0,0,District heating,Excellent,0,C,138
51,2,2,0,0,73,0,1,1,8.0,Helsinki,Apartment,0,1,District heating,Needs renovation,0,F,114
84,4,0,1,1,29,1,1,2,2.8,Tampere,Terraced house,1,1,District heating,Needs renovation,340,E,176
39,2,1,0,1,4,0,1,1,7.4,Espoo,Apartment,0,1,District heating,Good,0,C,155
80,2,4,0,1,26,0,1,1,7.3,Vantaa,Apartment,0,0,Air-source heat pump,Needs renovation,0,E,167
42,1,5,0,1,10,0,1,1,5.0,Oulu,Apartment,0,1,District heating,Fair,0,D,77
52,3,2,0,1,34,0,1,1,6.3,Turku,Apartment,0,1,District heating,Good,0,E,96
88,3,0,0,3,46,1,2,2,6.0,Tampere,Detached house,1,1,Electric heating,Needs renovation,1275,F,233
70,3,1,0,0,67,0,1,1,1.3,Helsinki,Apartment,0,1,Electric heating,Fair,0,F,252
82,3,3,0,0,41,0,1,1,5.1,Helsinki,Apartment,0,1,District heating,Good,0,D,296
115,5,2,1,2,38,0,1,2,9.8,Oulu,Apartment,0,0,District heating,Excellent,0,D,184
58,3,2,0,1,16,0,1,1,9.2,Vantaa,Apartment,0,1,District heating,Good,0,D,146
43,2,2,0,1,48,0,1,1,1.4,Lahti,Apartment,0,1,District heating,Fair,0,E,71
84,3,1,0,1,31,0,2,2,1.6,Helsinki,Apartment,0,0,District heating,Good,0,C,383
74,2,0,1,1,28,1,1,2,0.9,Turku,Apartment,0,1,District heating,Fair,0,C,163
41,1,1,0,1,1,0,1,1,1.5,Helsinki,Apartment,0,1,District heating,New,0,A,277
135,5,0,0,2,7,1,2,2,2.7,Helsinki,Detached house,1,1,Electric heating,Good,925,C,789
154,6,0,0,1,3,1,2,3,2.6,Kuopio,Detached house,1,1,Air-source heat pump,New,905,A,341
133,5,0,1,2,12,1,2,2,9.7,Kuopio,Detached house,1,1,Air-source heat pump,Good,2015,C,220
37,1,2,0,1,43,0,1,1,5.5,Turku,Apartment,0,0,District heating,Fair,0,E,77
72,2,5,1,1,13,0,1,2,1.9,Helsinki,Apartment,0,1,Air-source heat pump,Good,0,C,381
62,3,1,0,1,18,0,2,2,3.6,Lahti,Apartment,0,0,District heating,Good,0,C,103
47,2,6,1,1,37,0,1,1,1.4,Turku,Apartment,0,1,District heating,Good,0,E,122
58,2,4,1,0,14,0,1,1,6.1,Helsinki,Apartment,0,0,Air-source heat pump,Good,0,B,245
90,4,5,0,1,43,0,1,2,2.6,Lahti,Apartment,0,1,District heating,Fair,0,F,138
97,3,0,1,0,31,1,2,3,3.0,Tampere,Terraced house,1,1,Geothermal,Good,270,C,272
50,2,1,0,0,40,0,1,1,3.5,Espoo,Apartment,0,0,District heating,Good,0,D,160
46,3,2,0,0,93,0,2,2,2.9,Vantaa,Apartment,0,0,District heating,Fair,0,G,80
116,5,0,1,2,30,1,2,2,7.4,Lahti,Detached house,1,0,Electric heating,Needs renovation,1410,E,131
35,1,1,0,0,33,0,1,1,2.6,Helsinki,Apartment,0,1,District heating,Good,0,D,150
93,3,0,0,1,25,1,1,2,3.5,Jyväskylä,Semi-detached house,0,1,Geothermal,Fair,1370,C,174
32,1,1,1,0,32,0,1,1,11.5,Tampere,Apartment,0,1,District heating,Good,0,D,63
86,3,0,0,1,62,0,1,1,1.2,Jyväskylä,Apartment,0,1,District heating,Needs renovation,0,F,109
77,3,0,0,2,11,1,1,1,17.5,Vantaa,Detached house,1,1,Oil heating,Fair,1240,D,177
98,4,0,0,1,30,1,2,3,10.5,Jyväskylä,Detached house,1,1,District heating,Good,3455,E,199
52,2,1,1,0,12,0,1,1,7.5,Tampere,Apartment,0,1,District heating,Needs renovation,0,D,113
103,4,1,1,1,66,0,2,2,2.5,Tampere,Apartment,1,1,District heating,Good,0,F,280
81,3,0,0,1,28,0,2,2,6.3,Espoo,Apartment,0,0,District heating,Fair,0,D,273
156,6,0,0,2,20,1,3,4,11.2,Oulu,Detached house,1,1,Electric heating,Excellent,720,C,275
28,1,3,1,0,21,0,1,1,3.3,Helsinki,Apartment,0,1,District heating,Needs renovation,0,D,112
57,3,1,0,1,35,0,1,1,6.5,Turku,Apartment,0,1,District heating,Fair,0,C,102
77,3,0,0,1,10,0,1,1,2.1,Espoo,Apartment,0,1,Electric heating,Excellent,0,C,278
40,2,6,1,1,5,0,1,1,3.0,Helsinki,Apartment,0,1,District heating,Good,0,B,238
90,5,2,0,1,45,0,1,1,10.9,Vantaa,Apartment,0,1,District heating,Good,0,D,199
83,4,4,1,1,3,0,2,2,3.2,Oulu,Apartment,0,0,District heating,Excellent,0,A,212
71,3,5,0,0,21,0,1,1,3.0,Tampere,Apartment,0,1,District heating,Excellent,0,B,181
72,2,0,0,1,44,1,1,1,12.2,Espoo,Terraced house,0,1,District heating,Fair,355,F,198
150,7,0,1,2,9,1,2,3,3.9,Jyväskylä,Detached house,1,1,Electric heating,Excellent,1775,B,342
43,1,1,0,0,24,0,1,1,3.1,Tampere,Apartment,0,0,District heating,Fair,0,D,122
223,9,0,0,1,43,1,3,5,17.7,Lahti,Detached house,1,1,Air-source heat pump,Good,2200,E,244
120,4,0,0,1,53,1,2,3,24.9,Oulu,Semi-detached house,1,1,District heating,Needs renovation,1175,F,144
151,6,0,1,2,24,1,3,4,1.0,Jyväskylä,Detached house,1,1,Air-source heat pump,Good,1420,C,327
108,5,0,0,2,20,0,2,3,5.1,Espoo,Apartment,0,0,District heating,Fair,0,C,333
96,3,0,0,1,1,1,2,2,3.3,Jyväskylä,Detached house,0,1,Electric heating,Excellent,1195,B,230
102,4,0,0,2,88,1,2,2,15.2,Espoo,Terraced house,0,1,District heating,Good,295,F,232
32,2,2,1,1,2,0,1,1,10.5,Turku,Apartment,0,1,District heating,New,0,B,92
54,2,0,1,1,19,1,1,1,2.0,Jyväskylä,Apartment,0,1,District heating,Fair,0,D,117
58,3,2,0,0,18,0,2,2,2.8,Helsinki,Apartment,0,1,District heating,Excellent,0,C,269
68,4,0,0,1,0,0,1,2,1.9,Oulu,Apartment,0,1,District heating,New,0,A,178
88,4,1,1,1,19,0,2,2,7.3,Espoo,Apartment,0,0,District heating,Fair,0,C,278
110,4,2,1,2,4,0,1,1,2.5,Tampere,Apartment,0,0,District heating,Excellent,0,A,351
77,3,0,1,1,4,0,1,1,2.5,Turku,Apartment,0,1,Electric heating,Excellent,0,A,207
157,6,0,0,2,43,1,3,4,14.3,Tampere,Detached house,0,1,Electric heating,Fair,2025,E,329
67,2,11,0,1,15,0,1,2,12.8,Espoo,Apartment,0,0,Air-source heat pump,Good,0,C,228
74,4,0,0,2,52,1,1,2,12.1,Helsinki,Semi-detached house,1,1,Electric heating,Fair,280,E,217
180,8,0,0,1,11,1,3,4,5.3,Pori,Detached house,1,1,Air-source heat pump,Good,1725,C,263
148,6,0,1,1,4,1,2,3,17.5,Pori,Detached house,1,1,Air-source heat pump,Excellent,2890,B,198
35,1,3,1,0,13,0,1,1,4.8,Lahti,Apartment,0,1,District heating,Good,0,B,58
80,4,0,1,1,56,1,1,1,10.1,Oulu,Detached house,0,1,Electric heating,Good,1040,D,128
37,2,1,1,1,27,0,1,1,12.3,Vantaa,Apartment,0,1,District heating,Fair,0,C,85
122,5,1,0,1,34,0,2,3,3.9,Espoo,Apartment,1,0,District heating,Fair,0,E,366
64,3,0,1,2,1,1,1,1,3.5,Pori,Terraced house,0,1,District heating,New,255,A,118
65,3,0,0,1,2,0,1,1,4.0,Pori,Apartment,0,1,Electric heating,New,0,A,93
58,3,1,0,0,14,0,1,1,2.2,Tampere,Apartment,0,1,Electric heating,Good,0,C,148
99,3,1,1,1,2,0,2,2,3.9,Helsinki,Apartment,0,1,District heating,Excellent,0,A,480
66,2,3,0,0,62,0,1,1,1.5,Tampere,Apartment,0,0,District heating,Fair,0,F,137
82,3,0,0,1,56,1,1,1,7.4,Oulu,Terraced house,0,0,Electric heating,Good,400,E,125
69,2,4,0,1,50,0,1,1,1.3,Turku,Apartment,1,0,District heating,Needs renovation,0,F,139
39,2,5,0,1,41,0,1,1,9.4,Helsinki,Apartment,0,0,District heating,Fair,0,E,136
79,4,1,0,1,4,0,1,1,1.7,Turku,Apartment,0,1,District heating,Excellent,0,B,250
30,1,1,1,0,11,0,1,1,2.4,Tampere,Apartment,0,1,Air-source heat pump,Good,0,C,86
97,3,0,0,0,29,0,1,1,5.4,Pori,Terraced house,1,1,Electric heating,Needs renovation,225,D,70
97,3,0,0,1,43,0,2,3,4.0,Helsinki,Apartment,0,0,District heating,Good,0,E,347
164,6,0,0,3,39,1,2,2,8.6,Oulu,Detached house,1,1,Electric heating,Fair,685,E,212
57,3,3,0,1,33,0,1,1,2.4,Tampere,Apartment,0,1,District heating,Good,0,D,159
84,3,1,0,1,57,0,1,1,3.9,Turku,Apartment,1,0,District heating,Needs renovation,0,F,119
71,2,1,0,1,95,0,1,2,3.1,Turku,Apartment,0,1,District heating,Good,0,F,137
74,3,0,0,2,4,1,2,2,13.2,Helsinki,Terraced house,0,0,District heating,Good,300,B,331
31,1,2,0,1,42,0,1,1,2.8,Kuopio,Apartment,0,1,District heating,Needs renovation,0,E,41
62,3,3,0,1,1,0,1,1,2.8,Turku,Apartment,0,0,District heating,Excellent,0,B,181
44,2,0,0,0,42,0,1,1,2.9,Helsinki,Apartment,0,0,Electric heating,Fair,0,D,148
50,2,2,1,1,0,0,1,1,2.7,Helsinki,Apartment,0,1,District heating,Good,0,B,299
167,6,0,0,2,75,1,3,3,11.9,Oulu,Detached house,1,1,Electric heating,Excellent,3560,F,256
33,1,2,0,0,68,0,1,1,2.6,Tampere,Apartment,0,0,Electric heating,Fair,0,G,66
35,2,12,0,1,21,0,1,1,2.2,Turku,Apartment,0,1,District heating,Fair,0,C,99
106,4,4,1,2,65,0,2,3,10.6,Espoo,Apartment,0,0,District heating,Fair,0,G,266
60,2,5,1,2,5,0,1,1,3.6,Tampere,Apartment,0,0,District heating,Excellent,0,B,212
78,4,2,0,0,18,0,1,1,2.0,Oulu,Apartment,0,1,District heating,Fair,0,B,171
43,2,3,1,0,43,0,1,1,2.0,Helsinki,Apartment,0,0,District heating,Good,0,D,165
103,4,0,0,0,80,0,1,1,8.4,Helsinki,Apartment,0,0,District heating,Good,0,G,242
49,2,2,1,1,2,0,1,1,5.3,Oulu,Apartment,0,1,District heating,Excellent,0,B,119
92,3,3,0,2,1,0,2,3,1.5,Turku,Apartment,0,1,Air-source heat pump,New,0,B,301
108,4,3,1,1,22,0,2,2,5.4,Oulu,Apartment,0,1,District heating,Good,0,C,221
111,5,0,0,2,34,1,2,2,24.1,Vantaa,Detached house,0,0,Geothermal,Good,930,C,232
70,3,2,0,0,5,0,1,1,4.8,Helsinki,Apartment,0,0,District heating,New,0,B,324
168,7,0,0,2,22,1,3,3,10.5,Oulu,Detached house,1,1,Geothermal,Good,1540,D,286
134,6,0,0,2,33,1,2,2,3.7,Turku,Detached house,1,0,Electric heating,Needs renovation,1595,E,310
46,2,0,1,0,43,0,1,1,4.0,Helsinki,Apartment,0,0,District heating,Excellent,0,E,159
183,7,0,1,3,5,1,3,3,5.4,Vantaa,Detached house,1,1,Electric heating,New,2195,B,619
71,3,1,0,1,23,0,1,1,2.6,Helsinki,Apartment,0,1,District heating,Fair,0,D,320
58,3,3,1,0,32,0,1,1,6.4,Helsinki,Apartment,0,1,Oil heating,Good,0,D,216
116,4,6,0,1,26,0,2,3,2.4,Helsinki,Apartment,0,0,District heating,Needs renovation,0,D,395
72,4,0,0,1,31,0,1,1,5.3,Helsinki,Apartment,0,0,District heating,Good,0,C,263
158,6,0,1,2,17,1,2,3,13.0,Espoo,Detached house,1,1,Electric heating,Good,2295,D,598
85,3,0,1,1,50,0,1,1,2.9,Helsinki,Apartment,0,1,District heating,Excellent,0,E,310
96,3,0,0,2,10,1,1,1,6.7,Jyväskylä,Semi-detached house,0,0,Air-source heat pump,Good,495,A,179
111,5,0,0,2,4,1,1,1,12.2,Espoo,Terraced house,1,1,District heating,Good,365,B,417
57,2,0,1,0,23,0,1,1,1.6,Turku,Apartment,0,0,District heating,Good,0,C,118
23,1,2,1,1,0,0,1,1,2.8,Turku,Apartment,0,1,District heating,New,0,A,82
66,2,1,1,1,5,0,1,1,2.8,Turku,Apartment,0,1,District heating,Excellent,0,B,180
121,5,0,1,3,9,1,2,2,6.9,Tampere,Detached house,1,1,District heating,Excellent,1165,B,354
107,5,0,0,2,27,1,2,2,4.4,Jyväskylä,Semi-detached house,1,1,District heating,Fair,1035,D,190
118,5,1,1,1,23,0,2,3,12.0,Espoo,Apartment,0,1,Electric heating,Needs renovation,0,E,278
54,3,2,1,0,1,0,1,1,7.4,Espoo,Apartment,1,0,District heating,Excellent,0,A,238
48,3,3,1,1,22,0,1,1,19.1,Vantaa,Apartment,0,0,Air-source heat pump,Needs renovation,0,D,96
91,3,0,1,1,34,0,1,2,3.4,Kuopio,Semi-detached house,0,1,Air-source heat pump,Good,590,C,168
42,2,2,0,1,19,0,1,1,2.8,Espoo,Apartment,0,1,District heating,Excellent,0,C,176
42,2,1,0,1,64,0,1,1,6.5,Helsinki,Apartment,0,0,District heating,Fair,0,E,137
55,2,4,0,1,36,0,1,1,2.8,Oulu,Apartment,0,1,District heating,Fair,0,D,109
118,5,0,0,1,62,1,2,2,15.1,Oulu,Semi-detached house,0,1,Electric heating,Good,910,E,176
71,3,0,0,1,26,1,1,1,4.0,Espoo,Semi-detached house,1,1,Oil heating,Excellent,760,C,298
100,4,3,0,1,27,0,1,1,2.3,Oulu,Apartment,0,1,District heating,Fair,0,D,153
45,2,1,0,0,23,0,1,1,4.4,Vantaa,Apartment,0,1,District heating,Good,0,C,126
117,4,2,1,1,12,0,2,2,1.8,Turku,Apartment,1,1,District heating,Good,0,B,289
114,5,0,0,1,63,1,2,2,5.4,Tampere,Semi-detached house,1,1,Electric heating,Excellent,425,F,234
98,3,0,1,1,25,0,2,2,2.7,Helsinki,Terraced house,1,1,District heating,Needs renovation,270,D,418
84,3,0,0,0,53,0,1,1,4.0,Tampere,Apartment,0,1,District heating,Fair,0,F,167
94,4,1,0,1,14,0,1,1,1.0,Tampere,Apartment,0,0,District heating,Fair,0,C,245
62,2,2,1,1,32,0,1,1,4.3,Helsinki,Apartment,0,1,District heating,Fair,0,D,250
47,2,3,1,1,7,0,1,1,10.6,Espoo,Apartment,0,1,District heating,Excellent,0,A,182
46,2,1,1,0,9,0,1,1,11.2,Vantaa,Apartment,0,1,District heating,Good,0,B,125
125,5,0,0,2,14,1,2,3,11.0,Jyväskylä,Detached house,1,1,Geothermal,Excellent,1050,B,241
49,2,1,1,1,19,0,1,1,1.9,Jyväskylä,Apartment,0,1,District heating,Good,0,C,111
67,2,0,0,0,7,0,1,2,15.0,Vantaa,Apartment,0,1,District heating,Good,0,C,142
81,3,1,1,0,95,0,2,2,7.7,Helsinki,Apartment,0,1,District heating,Needs renovation,0,E,219
78,3,0,0,1,73,0,1,1,7.2,Helsinki,Apartment,0,0,District heating,Fair,0,F,232
74,3,2,1,0,30,0,1,1,5.7,Helsinki,Apartment,0,1,District heating,Good,0,D,300
97,4,0,1,2,17,1,1,2,12.4,Espoo,Detached house,0,1,Electric heating,Fair,1175,D,414
49,2,1,0,0,28,0,1,1,3.4,Espoo,Apartment,0,1,District heating,Fair,0,C,131
42,2,1,0,0,43,0,1,1,3.8,Helsinki,Apartment,0,0,District heating,Fair,0,C,149
140,5,0,1,1,4,0,2,2,7.4,Vantaa,Apartment,1,1,District heating,Excellent,0,C,390
111,5,0,0,3,28,1,2,2,16.5,Vantaa,Detached house,1,1,Electric heating,Good,2190,D,305
95,4,2,1,1,5,0,2,2,4.6,Helsinki,Apartment,0,0,District heating,New,0,B,450
89,3,0,0,2,24,1,2,2,15.3,Espoo,Terraced house,0,0,Electric heating,Good,535,D,285
82,3,1,0,0,30,0,1,1,3.3,Helsinki,Apartment,0,1,District heating,Good,0,C,316
67,2,0,0,1,43,1,1,1,4.2,Jyväskylä,Terraced house,1,1,District heating,Fair,215,E,110
165,7,0,1,2,22,1,3,5,6.1,Oulu,Detached house,1,1,Geothermal,Good,1905,C,367
37,1,3,0,1,64,0,1,1,11.7,Tampere,Apartment,0,1,District heating,Fair,0,E,72
42,1,1,1,1,2,0,1,1,2.8,Turku,Apartment,0,1,Electric heating,Excellent,0,B,131
57,3,4,0,0,28,0,1,1,2.2,Tampere,Apartment,0,1,District heating,Fair,0,E,152
64,3,1,1,1,25,0,1,1,1.5,Lahti,Apartment,0,0,District heating,Needs renovation,0,D,95
64,4,3,0,1,50,0,1,1,1.4,Pori,Apartment,0,1,District heating,Good,0,E,76
23,1,0,1,0,4,1,1,1,3.2,Turku,Apartment,0,1,Electric heating,Fair,0,C,62
53,2,2,0,1,64,0,1,1,9.4,Vantaa,Apartment,0,0,Electric heating,Excellent,0,E,118
84,3,0,0,1,3,1,1,1,3.9,Vantaa,Detached house,1,1,Air-source heat pump,Good,840,B,316
60,2,2,0,0,38,0,1,1,3.0,Helsinki,Apartment,1,0,Electric heating,Good,0,D,227
107,4,0,0,2,6,1,1,1,12.7,Espoo,Detached house,0,1,Electric heating,Excellent,1805,C,439
101,3,4,1,0,85,0,1,1,7.7,Helsinki,Apartment,0,0,Air-source heat pump,Fair,0,F,238
126,5,0,1,1,0,1,3,3,2.9,Turku,Semi-detached house,0,1,Electric heating,New,530,A,350
85,3,2,0,1,10,0,1,1,1.7,Oulu,Apartment,0,1,District heating,Excellent,0,C,209
89,4,0,1,1,0,0,1,1,8.5,Helsinki,Apartment,0,0,Electric heating,Excellent,0,B,333
104,5,0,0,1,7,1,2,2,6.6,Tampere,Detached house,1,1,Air-source heat pump,Excellent,1115,B,356
53,2,1,0,1,38,0,1,1,2.0,Kuopio,Apartment,0,1,District heating,Good,0,D,90
130,5,0,1,1,12,1,2,2,8.4,Helsinki,Semi-detached house,1,0,Air-source heat pump,Good,570,B,654
58,3,5,0,0,2,0,1,1,1.1,Helsinki,Apartment,0,1,District heating,New,0,B,361
45,2,1,1,1,8,0,1,1,2.2,Lahti,Apartment,0,1,District heating,Excellent,0,B,94
57,2,0,0,0,36,0,1,1,6.5,Helsinki,Apartment,0,1,District heating,Fair,0,D,181
71,3,0,0,1,20,0,1,1,3.9,Lahti,Apartment,0,0,District heating,Good,0,C,111
68,3,0,0,1,18,0,1,1,2.8,Helsinki,Apartment,0,1,District heating,Good,0,C,298
137,6,0,1,2,17,1,1,1,5.9,Tampere,Detached house,1,0,Electric heating,Good,900,D,327
42,2,5,1,1,46,0,1,1,3.2,Tampere,Apartment,0,0,District heating,Good,0,E,112
80,3,0,1,1,28,1,2,3,8.6,Kuopio,Detached house,1,1,Air-source heat pump,Fair,1280,D,131
121,5,0,0,1,54,1,2,2,15.4,Helsinki,Detached house,0,1,Wood heating,Good,1365,F,422
149,6,0,1,1,25,1,2,3,3.6,Oulu,Detached house,0,1,Geothermal,Excellent,1915,B,349
55,2,3,0,1,42,0,1,1,2.2,Tampere,Apartment,0,1,District heating,Good,0,D,150
81,3,0,0,2,24,1,1,1,5.7,Tampere,Detached house,1,0,Electric heating,Excellent,1090,C,262
72,3,1,1,1,0,0,1,1,1.9,Tampere,Apartment,0,1,District heating,New,0,A,254
92,4,0,1,1,79,0,2,2,8.6,Jyväskylä,Terraced house,1,1,District heating,Fair,335,F,124
103,5,1,1,1,13,0,2,2,17.2,Espoo,Apartment,0,1,Geothermal,Needs renovation,0,C,270
102,3,1,1,1,71,0,1,1,5.8,Helsinki,Apartment,0,1,District heating,Fair,0,F,315
133,5,0,0,2,25,1,1,1,7.4,Oulu,Detached house,0,1,Electric heating,Good,1190,D,236
125,5,2,0,2,61,0,2,2,3.8,Vantaa,Apartment,0,0,District heating,Excellent,0,E,272
24,1,1,1,1,25,0,1,1,3.0,Tampere,Apartment,0,1,District heating,Good,0,D,82
43,2,5,0,1,58,0,1,1,9.5,Lahti,Apartment,0,1,District heating,Good,0,F,54
105,4,1,0,1,24,0,1,1,3.8,Oulu,Apartment,0,1,District heating,Needs renovation,0,D,144
128,5,2,1,2,12,0,2,2,3.8,Oulu,Apartment,1,1,District heating,Fair,0,B,256
45,2,1,0,1,35,0,1,1,5.3,Turku,Apartment,0,1,District heating,Fair,0,E,90
65,2,1,0,1,54,0,1,2,8.3,Helsinki,Apartment,0,1,District heating,Good,0,E,209
72,3,0,1,1,56,0,1,1,3.7,Helsinki,Apartment,0,1,District heating,Fair,0,E,253
92,4,0,0,1,26,0,1,1,11.6,Tampere,Terraced house,1,0,Electric heating,Fair,285,D,161
60,2,0,1,0,46,0,1,1,8.6,Espoo,Apartment,0,1,District heating,Excellent,0,D,177
67,3,0,0,1,6,0,1,1,5.4,Tampere,Apartment,0,1,District heating,Excellent,0,C,185
106,4,3,0,1,73,0,2,2,1.4,Oulu,Apartment,1,1,Electric heating,Needs renovation,0,G,135
76,3,5,1,1,8,0,2,2,5.0,Tampere,Apartment,0,1,District heating,Fair,0,D,205
65,2,3,1,1,3,0,1,1,1.8,Turku,Apartment,0,1,District heating,Good,0,C,168
44,2,0,0,1,4,0,1,1,3.4,Oulu,Apartment,0,0,District heating,Good,0,C,100
140,6,0,1,1,50,1,2,2,4.9,Oulu,Terraced house,0,1,District heating,Needs renovation,475,F,178
76,2,8,0,1,4,0,1,1,6.2,Espoo,Apartment,0,1,District heating,Good,0,B,309
90,4,1,1,0,25,0,1,1,7.0,Helsinki,Apartment,1,0,District heating,Good,0,D,338
94,5,0,0,0,19,1,1,1,2.6,Helsinki,Apartment,0,0,District heating,Fair,0,C,317
87,5,0,1,2,4,1,1,1,11.5,Helsinki,Semi-detached house,0,0,Air-source heat pump,Excellent,410,B,396
120,3,5,1,0,14,0,1,2,1.5,Tampere,Apartment,0,1,District heating,Good,0,B,324
186,7,0,1,1,3,1,3,4,3.2,Oulu,Detached house,1,1,Electric heating,Excellent,590,C,380
129,5,0,1,1,42,1,2,2,16.4,Turku,Detached house,0,1,District heating,Fair,1350,E,209
71,2,3,0,0,54,0,1,1,2.5,Tampere,Apartment,1,1,District heating,Fair,0,E,150
104,4,0,0,1,18,1,2,2,8.1,Vantaa,Apartment,0,1,District heating,Good,0,C,255
54,2,3,1,1,25,0,1,1,4.0,Vantaa,Apartment,0,0,District heating,Good,0,D,151
63,3,4,0,1,26,0,1,1,3.0,Tampere,Apartment,0,0,District heating,Good,0,C,183
91,3,1,1,1,2,0,1,1,2.6,Turku,Apartment,0,1,District heating,New,0,B,237
191,8,0,1,1,12,1,3,4,12.3,Turku,Detached house,1,1,Geothermal,Needs renovation,1775,C,294
117,6,0,1,3,29,1,2,3,4.0,Kuopio,Terraced house,1,1,Electric heating,Fair,390,D,204
48,3,0,1,1,34,0,1,1,14.8,Vantaa,Apartment,0,0,District heating,Fair,0,D,103
70,3,0,0,1,31,0,1,1,7.8,Lahti,Apartment,0,0,Electric heating,Good,0,D,89
48,2,3,0,1,43,0,1,1,2.9,Tampere,Apartment,0,0,District heating,Good,0,D,127
109,4,0,1,0,3,0,1,1,5.0,Helsinki,Apartment,0,1,District heating,Good,0,B,429
53,3,1,0,1,33,0,2,2,5.4,Oulu,Apartment,0,1,District heating,Fair,0,C,99
103,5,0,1,1,5,1,2,2,9.9,Vantaa,Detached house,1,1,Air-source heat pump,Good,1075,D,324
36,2,0,0,1,27,0,1,1,2.8,Oulu,Apartment,0,0,Air-source heat pump,Good,0,C,78
68,3,0,0,1,9,1,1,1,9.0,Tampere,Terraced house,0,0,District heating,Good,255,B,182
51,2,0,0,1,57,0,1,1,1.9,Lahti,Apartment,0,1,District heating,Fair,0,F,70
70,3,4,0,1,47,0,1,1,1.7,Espoo,Apartment,0,1,District heating,Fair,0,E,217
53,2,0,0,1,54,1,1,1,4.8,Turku,Apartment,0,0,District heating,Good,0,E,112
136,6,0,0,2,49,1,1,1,11.3,Espoo,Detached house,0,1,Electric heating,Fair,860,F,423
114,5,0,1,1,17,1,2,2,6.1,Oulu,Detached house,0,1,District heating,Fair,955,C,194
69,3,2,1,0,15,0,1,1,6.2,Jyväskylä,Apartment,0,1,District heating,Good,0,B,134
121,4,2,1,2,11,0,2,3,1.3,Helsinki,Apartment,1,1,District heating,Excellent,0,B,645
50,2,2,1,1,62,0,1,1,3.3,Helsinki,Apartment,0,1,District heating,Good,0,E,203
93,4,0,0,1,37,1,2,2,3.9,Pori,Terraced house,0,1,Air-source heat pump,Excellent,665,D,145
92,4,0,0,2,11,1,1,1,16.0,Espoo,Detached house,1,1,Electric heating,Good,2145,C,396
54,2,2,1,0,34,0,1,1,4.2,Espoo,Apartment,0,1,Electric heating,Good,0,D,184
86,3,4,0,1,60,0,1,2,3.7,Helsinki,Apartment,0,0,District heating,Fair,0,F,297
69,3,2,0,1,12,0,1,1,7.1,Vantaa,Apartment,0,1,District heating,Needs renovation,0,D,176
41,2,2,1,1,21,0,1,1,1.1,Lahti,Apartment,0,0,District heating,Good,0,D,71
43,1,2,0,1,27,0,1,1,3.2,Tampere,Apartment,0,1,District heating,Good,0,C,124
105,3,0,0,2,62,1,1,1,9.0,Turku,Detached house,1,1,Electric heating,Fair,1585,F,188
53,3,5,0,1,13,0,1,1,2.1,Espoo,Apartment,0,1,District heating,Good,0,C,207
54,2,4,1,0,2,0,1,1,6.0,Vantaa,Apartment,0,0,District heating,Excellent,0,B,177
82,4,4,0,1,19,0,1,1,9.7,Tampere,Apartment,0,1,District heating,Good,0,C,190
53,2,1,0,0,37,0,1,1,6.7,Turku,Apartment,0,1,District heating,Good,0,D,96
64,3,2,0,0,66,0,1,1,3.2,Turku,Apartment,0,1,District heating,Fair,0,G,118
79,2,4,0,2,68,0,1,1,2.2,Turku,Apartment,1,1,District heating,Needs renovation,0,G,125
43,1,2,0,1,21,0,1,1,4.4,Vantaa,Apartment,0,0,District heating,Fair,0,C,110
50,3,1,0,1,85,0,1,1,7.3,Pori,Apartment,0,1,District heating,Fair,0,F,46
67,2,5,1,1,11,0,1,1,7.6,Espoo,Apartment,0,1,District heating,Good,0,C,249
106,4,0,0,1,86,0,2,2,4.5,Kuopio,Apartment,0,0,District heating,Fair,0,F,122
69,3,4,0,1,41,0,1,1,8.8,Espoo,Apartment,0,1,Electric heating,Excellent,0,D,225
106,4,4,0,1,40,0,1,2,3.3,Tampere,Apartment,0,1,Electric heating,Needs renovation,0,E,223
72,4,3,0,0,19,0,1,1,7.5,Helsinki,Apartment,0,1,District heating,Excellent,0,B,301
118,5,0,1,1,22,1,2,3,1.8,Oulu,Terraced house,0,1,Air-source heat pump,Fair,690,C,294
87,4,0,0,1,54,1,1,1,7.0,Espoo,Terraced house,0,1,Air-source heat pump,Good,235,D,281
121,4,12,0,0,35,0,2,2,9.3,Helsinki,Apartment,0,1,Geothermal,Fair,0,D,370
69,3,0,1,1,24,0,1,2,3.1,Tampere,Apartment,0,1,District heating,Good,0,C,187
92,4,0,0,1,64,1,1,1,3.6,Helsinki,Terraced house,0,1,District heating,Good,270,F,365
72,2,2,0,0,5,0,1,1,2.9,Tampere,Apartment,0,1,District heating,Excellent,0,A,230
111,4,0,1,1,19,1,2,2,7.3,Tampere,Semi-detached house,0,0,District heating,Good,1055,C,303
60,2,3,1,0,2,0,1,1,1.6,Turku,Apartment,0,1,District heating,New,0,C,164
39,2,1,0,1,21,0,1,1,14.6,Espoo,Apartment,0,1,District heating,Excellent,0,C,139
115,5,0,0,2,21,1,2,2,16.4,Vantaa,Detached house,1,1,Air-source heat pump,Good,1715,B,304
79,3,1,0,1,59,0,1,1,3.4,Lahti,Apartment,0,0,District heating,Needs renovation,0,G,68
54,2,0,1,1,46,0,1,1,2.3,Helsinki,Apartment,0,0,Electric heating,Excellent,0,F,220
76,2,0,0,0,22,0,1,1,2.1,Espoo,Apartment,0,1,District heating,Good,0,D,241
99,4,0,1,1,8,1,1,1,6.4,Oulu,Semi-detached house,0,1,District heating,Excellent,780,C,208
98,3,0,1,1,8,1,2,2,11.2,Espoo,Semi-detached house,1,1,Wood heating,Good,760,C,369
98,4,0,1,0,6,1,1,1,1.6,Espoo,Terraced house,0,1,District heating,Excellent,245,A,421
66,2,3,0,1,75,0,1,1,5.0,Helsinki,Apartment,0,0,District heating,Fair,0,F,189
187,8,0,1,2,16,1,3,3,19.5,Vantaa,Detached house,0,1,Geothermal,Good,2570,C,466
51,2,4,1,1,5,0,1,1,1.2,Jyväskylä,Apartment,0,1,District heating,Good,0,D,122
87,3,0,0,3,33,1,1,1,7.8,Kuopio,Detached house,1,1,Air-source heat pump,Good,2365,D,153
108,5,0,0,1,35,1,2,2,9.2,Lahti,Detached house,0,1,Wood heating,Good,1340,D,170
84,3,0,0,2,58,1,2,2,4.0,Helsinki,Terraced house,0,1,Oil heating,Fair,245,G,340
96,3,0,1,1,26,1,2,2,13.4,Turku,Terraced house,0,0,Electric heating,Fair,280,D,153
101,3,7,0,0,24,0,1,1,3.6,Helsinki,Apartment,0,1,District heating,Good,0,C,426
38,1,5,1,0,11,0,1,1,2.8,Tampere,Apartment,0,1,Geothermal,Fair,0,B,114
98,5,0,0,1,4,1,2,2,3.7,Espoo,Terraced house,1,0,Electric heating,New,165,A,371
89,3,0,0,2,21,1,1,1,27.8,Espoo,Detached house,0,1,Air-source heat pump,Good,1210,D,240
82,2,0,1,1,5,0,1,1,2.6,Helsinki,Apartment,0,0,District heating,Excellent,0,A,377
122,5,0,1,3,2,1,2,2,5.1,Tampere,Detached house,1,1,Air-source heat pump,Excellent,955,A,422
83,5,0,0,1,55,0,1,1,2.2,Tampere,Apartment,0,1,District heating,Good,0,E,186
181,6,0,1,3,27,1,3,4,7.1,Jyväskylä,Detached house,0,1,District heating,Good,1470,C,353
86,4,0,0,1,56,1,1,1,5.7,Oulu,Terraced house,0,1,Electric heating,Needs renovation,425,F,104
107,4,0,0,1,2,1,2,3,3.6,Lahti,Detached house,1,1,Electric heating,Excellent,905,A,217
145,6,0,0,1,25,1,2,2,12.8,Kuopio,Detached house,1,1,Wood heating,Fair,1135,D,222
79,4,0,0,2,24,1,2,2,5.1,Oulu,Terraced house,0,1,District heating,Good,450,D,164
134,5,0,1,2,25,1,2,3,12.9,Jyväskylä,Detached house,1,1,Oil heating,Good,1835,E,226
46,2,1,1,1,0,0,1,1,5.0,Espoo,Apartment,0,1,District heating,New,0,A,201
32,2,0,1,0,30,0,1,1,4.4,Helsinki,Apartment,0,0,District heating,Needs renovation,0,D,95
90,4,1,0,1,53,0,1,1,11.4,Helsinki,Apartment,0,1,District heating,Excellent,0,E,284
135,4,1,1,1,50,0,2,2,5.0,Vantaa,Apartment,1,0,District heating,Good,0,D,300
62,3,5,0,0,4,0,1,1,3.1,Helsinki,Apartment,0,0,District heating,Good,0,B,322
61,3,0,0,0,70,0,1,1,5.6,Helsinki,Apartment,0,0,District heating,Good,0,F,178
40,1,1,0,1,43,0,1,1,2.9,Helsinki,Apartment,0,1,District heating,Needs renovation,0,F,172
70,3,0,1,0,45,0,1,1,5.2,Helsinki,Apartment,0,1,District heating,Fair,0,D,218
28,1,3,0,0,23,0,1,1,2.0,Tampere,Apartment,0,1,District heating,Fair,0,C,74
71,3,5,0,1,51,0,1,1,9.3,Espoo,Apartment,0,1,District heating,Fair,0,E,196
90,3,0,0,1,32,1,2,2,6.1,Vantaa,Terraced house,0,0,Oil heating,Excellent,370,D,242
91,4,9,1,1,95,0,1,1,2.9,Helsinki,Apartment,1,1,District heating,Fair,0,F,356
68,3,0,0,2,4,1,1,1,17.8,Vantaa,Semi-detached house,1,1,Electric heating,Excellent,730,A,202
64,4,1,0,1,40,0,1,2,3.1,Kuopio,Apartment,0,1,District heating,Excellent,0,E,107
106,5,0,1,2,22,1,2,2,2.7,Tampere,Terraced house,1,1,District heating,Fair,220,C,238
87,3,5,0,0,19,0,2,3,1.1,Tampere,Apartment,0,1,District heating,Fair,0,C,301
54,2,1,0,0,19,0,1,1,7.3,Helsinki,Apartment,0,1,District heating,Good,0,C,206
58,3,0,1,1,56,1,1,1,4.8,Jyväskylä,Terraced house,0,1,Air-source heat pump,Fair,440,E,107
70,3,1,1,1,34,0,1,1,1.3,Oulu,Apartment,0,1,District heating,Good,0,C,132
79,4,0,1,0,55,1,1,1,27.0,Vantaa,Detached house,0,1,Air-source heat pump,Fair,820,E,112
66,2,2,1,1,32,0,1,1,3.8,Turku,Apartment,0,0,District heating,Excellent,0,D,142
75,4,0,0,1,8,1,1,1,4.4,Helsinki,Terraced house,0,1,Air-source heat pump,Good,165,C,372
109,4,0,0,2,44,1,2,3,10.2,Vantaa,Terraced house,1,1,Geothermal,Fair,620,D,232
79,3,0,0,1,83,0,1,2,6.4,Vantaa,Apartment,0,0,District heating,Fair,0,G,142
54,3,3,0,1,17,0,1,1,14.6,Espoo,Apartment,0,1,District heating,Good,0,C,180
106,4,0,0,1,56,1,1,1,6.8,Espoo,Terraced house,1,1,Air-source heat pump,Fair,550,E,355
94,3,1,1,1,20,0,2,2,1.7,Helsinki,Apartment,0,1,District heating,Fair,0,C,415
41,1,1,1,0,28,0,1,1,4.0,Helsinki,Apartment,0,1,Air-source heat pump,Good,0,C,183
113,4,0,0,1,56,1,2,2,3.8,Helsinki,Terraced house,0,0,District heating,Needs renovation,455,F,374
131,6,1,0,1,53,0,2,2,5.3,Helsinki,Apartment,0,1,Air-source heat pump,Good,0,D,485
68,2,4,1,1,28,0,1,1,2.5,Pori,Apartment,0,1,District heating,Good,0,D,86
106,5,0,0,2,23,1,2,3,1.9,Oulu,Terraced house,1,0,District heating,Needs renovation,510,E,196
63,4,2,1,0,11,0,1,1,10.5,Helsinki,Apartment,0,1,District heating,Good,0,B,234
95,4,1,1,1,10,0,1,1,11.7,Espoo,Apartment,0,1,District heating,Excellent,0,C,290
54,2,3,1,1,3,0,1,1,4.8,Helsinki,Apartment,0,0,Electric heating,Excellent,0,A,283
71,3,0,1,1,4,1,1,1,3.5,Helsinki,Apartment,0,1,District heating,Excellent,0,B,374
41,2,2,0,1,38,0,1,1,2.6,Helsinki,Apartment,0,1,Electric heating,Needs renovation,0,E,157
56,2,6,0,1,23,0,1,1,2.2,Oulu,Apartment,0,1,District heating,Fair,0,E,117
75,3,0,1,0,17,0,1,1,3.6,Kuopio,Apartment,0,0,District heating,Excellent,0,C,126
47,2,1,0,1,17,0,1,1,2.3,Helsinki,Apartment,0,1,District heating,Good,0,D,218
59,2,0,0,1,37,0,1,1,4.1,Oulu,Apartment,0,1,District heating,Needs renovation,0,E,82
85,4,0,0,1,24,1,1,1,6.3,Jyväskylä,Terraced house,0,1,District heating,Good,690,C,169
25,1,8,1,1,28,0,1,1,3.9,Helsinki,Apartment,0,1,District heating,Fair,0,C,132
89,3,0,0,1,79,0,1,1,7.1,Kuopio,Apartment,0,1,District heating,Fair,0,F,108
94,4,2,0,1,49,0,1,1,1.5,Turku,Apartment,0,1,District heating,Fair,0,F,164
104,3,0,0,1,5,0,2,2,11.1,Oulu,Terraced house,0,1,Air-source heat pump,Fair,275,B,207
82,4,1,0,1,60,0,2,3,5.5,Oulu,Apartment,0,0,District heating,Good,0,E,127
131,6,0,1,2,0,1,2,3,16.5,Vantaa,Detached house,1,1,Electric heating,New,1035,A,404
127,4,0,1,2,23,1,2,2,19.5,Espoo,Detached house,1,1,Oil heating,Fair,1310,E,409
130,6,0,1,2,18,1,2,3,7.4,Oulu,Detached house,1,1,Geothermal,Excellent,1720,C,301
43,1,0,0,0,86,0,1,1,1.9,Helsinki,Apartment,0,1,District heating,Excellent,0,F,172
79,3,1,1,1,39,0,1,2,7.4,Espoo,Apartment,0,1,District heating,Excellent,0,D,269
68,3,1,0,0,95,0,1,1,2.8,Helsinki,Apartment,0,1,District heating,Needs renovation,0,E,187
86,4,0,1,0,25,0,1,2,1.4,Helsinki,Apartment,0,1,District heating,Good,0,C,377
46,3,0,1,1,22,1,1,1,7.3,Vantaa,Apartment,0,0,Electric heating,Fair,0,D,120
65,3,6,0,1,42,0,1,1,5.5,Tampere,Apartment,0,1,District heating,Needs renovation,0,E,129
89,3,0,0,1,53,0,2,2,3.9,Pori,Apartment,1,0,Electric heating,Needs renovation,0,F,64
44,2,2,1,0,9,0,1,1,5.3,Turku,Apartment,0,1,District heating,Excellent,0,A,110
28,1,4,0,1,37,0,1,1,2.9,Oulu,Apartment,0,1,District heating,Fair,0,E,49
139,6,0,1,1,75,1,2,3,3.0,Pori,Detached house,1,1,Oil heating,Needs renovation,1790,G,132
72,3,7,0,1,23,0,1,1,3.2,Kuopio,Apartment,0,1,District heating,Good,0,C,138
47,2,2,0,1,19,0,1,1,2.9,Jyväskylä,Apartment,0,1,Electric heating,Excellent,0,C,109
71,3,7,0,1,76,0,1,1,2.5,Helsinki,Apartment,0,0,Air-source heat pump,Good,0,E,263
87,3,2,1,1,16,0,1,1,4.3,Vantaa,Apartment,0,1,District heating,Fair,0,D,261
48,2,2,1,0,24,0,1,1,2.3,Tampere,Apartment,0,1,District heating,Good,0,C,135
73,3,2,1,0,5,0,1,1,5.3,Tampere,Apartment,0,1,District heating,Excellent,0,A,216
58,2,0,0,0,34,0,1,1,4.7,Turku,Apartment,0,1,District heating,Needs renovation,0,E,84
93,4,1,0,2,95,0,1,1,3.6,Helsinki,Apartment,0,0,District heating,Excellent,0,E,346
51,2,3,0,0,59,0,1,1,25.6,Espoo,Apartment,0,1,District heating,Fair,0,F,83
70,3,3,0,1,68,0,1,1,3.8,Helsinki,Apartment,0,1,District heating,Fair,0,G,226
33,1,0,1,1,29,0,1,1,2.0,Jyväskylä,Apartment,0,1,District heating,Fair,0,D,66
74,3,2,0,1,15,0,1,2,2.2,Jyväskylä,Apartment,0,1,District heating,Excellent,0,B,170
35,1,2,0,1,43,0,1,1,2.0,Oulu,Apartment,0,0,District heating,Fair,0,E,70
55,2,3,0,1,4,0,1,2,3.5,Tampere,Apartment,0,1,Air-source heat pump,New,0,A,183
50,2,4,0,1,23,0,1,1,3.5,Espoo,Apartment,0,1,District heating,Good,0,C,186
62,2,3,0,0,85,0,1,1,1.4,Helsinki,Apartment,0,0,District heating,Needs renovation,0,F,201
159,7,0,0,1,23,1,3,4,15.3,Espoo,Semi-detached house,1,1,District heating,Good,465,C,438
77,3,2,0,1,19,0,1,1,4.8,Espoo,Apartment,0,1,District heating,Good,0,E,254
63,3,2,0,1,16,0,1,1,2.2,Tampere,Apartment,1,0,Electric heating,Good,0,C,188
55,2,1,1,1,39,0,1,1,1.3,Tampere,Apartment,0,0,District heating,Needs renovation,0,F,131
68,3,3,1,0,16,0,1,1,2.2,Vantaa,Apartment,0,1,District heating,Needs renovation,0,D,154
156,6,0,0,1,36,1,3,3,5.0,Helsinki,Detached house,0,0,District heating,Good,530,D,634
63,3,5,0,1,55,0,1,1,4.3,Oulu,Apartment,0,0,District heating,Excellent,0,D,115
82,2,0,0,1,40,1,1,2,8.5,Helsinki,Terraced house,1,1,Electric heating,Needs renovation,270,E,274
112,5,0,1,1,44,0,2,2,7.0,Helsinki,Terraced house,0,1,Wood heating,Good,220,F,401
110,4,0,1,1,39,1,2,2,11.8,Vantaa,Detached house,0,1,District heating,Needs renovation,965,F,235
31,1,1,1,1,5,0,1,1,1.7,Oulu,Apartment,0,1,District heating,Excellent,0,B,93
40,2,1,0,1,14,0,1,1,5.4,Jyväskylä,Apartment,0,1,District heating,Good,0,C,83
86,3,1,0,0,36,0,1,1,8.6,Helsinki,Apartment,0,1,District heating,Fair,0,E,233
78,3,2,1,1,14,0,1,1,3.7,Turku,Apartment,0,1,District heating,Excellent,0,B,183
79,2,5,0,1,37,0,1,2,5.6,Helsinki,Apartment,0,1,District heating,Good,0,D,325
75,4,7,0,1,2,0,1,1,3.8,Tampere,Apartment,0,0,District heating,New,0,A,270
73,2,1,0,1,2,0,1,1,6.9,Vantaa,Apartment,0,1,District heating,Excellent,0,C,221
66,3,0,1,1,0,0,1,1,3.1,Oulu,Apartment,0,0,District heating,Excellent,0,A,141
74,3,0,1,1,10,1,2,2,4.8,Tampere,Terraced house,0,0,Geothermal,Fair,230,C,155
84,3,3,0,0,21,0,1,1,3.4,Helsinki,Apartment,0,0,District heating,Good,0,B,337
47,2,0,0,1,2,1,1,1,7.9,Espoo,Apartment,0,1,District heating,New,0,B,199
34,2,1,0,1,73,0,1,1,2.1,Turku,Apartment,0,1,District heating,Good,0,E,83
62,3,2,1,1,38,0,1,1,4.3,Espoo,Apartment,0,1,District heating,Good,0,D,204
73,3,1,0,1,32,0,2,2,3.1,Tampere,Apartment,0,0,District heating,Needs renovation,0,E,158
69,2,2,0,1,24,0,1,1,4.4,Jyväskylä,Apartment,0,0,District heating,Good,0,D,128
165,7,0,1,2,30,1,3,4,3.9,Lahti,Detached house,1,1,Electric heating,Excellent,2010,C,258
54,2,8,1,0,4,0,1,1,3.2,Helsinki,Apartment,0,1,Geothermal,Excellent,0,B,312
55,2,4,0,0,34,0,1,1,2.7,Helsinki,Apartment,0,1,District heating,Good,0,D,239
110,3,0,1,1,1,1,1,1,4.9,Helsinki,Terraced house,1,1,District heating,New,780,A,687
130,6,0,0,1,60,0,2,2,2.3,Tampere,Terraced house,1,1,Electric heating,Excellent,265,E,308
114,6,0,0,2,59,0,1,1,7.5,Pori,Semi-detached house,0,1,Wood heating,Fair,420,F,92
74,3,0,0,0,65,0,1,2,4.3,Helsinki,Apartment,0,0,District heating,Excellent,0,E,219
37,2,1,1,0,51,0,1,1,7.0,Espoo,Apartment,0,1,District heating,Good,0,E,106
81,4,0,0,2,43,1,1,2,6.6,Helsinki,Semi-detached house,1,1,Wood heating,Fair,590,D,367
73,4,4,1,1,9,0,1,1,4.9,Vantaa,Apartment,0,1,District heating,Excellent,0,C,219
74,3,3,0,1,22,0,1,1,3.8,Espoo,Apartment,0,0,Electric heating,Fair,0,D,219
88,3,0,0,2,25,1,1,1,8.7,Helsinki,Semi-detached house,0,1,Air-source heat pump,Fair,545,C,426
64,2,2,0,0,16,0,1,1,9.5,Vantaa,Apartment,1,0,District heating,Good,0,D,161
40,2,3,0,1,33,0,1,1,3.3,Helsinki,Apartment,0,1,Electric heating,Fair,0,E,177
100,3,0,1,1,2,1,2,2,3.2,Jyväskylä,Apartment,0,0,District heating,Excellent,0,A,225
82,4,0,0,0,22,1,2,2,5.3,Lahti,Terraced house,0,1,Air-source heat pump,Fair,480,D,135
51,2,3,0,0,37,0,1,1,5.4,Helsinki,Apartment,0,1,District heating,Needs renovation,0,D,138
48,2,2,1,0,12,0,1,1,4.4,Helsinki,Apartment,0,1,District heating,Good,0,C,214
68,2,3,0,0,24,0,1,1,8.2,Lahti,Apartment,0,1,District heating,Good,0,C,89
70,4,0,1,1,12,0,1,1,2.5,Jyväskylä,Apartment,0,1,District heating,Good,0,C,155
111,5,0,0,0,2,1,2,2,7.5,Tampere,Semi-detached house,1,1,Air-source heat pump,New,615,B,327
116,5,0,0,2,46,1,1,2,2.6,Pori,Detached house,0,1,Air-source heat pump,Good,2555,F,155
139,6,0,1,1,31,1,2,2,4.6,Espoo,Semi-detached house,0,0,District heating,Fair,835,D,581
53,2,10,1,1,6,0,1,1,4.0,Jyväskylä,Apartment,0,1,District heating,Needs renovation,0,C,97
87,2,0,0,1,76,1,1,1,13.5,Espoo,Semi-detached house,0,1,Electric heating,Fair,830,F,252
83,4,0,0,1,34,1,1,2,8.3,Espoo,Terraced house,0,1,District heating,Excellent,655,D,347
97,4,0,0,2,72,1,2,2,7.9,Turku,Semi-detached house,1,1,District heating,Needs renovation,520,G,145
68,3,4,0,0,28,0,1,1,1.5,Helsinki,Apartment,0,1,District heating,Fair,0,C,302
44,2,6,1,1,17,0,1,1,1.1,Tampere,Apartment,0,0,District heating,Excellent,0,B,163
67,3,1,1,0,35,0,1,1,8.0,Espoo,Apartment,0,1,District heating,Good,0,D,194
119,5,2,0,1,74,0,2,3,2.8,Tampere,Apartment,0,1,District heating,Good,0,F,260
57,2,2,1,1,12,0,1,1,1.9,Turku,Apartment,0,0,District heating,Good,0,C,139
97,4,1,0,1,31,0,1,1,1.4,Jyväskylä,Apartment,0,0,District heating,Good,0,D,183
76,2,6,0,1,17,0,1,1,4.8,Turku,Apartment,0,1,Geothermal,Good,0,C,189
116,4,1,0,2,2,0,1,1,5.1,Helsinki,Apartment,0,1,District heating,Excellent,0,B,537
81,3,0,1,2,83,1,1,2,4.6,Helsinki,Semi-detached house,0,0,Wood heating,Good,400,G,315
107,5,0,1,2,28,1,2,2,4.6,Jyväskylä,Detached house,1,1,Air-source heat pump,Excellent,1700,C,271
49,2,3,1,0,10,0,1,1,3.0,Helsinki,Apartment,0,1,District heating,Excellent,0,B,232
94,4,0,1,2,49,1,2,2,10.0,Tampere,Detached house,0,0,District heating,Good,1280,E,246
80,4,0,1,2,16,1,1,1,15.6,Espoo,Semi-detached house,0,1,Wood heating,Good,930,C,300
61,3,2,1,0,16,0,1,1,3.2,Tampere,Apartment,0,1,District heating,Excellent,0,C,178
119,5,0,0,1,48,1,3,4,5.4,Vantaa,Detached house,0,1,Wood heating,Fair,2110,F,330
85,4,4,0,1,83,0,2,3,3.6,Helsinki,Apartment,0,1,District heating,Fair,0,G,334
74,3,1,1,1,20,0,2,2,6.7,Oulu,Apartment,0,1,District heating,Good,0,C,140
87,3,7,0,1,95,0,1,1,1.3,Helsinki,Apartment,0,0,District heating,Good,0,G,369
111,5,0,1,1,16,1,2,2,29.9,Vantaa,Detached house,1,1,Electric heating,Good,790,C,215
123,5,3,1,2,40,0,2,3,12.5,Vantaa,Apartment,1,1,District heating,Fair,0,E,305
85,3,5,0,1,19,0,1,1,5.7,Helsinki,Apartment,0,1,Air-source heat pump,Fair,0,C,393
119,4,5,1,1,0,0,2,2,3.9,Jyväskylä,Apartment,0,1,District heating,New,0,B,290
54,2,3,1,1,9,0,1,1,4.2,Oulu,Apartment,0,1,District heating,Good,0,A,126
124,5,0,1,1,20,1,2,2,8.4,Turku,Detached house,1,1,Geothermal,Excellent,1580,B,288
94,4,0,1,1,12,0,2,2,13.6,Helsinki,Terraced house,0,1,Air-source heat pump,Good,265,B,429
96,4,0,0,1,38,1,1,1,2.0,Jyväskylä,Terraced house,0,1,Oil heating,Good,405,E,169
129,4,4,1,1,14,0,2,3,17.5,Espoo,Apartment,1,1,District heating,Fair,0,C,366
106,5,0,1,2,15,0,2,3,10.1,Espoo,Semi-detached house,1,1,Electric heating,Fair,485,C,395
92,3,0,1,1,3,0,1,1,1.9,Tampere,Terraced house,0,1,Air-source heat pump,Needs renovation,215,C,203
36,1,1,1,0,60,0,1,1,2.7,Lahti,Apartment,0,0,District heating,Needs renovation,0,G,42
50,2,3,0,1,49,0,1,1,2.1,Pori,Apartment,0,0,District heating,Good,0,E,59
64,3,2,1,1,42,0,1,1,1.1,Turku,Apartment,0,0,District heating,Good,0,D,134
46,2,3,0,1,7,0,1,1,3.8,Oulu,Apartment,0,1,District heating,Excellent,0,B,113
47,2,2,0,1,28,0,1,1,7.7,Helsinki,Apartment,0,0,District heating,Good,0,C,184
136,5,1,0,1,13,0,2,3,3.7,Jyväskylä,Apartment,1,1,District heating,Good,0,B,269
144,6,0,1,1,16,0,2,3,7.9,Tampere,Detached house,1,0,Oil heating,Excellent,720,D,303
61,2,0,0,1,1,0,1,1,5.8,Lahti,Apartment,1,1,District heating,New,0,A,119
138,4,4,1,2,6,0,2,2,6.1,Espoo,Apartment,1,1,District heating,Needs renovation,0,D,440
81,3,0,0,1,33,0,1,1,8.9,Vantaa,Apartment,1,0,Electric heating,Good,0,D,165
118,4,7,0,0,38,0,2,2,6.9,Espoo,Apartment,0,1,District heating,Fair,0,D,368
58,3,0,0,1,16,0,1,1,1.8,Oulu,Apartment,0,1,District heating,Excellent,0,C,121
58,2,0,0,1,20,0,1,1,3.2,Jyväskylä,Apartment,0,0,District heating,Good,0,C,106
36,2,4,1,1,3,0,1,1,3.1,Tampere,Apartment,0,1,District heating,Good,0,B,121
132,6,0,0,1,64,1,2,2,1.6,Turku,Semi-detached house,0,0,District heating,Fair,440,G,219
82,3,0,0,1,24,1,1,1,18.8,Espoo,Terraced house,1,1,District heating,Good,170,E,229
60,2,1,1,1,33,0,1,1,3.1,Jyväskylä,Apartment,0,0,District heating,Needs renovation,0,D,92
50,2,6,0,0,36,0,1,1,4.5,Tampere,Apartment,0,0,Electric heating,Needs renovation,0,D,101
59,2,3,1,1,7,0,1,1,2.5,Jyväskylä,Apartment,0,1,District heating,Excellent,0,A,152
148,7,0,0,2,30,1,2,2,3.9,Jyväskylä,Detached house,1,0,Wood heating,Fair,3500,E,250
110,4,0,0,1,14,0,2,3,7.2,Espoo,Terraced house,1,0,District heating,Fair,320,C,358
72,3,1,1,1,16,0,2,2,8.2,Espoo,Apartment,0,1,District heating,Fair,0,D,248
89,3,0,0,1,77,0,2,2,11.2,Helsinki,Apartment,0,0,District heating,Fair,0,E,192
83,3,0,0,1,49,1,2,2,1.2,Helsinki,Apartment,0,0,District heating,Good,0,F,342
54,2,3,0,0,4,0,1,1,7.9,Turku,Apartment,0,1,District heating,New,0,A,133
47,2,0,0,0,43,0,1,1,1.3,Tampere,Apartment,0,0,District heating,Needs renovation,0,E,85
63,3,4,0,0,28,0,1,1,6.0,Vantaa,Apartment,0,0,District heating,Good,0,D,165
58,2,1,0,1,21,0,1,1,7.0,Helsinki,Apartment,0,0,District heating,Good,0,E,234
112,5,0,0,2,25,1,1,1,4.4,Jyväskylä,Detached house,0,1,District heating,Fair,800,E,179
152,6,0,0,2,25,1,2,3,6.7,Lahti,Detached house,1,1,Oil heating,Needs renovation,2105,F,173
107,4,0,0,2,17,1,2,2,18.8,Espoo,Detached house,1,1,Electric heating,Good,1505,C,380
43,2,2,0,1,38,0,1,1,12.2,Vantaa,Apartment,0,1,Electric heating,Fair,0,C,93
92,3,0,1,1,22,1,2,3,13.6,Espoo,Semi-detached house,1,1,District heating,Good,460,D,289
68,3,1,0,1,27,0,1,1,4.4,Jyväskylä,Apartment,0,0,District heating,Needs renovation,0,D,104
75,2,3,0,0,28,0,1,1,1.2,Turku,Apartment,0,1,District heating,Fair,0,D,163
56,3,1,0,1,36,0,1,1,4.2,Pori,Apartment,0,1,District heating,Good,0,C,70
52,2,2,1,1,3,0,1,2,1.6,Tampere,Apartment,0,1,District heating,New,0,B,193
46,2,1,0,1,36,0,1,1,3.6,Lahti,Apartment,0,0,District heating,Needs renovation,0,D,52
97,3,1,1,1,35,0,2,3,1.7,Lahti,Apartment,0,0,District heating,Fair,0,E,151
96,4,0,1,3,9,1,2,2,18.5,Vantaa,Detached house,1,1,Geothermal,Good,1220,C,283
83,4,0,0,2,26,0,1,1,4.3,Jyväskylä,Terraced house,0,0,Geothermal,Good,185,B,172
44,1,1,0,1,10,0,1,1,5.0,Helsinki,Apartment,0,0,District heating,Excellent,0,C,203
81,3,0,1,1,28,0,1,1,2.5,Tampere,Apartment,0,1,District heating,Good,0,C,206
190,7,0,1,3,23,1,3,4,7.2,Kuopio,Detached house,0,1,Electric heating,Good,3145,D,288
30,1,9,0,1,3,0,1,1,0.8,Turku,Apartment,0,1,District heating,Excellent,0,B,109
97,5,0,0,1,69,1,1,1,8.1,Pori,Detached house,0,1,Wood heating,Fair,2560,G,110
91,4,0,0,2,15,1,2,2,9.4,Jyväskylä,Detached house,1,1,Electric heating,Good,1440,C,185
62,2,1,0,0,43,0,1,1,3.7,Turku,Apartment,0,1,Electric heating,Fair,0,E,109
38,1,5,1,1,60,0,1,1,4.5,Helsinki,Apartment,0,1,District heating,Good,0,E,162
98,5,2,0,1,25,0,2,2,5.6,Oulu,Apartment,1,0,District heating,Needs renovation,0,D,168
59,2,1,0,1,23,0,1,2,8.8,Helsinki,Apartment,0,0,District heating,Good,0,C,228
57,2,3,0,1,35,0,1,1,18.5,Espoo,Apartment,0,1,District heating,Good,0,E,152
112,4,5,0,1,41,0,1,1,4.1,Oulu,Apartment,1,1,Electric heating,Fair,0,F,178
65,3,4,0,0,10,0,1,1,1.8,Tampere,Apartment,0,1,Geothermal,Needs renovation,0,C,167
86,3,0,1,2,27,1,1,2,16.1,Espoo,Semi-detached house,0,1,Electric heating,Good,1635,D,412
125,4,0,0,2,63,0,2,3,6.6,Helsinki,Semi-detached house,1,0,Electric heating,Good,315,D,478
74,2,0,1,1,5,1,1,1,7.6,Espoo,Terraced house,1,1,Air-source heat pump,Excellent,510,A,308
79,3,0,1,1,0,1,2,2,3.4,Oulu,Terraced house,1,1,Electric heating,New,450,B,222
47,2,2,0,1,47,0,1,1,4.7,Vantaa,Apartment,0,1,District heating,Needs renovation,0,F,97
113,4,0,0,0,27,0,1,1,16.5,Helsinki,Apartment,1,1,District heating,Needs renovation,0,D,229
65,2,1,0,1,55,0,1,1,5.8,Oulu,Apartment,0,1,Oil heating,Excellent,0,F,98
85,3,2,1,1,51,0,1,1,3.0,Pori,Apartment,0,0,District heating,Excellent,0,D,89
105,3,0,1,1,26,0,1,2,5.8,Espoo,Apartment,0,1,District heating,Good,0,C,320
67,2,6,0,1,95,0,1,1,5.5,Helsinki,Apartment,0,1,District heating,Good,0,F,226
56,2,1,1,1,0,0,1,1,1.1,Tampere,Apartment,0,1,District heating,New,0,B,236
62,3,0,0,3,7,1,2,2,13.0,Espoo,Terraced house,0,0,Electric heating,Good,415,B,267
58,2,4,0,0,21,0,1,1,3.6,Espoo,Apartment,0,1,District heating,Good,0,C,203
117,4,1,0,1,49,0,2,3,3.6,Helsinki,Apartment,0,0,District heating,Fair,0,E,383
117,4,0,1,2,17,1,2,2,5.4,Turku,Semi-detached house,0,1,Air-source heat pump,Fair,1255,C,281
75,2,6,0,1,59,0,1,1,2.9,Helsinki,Apartment,0,1,District heating,Needs renovation,0,F,242
44,2,8,0,0,20,0,1,1,4.1,Helsinki,Apartment,0,0,Electric heating,Needs renovation,0,D,165
116,4,0,0,2,2,1,2,2,15.9,Oulu,Detached house,1,1,Electric heating,Excellent,2065,B,234
53,2,3,1,1,1,0,1,1,1.4,Tampere,Apartment,0,1,District heating,Excellent,0,B,181
100,4,1,0,1,25,0,1,1,2.5,Turku,Apartment,0,1,District heating,Needs renovation,0,D,194
62,2,1,0,0,34,0,1,1,15.8,Helsinki,Apartment,0,0,District heating,Needs renovation,0,D,132
143,5,0,1,1,38,1,2,3,4.0,Kuopio,Semi-detached house,0,1,District heating,Good,900,C,241
67,3,1,0,1,20,0,1,1,2.0,Kuopio,Apartment,0,1,Electric heating,Excellent,0,B,139
68,2,0,0,1,95,0,1,1,4.6,Helsinki,Apartment,0,0,District heating,Fair,0,F,200
69,3,2,0,1,44,0,1,1,6.2,Espoo,Apartment,0,0,District heating,Good,0,D,182
76,4,2,1,1,9,0,1,1,2.3,Jyväskylä,Apartment,1,1,District heating,Good,0,C,185
71,2,0,0,1,48,1,1,1,11.8,Vantaa,Apartment,0,1,District heating,Good,0,E,139
117,3,2,0,1,48,0,2,2,10.1,Turku,Apartment,0,1,District heating,Needs renovation,0,E,147
62,3,3,1,0,25,0,1,1,2.4,Tampere,Apartment,0,0,District heating,Fair,0,D,177
100,4,4,1,0,73,0,1,1,2.7,Helsinki,Apartment,0,1,District heating,Good,0,F,342
76,4,0,0,2,26,1,2,2,6.6,Tampere,Semi-detached house,1,1,Geothermal,Fair,535,C,209
55,3,3,1,1,30,0,1,1,3.8,Tampere,Apartment,0,1,District heating,Good,0,D,155
32,1,0,1,1,0,0,1,1,1.6,Lahti,Apartment,0,1,District heating,New,0,A,75
89,3,2,0,0,26,0,1,1,4.5,Helsinki,Apartment,1,0,District heating,Good,0,D,359
58,2,3,0,0,36,0,1,1,7.8,Espoo,Apartment,0,1,District heating,Needs renovation,0,E,140
81,2,2,1,1,34,0,1,1,8.0,Espoo,Apartment,0,1,District heating,Fair,0,D,247
91,4,0,0,1,22,1,1,1,5.5,Lahti,Terraced house,0,1,District heating,Good,255,C,127
96,5,0,0,2,14,1,2,2,9.5,Espoo,Terraced house,0,0,District heating,Fair,545,C,395
46,2,3,0,0,40,0,1,1,0.9,Pori,Apartment,0,1,District heating,Good,0,E,58
149,7,0,0,2,19,1,2,2,6.2,Tampere,Semi-detached house,1,1,District heating,Good,450,D,363
38,2,3,1,1,40,0,1,1,10.3,Vantaa,Apartment,0,1,District heating,Fair,0,E,74
146,5,0,1,1,20,1,3,4,2.3,Turku,Detached house,1,0,Geothermal,Good,1090,B,399
81,3,0,1,1,60,1,1,1,13.4,Vantaa,Terraced house,0,0,Wood heating,Fair,265,G,154
104,4,0,0,0,56,1,2,2,3.0,Helsinki,Apartment,0,0,District heating,Good,0,D,347
170,5,0,1,1,37,1,2,3,4.9,Tampere,Semi-detached house,1,1,Electric heating,Fair,450,C,333
43,2,5,0,0,13,0,1,1,3.7,Helsinki,Apartment,0,1,District heating,Good,0,C,208
37,2,2,1,0,10,0,1,1,8.9,Tampere,Apartment,0,1,Electric heating,Fair,0,B,90
162,6,0,1,1,1,1,3,4,18.8,Espoo,Detached house,1,1,Electric heating,New,1440,B,730
67,2,4,0,1,29,0,1,1,4.8,Helsinki,Apartment,0,1,District heating,Fair,0,D,281
120,4,0,1,2,42,1,1,1,9.8,Helsinki,Semi-detached house,0,1,District heating,Good,490,E,516
166,7,0,1,1,36,1,2,2,7.0,Lahti,Detached house,1,1,Geothermal,Good,1545,D,248
60,2,4,1,0,18,0,1,1,1.1,Helsinki,Apartment,0,1,Air-source heat pump,Fair,0,B,303
110,4,0,1,2,10,1,2,2,16.8,Espoo,Terraced house,1,1,Wood heating,Good,420,C,381
49,2,3,0,1,29,0,1,1,5.4,Helsinki,Apartment,0,1,District heating,Good,0,D,191
85,3,1,1,1,3,0,1,1,1.9,Turku,Apartment,0,1,District heating,Good,0,A,233
54,2,1,0,1,22,0,1,1,6.2,Vantaa,Apartment,0,1,District heating,Excellent,0,C,170
83,4,0,0,1,95,1,2,3,8.5,Helsinki,Terraced house,1,1,District heating,Good,230,G,289
56,3,2,0,0,28,0,1,1,4.6,Lahti,Apartment,0,0,District heating,Excellent,0,C,87
52,2,2,0,0,37,0,1,1,2.1,Turku,Apartment,0,1,District heating,Good,0,C,117
72,3,0,0,0,59,0,1,1,4.1,Helsinki,Apartment,0,0,District heating,Good,0,E,207
95,4,2,0,0,95,0,1,2,2.5,Espoo,Apartment,0,1,District heating,Fair,0,F,207
83,4,1,1,1,5,0,1,1,5.5,Oulu,Apartment,1,1,Electric heating,Good,0,C,172
82,3,2,1,1,34,0,1,1,8.8,Helsinki,Apartment,0,1,District heating,Fair,0,E,258
40,1,4,1,0,23,0,1,1,9.1,Turku,Apartment,0,1,District heating,Good,0,D,85
99,4,3,0,0,20,0,1,1,7.8,Espoo,Apartment,0,1,District heating,Good,0,B,342
76,4,0,0,0,68,0,1,1,2.4,Tampere,Apartment,0,1,District heating,Fair,0,F,150
109,3,3,0,0,58,0,2,2,15.1,Helsinki,Apartment,0,1,District heating,Good,0,D,239
109,4,0,0,2,57,1,2,3,3.0,Jyväskylä,Detached house,1,0,Wood heating,Fair,660,E,168
32,2,1,1,1,20,0,1,1,0.9,Lahti,Apartment,0,1,Electric heating,Excellent,0,C,67
98,5,0,1,0,31,0,2,2,1.8,Helsinki,Apartment,1,1,District heating,Fair,0,D,367
77,3,0,0,1,27,1,1,1,4.7,Oulu,Detached house,0,1,Electric heating,Needs renovation,1030,D,152
71,3,0,1,1,34,1,1,1,4.6,Turku,Semi-detached house,0,1,District heating,Excellent,1145,D,216
75,3,0,0,1,22,0,1,2,1.3,Jyväskylä,Apartment,0,1,District heating,Excellent,0,B,160
82,2,5,1,1,0,0,1,1,2.9,Helsinki,Apartment,0,1,District heating,Good,0,C,394
56,3,2,1,1,8,0,1,1,4.5,Tampere,Apartment,0,1,Electric heating,Good,0,C,171
56,3,1,1,1,12,0,1,1,5.9,Turku,Apartment,0,1,District heating,Fair,0,B,124
65,3,0,1,1,31,1,1,1,1.4,Tampere,Terraced house,0,1,District heating,Fair,385,D,172
34,1,0,1,1,50,0,1,1,3.6,Turku,Apartment,0,1,District heating,Needs renovation,0,F,66
134,7,0,1,1,3,1,3,3,20.7,Espoo,Detached house,1,1,Electric heating,Fair,1670,C,458
68,2,2,0,0,63,0,1,1,9.3,Helsinki,Apartment,0,0,Electric heating,Fair,0,F,152
92,4,1,0,1,21,0,1,1,6.0,Tampere,Apartment,0,1,District heating,Excellent,0,C,224
41,2,3,1,1,25,0,1,1,10.7,Espoo,Apartment,0,1,District heating,Good,0,C,128
100,4,0,1,2,38,1,2,3,7.3,Tampere,Terraced house,1,1,District heating,Fair,370,E,200
29,1,0,0,0,29,0,1,1,4.0,Helsinki,Apartment,0,1,District heating,Fair,0,D,112
63,3,3,1,1,61,0,1,1,8.1,Vantaa,Apartment,0,0,District heating,Needs renovation,0,G,104
50,2,2,0,1,4,0,1,1,4.9,Espoo,Apartment,1,1,District heating,Good,0,B,213
87,4,0,0,2,49,1,1,1,14.5,Vantaa,Detached house,0,1,Electric heating,Fair,1710,E,212
47,2,1,1,0,16,0,1,1,2.3,Helsinki,Apartment,0,1,District heating,Good,0,B,224
71,4,3,1,2,4,0,1,1,3.0,Helsinki,Apartment,1,1,District heating,Excellent,0,B,375
191,8,0,0,1,5,1,3,4,9.4,Helsinki,Detached house,1,0,Air-source heat pump,Fair,1450,B,842
32,2,1,0,1,18,0,1,1,4.3,Helsinki,Apartment,0,1,Air-source heat pump,Fair,0,C,161
90,3,4,1,1,17,0,1,2,2.9,Oulu,Apartment,0,1,District heating,Excellent,0,A,207
38,2,0,1,1,29,0,1,1,0.9,Helsinki,Apartment,0,1,District heating,Good,0,C,193
83,3,0,1,0,16,1,1,1,18.9,Espoo,Terraced house,1,0,Air-source heat pump,Good,510,C,322
64,3,2,0,1,16,0,1,1,22.8,Vantaa,Apartment,0,1,District heating,Good,0,D,140
119,6,0,0,2,95,1,2,2,8.9,Espoo,Semi-detached house,0,1,Electric heating,Fair,1100,G,405
68,3,0,1,1,27,1,2,2,2.9,Helsinki,Terraced house,1,1,Wood heating,Needs renovation,155,E,287
169,6,0,0,1,62,1,2,3,9.3,Pori,Detached house,0,1,Geothermal,Good,3040,E,192
112,5,0,0,0,41,0,1,1,18.9,Espoo,Apartment,0,0,Electric heating,Good,0,D,214
39,1,1,0,0,25,0,1,1,1.3,Helsinki,Apartment,0,0,District heating,Good,0,B,189
86,4,3,1,1,10,0,1,1,21.6,Helsinki,Apartment,1,1,District heating,Excellent,0,C,240
109,4,0,1,2,26,1,3,3,12.7,Helsinki,Semi-detached house,1,1,District heating,Good,390,C,452
72,3,0,1,1,50,1,2,2,2.1,Turku,Terraced house,0,1,District heating,Needs renovation,445,F,152
147,6,0,0,3,27,1,2,2,14.1,Jyväskylä,Detached house,1,1,Air-source heat pump,Needs renovation,830,D,172
127,4,2,1,1,5,0,2,2,2.6,Helsinki,Apartment,1,1,District heating,Good,0,C,645
130,5,0,0,1,18,0,2,2,9.1,Turku,Apartment,1,1,Geothermal,Excellent,0,A,276
83,4,0,0,1,30,1,1,1,4.2,Espoo,Terraced house,0,1,District heating,Fair,180,E,322
103,4,0,0,1,17,1,2,2,5.3,Pori,Detached house,0,0,Wood heating,Fair,2000,E,137
41,2,12,0,1,34,0,1,1,3.7,Helsinki,Apartment,0,1,District heating,Good,0,D,188
161,6,0,0,1,18,1,3,4,16.5,Vantaa,Detached house,0,1,Air-source heat pump,Good,1300,C,375
91,3,1,0,1,43,0,1,1,0.6,Helsinki,Apartment,0,0,District heating,Fair,0,C,337
112,4,3,0,2,7,0,1,1,4.0,Espoo,Apartment,0,0,Air-source heat pump,Excellent,0,A,427
42,2,3,0,0,50,0,1,1,2.5,Helsinki,Apartment,0,0,District heating,Fair,0,E,150
106,4,6,0,0,30,0,2,3,13.2,Helsinki,Apartment,0,1,District heating,Good,0,D,307
83,3,0,1,2,3,1,1,1,11.3,Oulu,Detached house,0,0,Electric heating,Excellent,745,B,176
120,4,1,0,2,21,0,1,2,3.5,Jyväskylä,Apartment,0,0,District heating,Fair,0,D,169
167,7,0,1,2,25,1,3,5,8.6,Oulu,Detached house,1,1,Geothermal,Fair,935,D,273
78,4,0,0,1,39,1,1,1,6.5,Tampere,Terraced house,1,1,Electric heating,Fair,310,F,148
140,6,0,0,2,39,1,2,3,11.4,Espoo,Detached house,1,1,Geothermal,Excellent,905,C,457
126,5,0,1,1,48,1,2,3,11.3,Helsinki,Detached house,1,1,District heating,Fair,1440,E,565
96,4,0,0,1,34,1,2,3,14.2,Espoo,Semi-detached house,0,1,Wood heating,Fair,600,E,226
46,2,0,0,1,17,0,1,1,0.9,Turku,Apartment,0,1,District heating,Good,0,C,127
45,2,2,0,1,18,0,1,1,1.1,Tampere,Apartment,0,1,District heating,Excellent,0,B,158
46,2,3,1,0,52,0,1,1,2.5,Turku,Apartment,0,1,Electric heating,Good,0,E,93
60,2,2,0,1,78,0,1,1,2.6,Tampere,Apartment,0,1,District heating,Fair,0,F,130
71,4,1,0,1,3,0,1,1,2.6,Oulu,Apartment,0,1,District heating,Needs renovation,0,B,147
118,5,0,1,2,52,1,2,2,6.0,Helsinki,Terraced house,0,0,District heating,Needs renovation,345,F,403
144,5,0,1,2,12,1,2,3,11.4,Oulu,Detached house,1,1,Electric heating,Good,1125,C,244
75,2,0,0,1,49,1,1,1,1.9,Kuopio,Apartment,0,1,District heating,Fair,0,E,119
50,3,0,0,1,30,0,1,1,6.2,Vantaa,Apartment,0,1,District heating,Needs renovation,0,E,105
59,2,1,1,1,33,0,1,1,4.4,Tampere,Apartment,0,1,District heating,Fair,0,E,147
167,6,0,0,2,33,1,3,5,1.9,Jyväskylä,Detached house,1,1,Oil heating,Fair,1515,E,262
73,3,3,0,0,64,0,1,1,4.8,Helsinki,Apartment,1,1,District heating,Needs renovation,0,F,187
38,1,1,1,1,6,0,1,1,10.0,Vantaa,Apartment,0,1,District heating,Excellent,0,A,126
64,3,0,0,1,43,1,2,2,14.9,Vantaa,Terraced house,0,0,Electric heating,Needs renovation,295,E,122
101,4,7,0,1,27,0,2,3,17.8,Helsinki,Apartment,0,1,District heating,Good,0,C,299
86,3,1,1,1,4,0,1,2,4.6,Tampere,Apartment,0,1,District heating,Excellent,0,B,250
128,5,0,0,1,4,1,2,2,7.7,Vantaa,Semi-detached house,1,1,Geothermal,Excellent,860,A,396
68,4,2,1,1,56,0,1,1,7.9,Helsinki,Apartment,0,0,District heating,Needs renovation,0,F,180
156,7,0,1,2,2,1,1,2,7.1,Helsinki,Detached house,1,1,Air-source heat pump,New,885,A,877
97,3,0,0,1,11,1,2,2,4.6,Oulu,Detached house,1,0,Air-source heat pump,Good,840,B,215
105,4,7,1,2,3,0,1,1,2.9,Helsinki,Apartment,0,1,District heating,New,0,A,657
55,2,1,1,1,21,0,1,1,9.2,Jyväskylä,Apartment,0,0,District heating,Good,0,C,94
150,6,0,1,2,4,1,2,3,10.9,Lahti,Detached house,1,1,Geothermal,Excellent,1180,B,265
110,4,0,1,2,11,1,2,3,4.0,Helsinki,Semi-detached house,1,0,District heating,Good,480,C,565
79,3,0,1,1,5,1,1,1,7.8,Espoo,Terraced house,1,1,Air-source heat pump,Excellent,375,A,359
82,4,0,0,2,22,1,2,2,8.4,Vantaa,Terraced house,1,1,District heating,Excellent,635,C,241
49,2,0,1,1,32,1,1,1,7.1,Helsinki,Apartment,0,1,District heating,Fair,0,E,223
55,3,0,0,1,53,1,1,1,2.2,Jyväskylä,Apartment,0,0,District heating,Fair,0,E,95
39,1,3,0,0,66,0,1,1,3.2,Helsinki,Apartment,0,1,District heating,Needs renovation,0,F,103
49,2,5,1,1,1,0,1,1,3.3,Espoo,Apartment,0,1,District heating,Excellent,0,B,219
38,2,1,1,1,79,0,1,1,5.4,Vantaa,Apartment,0,0,Electric heating,Needs renovation,0,G,61
96,4,0,0,2,65,1,2,2,3.2,Oulu,Semi-detached house,1,1,District heating,Fair,660,F,165
56,2,0,0,1,5,1,1,1,7.1,Turku,Terraced house,0,1,District heating,Good,390,B,146
43,2,5,1,1,27,0,1,1,2.2,Oulu,Apartment,0,1,District heating,Good,0,C,102
87,4,0,0,2,53,1,2,3,2.9,Turku,Semi-detached house,0,1,Wood heating,Needs renovation,1195,F,193
43,2,0,1,2,14,0,1,1,2.3,Pori,Apartment,0,0,District heating,Good,0,C,65
110,4,4,1,1,45,0,1,1,3.2,Helsinki,Apartment,0,1,District heating,Needs renovation,0,F,306
92,3,0,1,2,43,1,1,1,3.8,Lahti,Detached house,0,0,Geothermal,Fair,935,D,135
90,5,0,0,1,3,1,2,2,7.2,Jyväskylä,Terraced house,0,1,District heating,Good,780,C,191
41,1,5,1,0,13,0,1,1,1.0,Tampere,Apartment,0,1,District heating,Fair,0,D,133
73,3,1,1,0,4,0,1,1,9.5,Helsinki,Apartment,0,1,District heating,Good,0,B,258
62,3,0,0,1,31,1,1,1,7.9,Helsinki,Terraced house,0,1,District heating,Fair,375,E,288
45,1,2,0,0,68,0,1,1,4.9,Helsinki,Apartment,1,0,Geothermal,Needs renovation,0,G,120
166,6,0,1,1,18,1,2,3,2.8,Turku,Detached house,1,1,District heating,Good,950,D,408
73,3,1,0,1,19,0,1,1,4.3,Jyväskylä,Apartment,0,1,District heating,Excellent,0,C,136
72,2,3,0,1,26,0,1,1,4.8,Helsinki,Apartment,0,0,Electric heating,Fair,0,D,275
114,4,0,1,1,49,0,2,2,1.0,Oulu,Apartment,0,0,District heating,Fair,0,E,176
24,1,3,1,0,4,0,1,1,4.5,Helsinki,Apartment,0,1,District heating,Good,0,C,119
88,3,0,1,2,1,1,2,3,10.6,Oulu,Detached house,0,1,Geothermal,New,1155,B,176
72,3,6,0,1,53,0,1,2,5.2,Turku,Apartment,0,1,District heating,Fair,0,E,119
71,3,1,0,1,57,0,1,1,2.1,Jyväskylä,Apartment,0,1,District heating,Good,0,E,118
96,4,0,1,2,5,1,1,1,12.4,Espoo,Semi-detached house,1,1,Air-source heat pump,Good,610,B,396
105,4,0,0,1,39,1,2,3,12.0,Helsinki,Detached house,1,1,Oil heating,Fair,960,D,411
25,1,3,0,1,3,0,1,1,1.5,Oulu,Apartment,0,1,District heating,Excellent,0,B,78
70,3,0,0,1,70,1,1,1,1.6,Jyväskylä,Terraced house,0,0,Electric heating,Fair,430,E,119
52,2,4,1,1,25,0,1,1,2.7,Oulu,Apartment,0,1,District heating,Good,0,D,106
71,2,0,0,0,39,0,1,1,23.4,Espoo,Terraced house,0,1,Electric heating,Needs renovation,230,F,164
69,3,2,0,1,95,0,1,1,3.9,Espoo,Apartment,0,1,District heating,Fair,0,F,197
115,4,0,1,1,35,1,2,3,5.7,Tampere,Detached house,1,1,District heating,Good,1755,E,325
101,4,1,0,1,49,0,2,2,7.9,Helsinki,Apartment,0,1,District heating,Fair,0,E,321
78,3,0,1,1,3,1,1,1,1.2,Pori,Apartment,0,1,Air-source heat pump,Good,0,A,118
69,2,2,0,1,4,0,1,1,3.5,Lahti,Apartment,0,1,District heating,Good,0,C,129
28,1,4,1,0,25,0,1,1,6.7,Helsinki,Apartment,0,0,District heating,Good,0,C,107
40,1,0,1,1,11,1,1,1,9.1,Helsinki,Apartment,0,0,District heating,Fair,0,C,166
56,2,1,0,1,52,0,1,1,5.2,Helsinki,Apartment,0,0,District heating,Fair,0,E,200
64,3,0,1,0,24,0,1,1,1.7,Oulu,Apartment,1,0,District heating,Fair,0,B,121
36,1,5,0,1,75,0,1,1,2.3,Helsinki,Apartment,0,1,District heating,Needs renovation,0,G,142
79,4,0,1,1,36,1,2,2,8.8,Espoo,Terraced house,1,1,District heating,Fair,140,E,250
120,6,0,1,2,15,1,2,2,7.6,Turku,Detached house,1,1,Air-source heat pump,Good,1565,C,324
102,4,0,0,0,1,1,1,1,4.1,Tampere,Detached house,1,1,Electric heating,Good,1175,B,366
160,7,0,1,2,2,1,3,4,5.9,Oulu,Detached house,1,0,Electric heating,New,4590,C,442
107,4,0,0,1,18,0,2,2,3.5,Tampere,Apartment,0,1,District heating,Excellent,0,B,274
59,2,0,1,1,29,0,1,1,3.0,Turku,Apartment,0,1,District heating,Needs renovation,0,D,92
87,4,0,0,0,32,1,2,2,3.2,Espoo,Detached house,0,1,District heating,Fair,1000,E,402
80,3,0,0,3,90,1,1,1,4.2,Turku,Semi-detached house,1,0,District heating,Fair,645,G,139
61,3,0,0,1,15,1,2,2,3.8,Vantaa,Apartment,0,1,District heating,Fair,0,B,174
66,3,1,0,1,34,0,1,1,3.2,Turku,Apartment,0,0,Electric heating,Fair,0,E,121
47,2,1,0,1,5,0,1,1,7.6,Vantaa,Apartment,0,1,District heating,Good,0,C,136
116,5,0,0,1,9,1,2,2,10.5,Oulu,Detached house,1,1,Air-source heat pump,Fair,1095,B,236
196,7,0,1,1,21,1,3,4,24.0,Espoo,Detached house,1,1,District heating,Good,1395,C,513
40,1,3,0,1,12,0,1,1,3.6,Vantaa,Apartment,0,1,District heating,Good,0,C,125
44,2,1,1,1,16,0,1,1,6.2,Espoo,Apartment,0,1,District heating,Excellent,0,C,166
114,4,0,1,1,3,0,1,1,5.7,Espoo,Semi-detached house,0,0,Electric heating,Excellent,600,B,494
109,6,0,1,1,33,1,2,2,2.7,Helsinki,Terraced house,0,0,Electric heating,Fair,295,E,413
58,2,1,0,1,16,0,1,1,2.3,Jyväskylä,Apartment,0,1,District heating,Fair,0,C,117
130,5,0,1,2,51,0,2,2,1.1,Tampere,Apartment,0,1,District heating,Needs renovation,0,E,272
107,4,0,1,3,13,1,1,2,3.8,Lahti,Detached house,0,1,Air-source heat pump,Excellent,1020,C,198
83,4,8,0,1,9,0,1,1,1.2,Lahti,Apartment,0,1,District heating,Good,0,B,174
109,4,0,1,2,2,1,2,2,16.7,Vantaa,Semi-detached house,0,1,Geothermal,Excellent,375,A,274
46,3,1,1,1,11,0,1,1,0.9,Lahti,Apartment,0,1,District heating,Good,0,C,96
50,2,1,0,1,44,0,1,1,6.5,Helsinki,Apartment,0,1,District heating,Fair,0,D,173
49,3,2,0,1,30,0,1,1,3.1,Jyväskylä,Apartment,0,1,District heating,Fair,0,D,91
51,2,1,1,1,8,0,1,1,4.4,Espoo,Apartment,1,0,Air-source heat pump,Good,0,C,216
162,6,0,0,2,36,0,2,3,3.9,Turku,Detached house,1,1,Geothermal,Good,785,D,353
52,2,4,0,1,33,0,1,1,4.4,Vantaa,Apartment,0,1,District heating,Excellent,0,C,141
132,4,0,0,0,43,0,2,2,1.2,Helsinki,Apartment,1,0,District heating,Good,0,E,464
115,4,0,0,1,44,1,1,2,5.2,Turku,Detached house,0,1,District heating,Good,495,E,206
41,1,2,0,1,41,0,1,1,2.6,Jyväskylä,Apartment,0,0,District heating,Fair,0,E,70
124,3,0,1,2,81,0,2,3,1.6,Pori,Apartment,0,0,District heating,Needs renovation,0,F,77
117,4,5,0,1,11,0,2,2,10.0,Vantaa,Apartment,0,1,District heating,Excellent,0,C,309
44,2,3,1,0,34,0,1,1,4.7,Tampere,Apartment,0,0,District heating,Excellent,0,C,109
90,3,2,0,1,3,0,1,1,1.9,Tampere,Apartment,0,1,District heating,New,0,B,311
57,2,4,0,1,24,0,1,1,8.3,Helsinki,Apartment,0,0,District heating,Good,0,E,219
87,3,0,1,2,11,1,1,1,7.0,Oulu,Semi-detached house,0,1,Air-source heat pump,Good,495,B,167
29,1,0,0,0,30,0,1,1,4.5,Tampere,Apartment,1,0,District heating,Needs renovation,0,D,60
87,3,0,0,1,63,1,1,1,1.2,Pori,Terraced house,0,1,District heating,Fair,210,G,100
45,1,1,1,1,9,0,1,1,3.2,Helsinki,Apartment,0,0,District heating,Good,0,B,237
108,3,0,0,0,2,0,1,2,4.5,Helsinki,Apartment,0,1,District heating,New,0,B,465
88,3,2,0,1,16,0,1,1,8.3,Espoo,Apartment,1,1,District heating,Fair,0,C,255
71,3,0,0,1,66,0,1,1,4.9,Jyväskylä,Terraced house,0,1,Air-source heat pump,Fair,580,F,125
51,2,2,0,0,11,0,1,1,2.6,Tampere,Apartment,0,1,Geothermal,Good,0,A,172
128,5,0,1,1,2,1,2,2,2.2,Tampere,Detached house,1,1,District heating,New,1575,B,465
90,3,0,1,1,44,0,2,2,1.2,Tampere,Apartment,0,1,District heating,Good,0,C,222
44,2,5,0,1,36,0,1,1,12.0,Helsinki,Apartment,0,1,Oil heating,Excellent,0,E,162
64,3,0,0,1,14,1,1,1,5.0,Jyväskylä,Semi-detached house,0,1,Electric heating,Good,500,C,130
130,5,0,1,1,6,1,3,3,6.2,Helsinki,Semi-detached house,1,1,Air-source heat pump,Good,570,B,705
41,2,2,0,1,4,0,1,1,8.4,Tampere,Apartment,0,1,District heating,New,0,A,129
53,2,0,1,1,32,0,1,1,1.0,Jyväskylä,Apartment,0,1,District heating,Good,0,C,105
81,3,0,0,2,45,1,1,2,2.3,Jyväskylä,Detached house,0,1,Geothermal,Needs renovation,1205,E,159
62,4,4,1,1,14,0,1,1,4.3,Vantaa,Apartment,0,0,District heating,Good,0,C,183
84,4,0,0,1,9,0,1,2,1.2,Turku,Terraced house,1,0,District heating,Excellent,135,C,221
50,2,4,0,0,40,0,1,1,2.5,Helsinki,Apartment,0,0,District heating,Good,0,D,201
36,2,4,0,0,95,0,1,1,3.9,Helsinki,Apartment,0,1,District heating,Fair,0,E,138
72,3,0,1,1,5,1,1,1,5.8,Kuopio,Detached house,0,1,Electric heating,New,655,C,140
76,3,6,0,0,25,0,1,1,2.2,Helsinki,Apartment,0,0,Air-source heat pump,Fair,0,C,348
68,4,1,0,1,21,0,1,1,3.8,Tampere,Apartment,0,1,District heating,Good,0,C,189
60,2,0,0,0,22,0,1,1,2.8,Helsinki,Apartment,0,0,District heating,Excellent,0,B,261
82,2,2,0,1,17,0,1,1,5.5,Espoo,Apartment,0,1,District heating,Excellent,0,B,290
75,3,0,0,1,53,0,1,1,1.5,Jyväskylä,Apartment,0,0,District heating,Good,0,E,119
157,6,0,1,1,60,1,2,2,5.5,Helsinki,Semi-detached house,0,1,Electric heating,Good,335,F,590
49,2,5,1,0,16,0,1,1,3.4,Tampere,Apartment,0,0,District heating,Good,0,B,149
81,3,3,1,1,26,0,1,1,3.9,Helsinki,Apartment,1,1,District heating,Needs renovation,0,D,286
74,3,0,1,1,10,1,1,1,4.3,Oulu,Apartment,0,1,District heating,Fair,0,B,139
86,4,1,0,1,38,0,2,2,3.6,Oulu,Apartment,0,0,District heating,Fair,0,D,162
40,2,8,0,1,29,0,1,1,3.6,Turku,Apartment,0,1,District heating,Good,0,D,104
26,1,3,0,1,13,0,1,1,4.4,Vantaa,Apartment,0,1,District heating,Excellent,0,C,91
80,3,0,0,1,17,1,2,3,8.8,Vantaa,Terraced house,1,1,Electric heating,Good,725,C,248
68,3,2,0,1,18,0,1,1,4.1,Pori,Apartment,1,1,District heating,Excellent,0,C,103
52,2,3,0,1,51,0,1,1,3.9,Turku,Apartment,0,1,District heating,Fair,0,E,87
35,2,1,1,0,44,0,1,1,2.0,Turku,Apartment,0,1,District heating,Needs renovation,0,E,60
144,6,0,0,1,42,1,3,3,5.6,Jyväskylä,Semi-detached house,1,1,District heating,Fair,1215,D,240
71,2,2,0,0,31,0,1,1,1.9,Turku,Apartment,0,1,District heating,Good,0,D,164
60,2,5,1,1,24,0,1,1,0.9,Tampere,Apartment,0,1,District heating,Excellent,0,D,189
165,6,0,1,2,42,1,2,2,11.7,Oulu,Detached house,1,1,Air-source heat pump,Fair,2580,D,239
99,4,1,0,0,20,0,1,2,6.1,Helsinki,Apartment,0,1,District heating,Excellent,0,B,377
97,4,0,0,1,14,1,2,3,12.6,Lahti,Detached house,1,1,District heating,Good,1515,C,166
70,3,1,1,1,5,0,1,1,8.7,Vantaa,Apartment,0,1,District heating,Excellent,0,C,214
45,1,0,0,1,38,0,1,1,8.1,Espoo,Apartment,0,1,District heating,Good,0,D,133
38,2,0,0,1,39,0,1,1,8.1,Tampere,Apartment,0,0,District heating,Needs renovation,0,D,77
54,2,3,0,0,24,0,1,1,4.2,Helsinki,Apartment,0,1,District heating,Good,0,E,218
38,2,2,0,1,8,0,1,1,5.1,Espoo,Apartment,0,1,District heating,Excellent,0,B,163
48,2,0,1,0,10,0,1,1,5.9,Vantaa,Apartment,0,0,District heating,Fair,0,B,110
49,2,2,0,1,77,0,1,1,2.3,Helsinki,Apartment,0,1,District heating,Fair,0,G,172
73,3,0,1,1,2,0,1,1,4.5,Helsinki,Apartment,0,1,District heating,New,0,B,365
97,4,0,0,1,39,1,2,2,4.4,Tampere,Semi-detached house,0,1,Air-source heat pump,Needs renovation,685,D,196
56,3,2,1,1,3,0,1,1,3.4,Turku,Apartment,0,0,District heating,Good,0,C,153
75,3,0,1,1,15,0,1,1,6.6,Espoo,Apartment,0,0,District heating,Good,0,C,256
60,3,0,0,1,42,0,1,2,2.3,Lahti,Apartment,0,1,District heating,Good,0,E,87
57,3,1,0,1,51,0,1,1,1.8,Tampere,Apartment,0,1,District heating,Good,0,D,138
84,2,4,0,1,28,0,1,1,4.7,Helsinki,Apartment,0,1,District heating,Fair,0,E,335
101,5,0,1,1,10,1,2,2,19.0,Vantaa,Terraced house,0,1,Electric heating,Good,375,D,248
59,2,1,1,1,28,0,1,1,1.9,Lahti,Apartment,0,0,Electric heating,Fair,0,E,89
93,3,1,0,1,38,0,1,1,5.6,Helsinki,Apartment,0,1,District heating,Excellent,0,C,355
70,2,0,0,2,56,0,1,1,6.1,Jyväskylä,Apartment,0,1,District heating,Needs renovation,0,E,85
99,4,2,0,1,30,0,1,1,5.9,Vantaa,Apartment,0,1,District heating,Good,0,C,260
49,2,1,0,1,22,0,1,2,7.2,Vantaa,Apartment,0,0,District heating,Good,0,D,122
66,3,1,1,0,23,0,1,1,6.6,Oulu,Apartment,0,1,District heating,Fair,0,C,112
37,2,4,1,1,3,0,1,1,13.5,Espoo,Apartment,0,1,District heating,Excellent,0,A,149
79,4,0,1,1,29,1,2,2,3.5,Tampere,Apartment,0,1,District heating,Good,0,D,236
189,8,0,0,2,31,1,3,3,9.1,Espoo,Detached house,1,1,Geothermal,Good,675,D,653
101,4,0,1,1,1,1,2,2,3.8,Lahti,Detached house,0,1,Geothermal,New,790,A,206
33,1,1,0,1,35,0,1,1,2.1,Lahti,Apartment,0,0,District heating,Good,0,C,57
95,4,0,0,1,67,1,2,2,2.6,Turku,Terraced house,1,1,Electric heating,Needs renovation,340,G,169
114,4,0,0,1,48,1,2,2,5.7,Lahti,Semi-detached house,1,1,Electric heating,Good,1170,E,172
59,2,10,0,1,35,0,1,1,1.7,Helsinki,Apartment,0,1,District heating,Excellent,0,C,286
31,2,4,1,0,21,0,1,1,2.8,Helsinki,Apartment,0,1,District heating,Good,0,C,141
22,1,0,1,1,9,0,1,1,3.5,Oulu,Apartment,0,0,District heating,Good,0,B,54
98,3,0,0,1,26,1,2,2,4.7,Lahti,Terraced house,0,1,Oil heating,Fair,865,D,153
113,4,0,0,2,32,0,1,1,2.7,Helsinki,Apartment,0,0,District heating,Good,0,D,392
68,2,0,0,0,1,1,1,2,5.1,Tampere,Apartment,0,0,Electric heating,Excellent,0,B,194
105,4,0,0,1,26,1,2,2,11.8,Pori,Terraced house,0,1,District heating,Fair,875,C,97
77,3,0,0,1,19,1,1,1,6.6,Jyväskylä,Terraced house,1,1,Electric heating,Excellent,425,C,141
77,4,5,1,1,4,0,1,1,8.1,Helsinki,Apartment,0,1,District heating,Fair,0,C,267
73,4,9,0,1,30,0,1,1,4.7,Espoo,Apartment,0,1,District heating,Good,0,C,273
108,6,2,0,1,2,0,1,2,4.4,Turku,Apartment,0,0,District heating,New,0,A,298
109,5,0,1,2,9,1,2,2,7.2,Helsinki,Detached house,0,1,Air-source heat pump,Fair,880,C,578
45,2,4,0,1,3,0,1,1,4.6,Helsinki,Apartment,0,1,Air-source heat pump,Good,0,B,223
47,2,3,1,1,3,0,1,1,4.5,Oulu,Apartment,0,1,District heating,Excellent,0,A,122
60,3,4,1,1,6,0,1,1,1.5,Oulu,Apartment,0,1,District heating,Excellent,0,A,159
107,4,4,0,1,3,0,1,1,3.0,Tampere,Apartment,0,1,District heating,Excellent,0,A,360
73,3,0,1,1,61,0,2,2,11.8,Helsinki,Apartment,0,0,District heating,Needs renovation,0,G,180
113,5,0,0,1,26,1,2,2,9.0,Kuopio,Detached house,0,1,Air-source heat pump,Good,1415,C,197
65,3,0,1,1,38,1,1,1,13.5,Espoo,Terraced house,0,1,Electric heating,Good,455,E,201
132,5,0,1,1,4,1,3,3,16.1,Tampere,Detached house,1,1,Geothermal,Good,1120,B,329
133,6,3,0,1,37,0,2,2,3.2,Jyväskylä,Apartment,0,1,Electric heating,Good,0,D,207
50,2,3,0,1,50,0,1,1,2.0,Helsinki,Apartment,0,1,District heating,Fair,0,D,185
59,3,2,1,0,33,0,1,1,12.5,Lahti,Apartment,0,1,District heating,Good,0,E,75
101,4,0,0,3,51,1,2,2,15.2,Vantaa,Detached house,0,1,Air-source heat pump,Fair,1310,E,222
128,4,0,0,0,31,1,2,2,7.1,Oulu,Terraced house,1,1,District heating,Fair,495,D,213
119,5,0,0,0,47,0,2,3,2.9,Turku,Semi-detached house,0,1,Electric heating,Fair,455,E,219
70,2,2,1,1,1,0,1,1,4.2,Oulu,Apartment,1,1,District heating,New,0,A,183
87,3,0,0,1,81,1,1,1,3.7,Turku,Terraced house,0,1,District heating,Good,265,F,164
93,4,0,0,1,20,1,2,2,2.1,Pori,Terraced house,1,1,District heating,Fair,315,C,145
68,3,3,1,0,6,0,1,1,3.1,Helsinki,Apartment,0,1,District heating,Fair,0,C,261
73,3,0,0,0,14,0,1,1,8.1,Espoo,Terraced house,1,1,Air-source heat pump,Good,245,C,271
75,2,0,0,0,29,0,1,1,2.5,Helsinki,Apartment,0,1,District heating,Excellent,0,C,295
147,6,0,0,1,25,1,3,4,3.1,Lahti,Semi-detached house,0,1,Electric heating,Good,1190,C,239
110,4,0,1,1,4,0,2,2,1.5,Kuopio,Apartment,0,1,District heating,Excellent,0,A,224
85,4,0,1,2,26,1,1,1,14.9,Vantaa,Semi-detached house,1,0,Electric heating,Good,395,D,209
55,2,3,1,1,50,0,1,1,3.4,Helsinki,Apartment,0,1,District heating,Fair,0,D,224
55,3,1,0,0,43,0,1,1,2.8,Helsinki,Apartment,0,0,District heating,Fair,0,E,190
109,4,0,0,2,41,0,1,1,22.0,Espoo,Terraced house,0,0,Electric heating,Good,245,D,268
53,2,4,0,1,29,0,1,1,3.0,Lahti,Apartment,0,1,Air-source heat pump,Fair,0,C,80
40,2,3,1,1,20,0,1,1,3.5,Tampere,Apartment,0,1,District heating,Good,0,C,133
160,6,0,1,1,19,1,2,3,4.8,Turku,Detached house,0,1,Air-source heat pump,Needs renovation,2815,C,369
118,5,0,1,1,33,0,1,1,3.4,Jyväskylä,Apartment,0,0,District heating,Good,0,D,204
77,3,1,0,1,50,0,1,1,3.9,Turku,Apartment,0,1,District heating,Excellent,0,C,152
153,6,0,0,0,28,0,3,4,8.4,Espoo,Semi-detached house,0,1,District heating,Needs renovation,830,D,449
79,4,5,1,0,10,0,2,2,5.1,Helsinki,Apartment,1,1,District heating,Good,0,C,370
50,2,1,0,1,86,0,1,1,4.7,Oulu,Apartment,0,0,District heating,Fair,0,F,72
60,2,4,0,0,15,0,1,1,10.8,Espoo,Apartment,1,0,District heating,Needs renovation,0,D,162
54,2,1,0,1,15,0,1,1,5.6,Helsinki,Apartment,0,1,District heating,Good,0,C,241
71,3,3,1,0,26,0,1,1,1.5,Helsinki,Apartment,0,1,District heating,Fair,0,E,289
105,4,3,0,1,34,0,1,1,4.2,Espoo,Apartment,1,1,District heating,Excellent,0,D,344
93,3,1,0,1,41,0,1,1,2.4,Helsinki,Apartment,0,0,District heating,Fair,0,E,334
70,3,0,1,2,24,1,1,1,6.2,Jyväskylä,Terraced house,1,0,District heating,Good,185,D,120
59,2,0,0,1,49,1,1,1,6.5,Helsinki,Terraced house,0,1,District heating,Good,240,E,285
117,4,2,1,1,27,0,2,2,3.3,Lahti,Apartment,0,0,District heating,Fair,0,C,165
73,3,0,1,1,26,1,2,2,6.4,Tampere,Terraced house,0,1,District heating,Fair,250,C,152
135,4,0,1,1,19,1,2,2,9.0,Lahti,Semi-detached house,0,1,District heating,Good,1015,D,188
111,5,0,1,2,41,1,2,2,10.7,Vantaa,Detached house,1,1,Air-source heat pump,Fair,1255,C,287
55,2,5,0,1,22,0,1,1,9.7,Tampere,Apartment,0,1,District heating,Good,0,D,123
58,3,3,0,1,37,0,1,1,3.5,Oulu,Apartment,0,1,District heating,Good,0,C,104
32,1,0,0,1,77,0,1,1,4.5,Helsinki,Apartment,0,0,District heating,Needs renovation,0,G,97
73,4,1,0,1,44,0,1,1,7.5,Helsinki,Apartment,0,0,District heating,Fair,0,E,217
84,3,0,0,3,7,1,1,2,6.7,Espoo,Detached house,0,1,Electric heating,Needs renovation,1475,D,445
59,2,2,0,0,11,0,1,1,4.0,Turku,Apartment,0,1,District heating,Good,0,B,137
48,3,0,0,0,30,0,1,1,1.8,Helsinki,Apartment,0,1,District heating,Good,0,D,195
71,3,0,1,0,26,0,2,2,5.8,Helsinki,Apartment,0,1,Electric heating,Good,0,D,247
61,2,1,1,1,12,0,1,1,2.6,Turku,Apartment,0,1,District heating,Excellent,0,C,176
50,2,2,1,1,18,0,1,1,2.3,Lahti,Apartment,0,1,Electric heating,Good,0,D,86
91,3,1,0,1,22,0,1,1,3.0,Tampere,Apartment,0,1,District heating,Fair,0,C,225
66,2,1,0,0,71,0,1,1,4.7,Turku,Apartment,0,1,District heating,Fair,0,G,117
92,4,1,0,1,61,0,1,1,9.2,Espoo,Apartment,0,0,District heating,Good,0,E,256
56,2,5,1,0,19,0,1,1,10.9,Helsinki,Apartment,0,0,District heating,Excellent,0,C,200
43,2,0,0,1,27,0,1,1,21.1,Tampere,Apartment,0,1,District heating,Good,0,B,73
31,2,4,1,1,57,0,1,1,7.1,Helsinki,Apartment,0,0,District heating,Fair,0,G,114
91,4,0,1,1,26,1,1,1,13.0,Tampere,Terraced house,1,1,District heating,Fair,435,E,168
123,4,0,1,1,8,1,2,3,2.7,Tampere,Semi-detached house,0,0,Air-source heat pump,Excellent,580,A,396
89,4,0,0,1,31,0,2,2,15.5,Vantaa,Apartment,0,0,District heating,Needs renovation,0,D,140
49,3,3,1,0,3,0,1,1,1.4,Helsinki,Apartment,0,1,District heating,New,0,A,274
70,2,0,0,0,45,0,1,1,3.5,Vantaa,Apartment,0,0,District heating,Needs renovation,0,F,122
104,4,3,0,1,36,0,1,1,9.7,Espoo,Apartment,0,1,District heating,Fair,0,C,281
60,3,6,1,1,2,0,1,1,4.3,Jyväskylä,Apartment,0,1,District heating,New,0,A,159
89,4,0,0,2,57,1,2,2,10.9,Vantaa,Detached house,1,1,District heating,Needs renovation,845,G,214
47,2,8,0,1,10,0,1,1,10.5,Espoo,Apartment,0,1,District heating,Excellent,0,C,184
52,2,4,0,1,43,0,1,1,5.8,Helsinki,Apartment,0,1,District heating,Good,0,E,184
53,2,1,0,1,23,0,1,1,2.9,Lahti,Apartment,0,0,Air-source heat pump,Fair,0,C,81
198,8,0,0,2,29,1,3,4,2.9,Helsinki,Detached house,1,1,District heating,Fair,1075,E,1060
80,3,1,0,1,34,0,1,1,5.7,Lahti,Apartment,0,1,District heating,Fair,0,D,100
57,2,2,0,1,95,0,1,1,1.8,Jyväskylä,Apartment,0,0,District heating,Good,0,F,97
70,3,4,1,1,8,0,1,1,1.3,Tampere,Apartment,0,1,District heating,Excellent,0,A,229
82,4,0,1,1,15,0,2,3,2.1,Oulu,Apartment,1,1,Electric heating,Good,0,B,173
47,2,3,0,1,50,0,1,1,2.7,Jyväskylä,Apartment,1,1,District heating,Needs renovation,0,F,67
135,5,0,0,2,35,1,2,2,2.3,Jyväskylä,Detached house,0,1,Oil heating,Fair,2190,E,221
101,3,0,0,1,55,1,1,1,10.0,Lahti,Detached house,0,1,Electric heating,Good,1370,E,145
51,3,3,0,1,39,0,1,1,6.8,Espoo,Apartment,0,1,District heating,Fair,0,D,165
65,3,5,0,0,19,0,1,1,7.4,Helsinki,Apartment,0,1,District heating,Excellent,0,B,263
86,3,5,1,1,17,0,2,2,1.1,Helsinki,Apartment,0,1,District heating,Good,0,B,418
144,5,0,1,1,8,1,2,2,9.0,Kuopio,Detached house,1,1,District heating,Good,3275,C,264
108,4,4,0,0,14,0,2,2,2.4,Turku,Apartment,0,1,Electric heating,Good,0,D,252
118,4,4,1,1,1,0,2,2,1.8,Helsinki,Apartment,0,0,District heating,New,0,A,692
79,4,0,0,1,39,1,1,1,5.1,Espoo,Apartment,0,1,District heating,Needs renovation,0,E,201
100,5,1,0,2,24,0,1,1,6.1,Jyväskylä,Apartment,0,1,Electric heating,Needs renovation,0,D,149
54,3,2,0,1,35,0,1,1,6.6,Tampere,Apartment,0,1,District heating,Needs renovation,0,E,106
70,3,0,0,1,4,1,1,2,3.2,Helsinki,Terraced house,1,1,Electric heating,New,185,B,348
75,3,0,0,1,52,0,2,2,4.1,Jyväskylä,Apartment,0,0,District heating,Needs renovation,0,E,90
97,4,0,0,2,34,1,1,2,16.3,Espoo,Detached house,0,1,Oil heating,Fair,1110,E,290
125,5,1,0,1,34,0,2,3,1.5,Tampere,Apartment,1,1,District heating,Good,0,D,344
75,3,0,0,1,26,0,2,2,21.3,Vantaa,Terraced house,0,0,Geothermal,Good,265,C,171
60,2,5,0,1,25,0,1,1,3.5,Lahti,Apartment,0,1,District heating,Excellent,0,B,110
113,4,0,0,1,59,1,2,3,7.5,Turku,Terraced house,0,0,District heating,Fair,705,F,213
40,2,0,0,1,44,0,1,1,1.4,Tampere,Apartment,1,0,District heating,Good,0,D,117
45,2,3,1,0,33,0,1,1,9.5,Vantaa,Apartment,0,1,District heating,Good,0,C,106
52,2,5,0,1,18,0,1,1,1.3,Jyväskylä,Apartment,0,1,District heating,Fair,0,D,120
46,3,3,0,1,26,0,1,1,6.6,Oulu,Apartment,0,0,District heating,Good,0,D,88
70,3,0,0,0,31,0,1,1,6.7,Turku,Apartment,0,1,District heating,Fair,0,D,109
62,3,4,1,2,28,0,1,1,2.1,Turku,Apartment,0,1,District heating,Needs renovation,0,C,118
119,5,0,0,0,27,0,2,2,1.6,Tampere,Apartment,1,1,District heating,Needs renovation,0,E,270
80,4,0,1,2,10,0,2,2,11.4,Espoo,Terraced house,1,1,Air-source heat pump,Fair,310,B,362
116,4,3,0,1,47,0,3,3,3.8,Helsinki,Apartment,0,1,District heating,Good,0,E,385
46,2,0,0,1,16,0,1,1,3.4,Tampere,Apartment,0,1,District heating,Fair,0,C,127
95,4,2,0,1,29,0,2,3,14.4,Vantaa,Apartment,0,1,Electric heating,Excellent,0,C,230
74,2,0,0,1,31,0,1,1,2.8,Tampere,Apartment,0,1,District heating,Good,0,D,194
58,2,1,0,1,21,0,1,1,25.0,Espoo,Apartment,0,0,District heating,Fair,0,D,137
87,4,4,0,1,0,0,2,2,3.3,Espoo,Apartment,0,0,District heating,New,0,C,373
78,3,1,1,0,22,0,2,2,0.6,Lahti,Apartment,0,0,District heating,Good,0,C,142
69,2,2,0,1,20,0,1,1,6.7,Oulu,Apartment,0,1,District heating,Good,0,C,119
53,2,4,0,0,21,0,1,2,3.6,Tampere,Apartment,0,1,District heating,Needs renovation,0,D,113
59,2,7,1,1,21,0,1,1,5.5,Helsinki,Apartment,0,1,District heating,Needs renovation,0,D,224
55,2,0,0,1,20,0,1,1,2.3,Tampere,Apartment,0,0,District heating,Good,0,C,155
203,7,0,1,3,41,1,3,3,3.6,Pori,Detached house,1,1,Air-source heat pump,Good,2280,C,275
53,2,1,0,1,25,0,1,1,4.4,Tampere,Apartment,0,0,District heating,Excellent,0,D,157
41,2,2,0,1,29,0,1,1,4.8,Vantaa,Apartment,0,0,District heating,Fair,0,D,94
62,3,1,1,1,50,0,1,1,4.2,Tampere,Apartment,0,0,District heating,Fair,0,E,117
64,3,6,1,1,13,0,1,1,3.0,Helsinki,Apartment,0,1,District heating,Good,0,C,331
116,5,0,0,1,26,1,1,1,1.7,Tampere,Terraced house,0,1,District heating,Good,520,D,332
72,3,0,0,0,27,0,1,1,7.6,Helsinki,Apartment,0,1,Air-source heat pump,Fair,0,C,219
106,5,0,1,2,10,1,2,2,7.8,Turku,Detached house,0,1,Air-source heat pump,Good,555,C,268
89,4,0,1,3,16,1,1,1,9.5,Lahti,Detached house,0,1,District heating,Fair,855,D,126
203,8,0,1,1,19,1,3,4,4.0,Helsinki,Detached house,1,0,Geothermal,Fair,1155,C,1080
91,4,0,0,2,79,1,2,2,12.3,Turku,Detached house,1,1,Wood heating,Fair,1110,G,168
43,2,3,0,1,31,0,1,1,8.4,Helsinki,Apartment,0,0,District heating,Excellent,0,D,155
123,5,0,0,1,59,1,2,2,8.8,Pori,Detached house,0,1,Air-source heat pump,Good,1175,E,123
59,2,5,0,0,7,0,1,1,18.5,Helsinki,Apartment,0,1,Electric heating,Excellent,0,B,192
168,6,0,0,0,77,1,2,4,20.6,Tampere,Detached house,1,1,Electric heating,Fair,1670,G,231
51,2,6,0,1,12,0,1,1,7.9,Espoo,Apartment,0,1,District heating,Fair,0,B,180
72,3,2,0,1,50,0,1,1,1.5,Kuopio,Apartment,0,0,District heating,Good,0,D,118
52,2,0,0,1,95,0,1,2,6.1,Vantaa,Apartment,0,0,District heating,Needs renovation,0,G,82
38,1,2,1,1,19,0,1,1,5.5,Helsinki,Apartment,0,0,District heating,Good,0,C,186
56,3,1,0,1,40,0,1,1,8.2,Helsinki,Apartment,0,1,District heating,Good,0,C,223
45,2,1,0,0,3,0,1,1,1.8,Turku,Apartment,0,1,District heating,New,0,B,130
52,2,4,1,1,94,0,1,1,5.9,Tampere,Apartment,0,0,District heating,Needs renovation,0,F,105
64,2,0,0,1,83,1,1,1,6.2,Pori,Semi-detached house,0,1,District heating,Good,505,F,56
64,3,0,0,0,21,0,1,1,13.0,Espoo,Apartment,0,0,District heating,Fair,0,D,152
122,4,0,1,1,34,1,2,2,4.3,Espoo,Detached house,1,1,Electric heating,Fair,1435,E,648
132,5,1,0,1,31,0,2,3,3.0,Espoo,Apartment,0,1,District heating,Good,0,C,446
114,4,0,0,2,64,0,1,1,6.2,Oulu,Semi-detached house,0,1,Wood heating,Good,555,F,169
106,6,0,1,2,9,1,1,1,10.4,Lahti,Detached house,1,1,Air-source heat pump,Excellent,900,B,170
33,2,4,0,1,37,0,1,1,9.6,Vantaa,Apartment,0,0,District heating,Fair,0,C,76
124,5,0,1,2,3,1,2,2,8.8,Espoo,Semi-detached house,0,0,Geothermal,Excellent,1810,A,623
78,3,2,0,1,95,0,1,1,11.2,Espoo,Apartment,0,0,District heating,Needs renovation,0,G,139
64,2,3,1,0,31,0,1,1,2.5,Helsinki,Apartment,0,0,District heating,Good,0,C,257
74,3,0,0,1,4,0,1,1,2.3,Espoo,Apartment,0,1,District heating,Good,0,C,272
110,4,0,1,2,23,1,2,2,8.0,Vantaa,Semi-detached house,1,1,Wood heating,Needs renovation,390,E,223
105,5,2,0,1,18,0,2,2,3.4,Helsinki,Apartment,1,1,District heating,Excellent,0,B,491
123,5,0,1,1,2,1,1,2,6.6,Jyväskylä,Detached house,1,1,Geothermal,Excellent,1045,A,278
35,1,0,1,0,4,1,1,1,4.4,Jyväskylä,Apartment,0,1,Geothermal,New,0,A,90
150,6,0,0,3,37,1,2,2,4.5,Oulu,Detached house,1,1,Oil heating,Fair,2120,E,248
156,6,0,0,1,27,1,2,2,2.7,Tampere,Semi-detached house,1,0,Electric heating,Good,670,C,374
118,5,0,0,2,1,1,2,2,12.0,Vantaa,Detached house,0,1,Air-source heat pump,New,610,A,416
59,3,4,0,1,7,0,1,1,4.0,Turku,Apartment,0,1,District heating,Good,0,C,141
30,1,2,0,1,4,0,1,1,10.6,Vantaa,Apartment,0,1,District heating,Good,0,C,94
37,2,8,1,0,2,0,1,1,6.5,Espoo,Apartment,0,1,District heating,Excellent,0,B,164
81,3,0,1,0,95,1,3,4,6.5,Jyväskylä,Semi-detached house,0,1,Electric heating,Fair,515,G,105
61,3,4,1,1,25,0,1,1,2.1,Jyväskylä,Apartment,0,0,District heating,Needs renovation,0,D,100
71,3,5,1,0,23,0,1,2,8.8,Tampere,Apartment,0,1,District heating,Fair,0,C,169
167,7,0,1,2,2,1,3,4,16.8,Espoo,Detached house,1,1,Geothermal,New,1080,B,677
100,3,0,1,2,29,1,1,1,3.4,Lahti,Terraced house,1,1,Air-source heat pump,Needs renovation,290,D,128
59,2,3,0,0,20,0,1,1,2.4,Tampere,Apartment,0,1,District heating,Excellent,0,B,173
134,6,0,0,2,14,1,2,2,20.3,Vantaa,Detached house,0,1,Air-source heat pump,Fair,1175,B,346
80,3,3,0,1,72,0,1,1,3.4,Tampere,Apartment,0,1,District heating,Fair,0,F,163
87,3,1,0,1,21,0,1,1,5.8,Helsinki,Apartment,0,1,District heating,Excellent,0,D,350
97,4,0,1,1,95,1,2,2,3.4,Lahti,Detached house,1,1,District heating,Fair,1560,F,142
182,7,0,1,2,20,1,3,4,2.6,Lahti,Detached house,1,1,District heating,Good,1015,D,303
74,2,0,1,2,16,1,1,1,11.5,Helsinki,Terraced house,1,1,Geothermal,Needs renovation,590,C,405
61,2,1,0,1,46,0,1,1,13.6,Espoo,Apartment,0,0,District heating,Good,0,E,153
97,5,0,0,1,70,1,2,3,2.0,Turku,Semi-detached house,1,1,District heating,Fair,790,F,214
70,2,1,0,1,31,0,1,1,5.7,Lahti,Apartment,0,0,District heating,Excellent,0,C,105
125,5,0,0,2,25,1,2,2,14.5,Espoo,Semi-detached house,1,0,District heating,Fair,1050,E,440
69,2,4,1,0,15,0,1,1,1.8,Helsinki,Apartment,0,1,District heating,Good,0,C,325
32,1,4,1,1,55,0,1,1,1.4,Kuopio,Apartment,0,1,District heating,Fair,0,F,56
55,3,5,0,1,49,0,1,1,20.7,Lahti,Apartment,0,0,District heating,Good,0,E,52
106,5,0,1,1,27,1,2,2,16.5,Vantaa,Semi-detached house,0,1,District heating,Fair,1375,D,262
51,3,1,0,0,36,0,1,1,8.6,Espoo,Apartment,0,0,District heating,Fair,0,E,139
97,5,0,0,1,15,1,2,3,23.3,Espoo,Detached house,1,1,Electric heating,Fair,1585,C,362
50,2,0,1,1,58,0,1,1,4.1,Helsinki,Apartment,0,0,District heating,Needs renovation,0,F,148
52,2,1,0,0,35,0,1,1,1.0,Tampere,Apartment,0,1,District heating,Needs renovation,0,E,117
61,2,2,1,0,22,0,1,1,2.4,Oulu,Apartment,0,1,District heating,Fair,0,D,107
98,5,0,1,2,5,1,2,3,3.3,Kuopio,Detached house,1,1,Air-source heat pump,Excellent,1240,B,241
77,2,4,0,0,26,0,1,1,2.7,Espoo,Apartment,0,0,District heating,Good,0,D,278
43,1,1,1,1,34,0,1,1,2.6,Jyväskylä,Apartment,0,0,District heating,Needs renovation,0,D,67
37,2,3,0,0,16,0,1,1,3.5,Vantaa,Apartment,0,1,District heating,Needs renovation,0,D,85
105,5,0,0,1,18,1,2,3,3.8,Pori,Terraced house,0,1,District heating,Good,570,C,139
110,3,5,1,0,3,0,1,1,4.0,Helsinki,Apartment,0,1,District heating,Fair,0,C,472
57,3,5,0,1,27,0,1,1,11.1,Espoo,Apartment,0,1,Air-source heat pump,Fair,0,D,161
44,2,4,1,1,2,0,1,1,4.2,Helsinki,Apartment,0,0,District heating,Excellent,0,A,233
90,4,1,1,1,16,0,1,1,2.6,Helsinki,Apartment,0,1,District heating,Excellent,0,B,439
113,4,0,1,1,3,1,2,3,7.3,Pori,Detached house,0,1,Wood heating,Excellent,2120,C,163
27,1,4,1,0,24,0,1,1,8.5,Espoo,Apartment,0,1,District heating,Fair,0,C,87
34,2,3,1,1,4,0,1,1,0.9,Turku,Apartment,0,1,District heating,Good,0,A,106
84,3,2,1,0,32,0,1,2,1.6,Helsinki,Apartment,0,0,Air-source heat pump,Fair,0,C,325
91,4,5,0,1,31,0,1,1,5.2,Turku,Apartment,0,1,District heating,Fair,0,D,175
173,7,0,0,1,73,1,3,4,9.5,Lahti,Detached house,1,1,Oil heating,Good,1445,G,211
44,2,0,0,0,24,1,1,1,3.0,Turku,Apartment,0,1,District heating,Fair,0,D,94
133,4,0,0,2,94,1,2,2,12.3,Pori,Detached house,0,1,District heating,Good,2820,F,104
30,2,1,0,0,33,0,1,1,3.7,Turku,Apartment,0,1,District heating,Good,0,C,70
108,5,0,1,1,0,1,2,3,4.5,Tampere,Terraced house,0,0,Electric heating,New,475,B,306
136,6,0,1,2,47,1,2,3,4.3,Jyväskylä,Detached house,1,1,Geothermal,Fair,830,E,177
116,5,6,0,2,37,0,2,2,8.7,Espoo,Apartment,0,0,District heating,Excellent,0,D,380
99,5,0,1,0,33,1,2,3,7.3,Tampere,Terraced house,1,1,District heating,Good,360,D,229
52,3,1,1,1,16,0,1,1,3.6,Vantaa,Apartment,0,0,District heating,Excellent,0,B,149
65,3,1,0,1,8,0,1,1,1.8,Tampere,Apartment,0,1,District heating,Fair,0,B,213
27,1,3,0,1,17,0,1,1,4.4,Espoo,Apartment,0,1,District heating,Good,0,C,117
52,2,1,1,1,3,0,1,1,1.6,Oulu,Apartment,0,1,District heating,Excellent,0,B,138
50,2,1,0,1,23,0,1,1,11.9,Helsinki,Apartment,0,1,District heating,Excellent,0,D,185
79,2,5,0,1,57,0,1,2,3.3,Helsinki,Apartment,0,0,Electric heating,Needs renovation,0,E,255
163,7,0,1,1,2,1,3,3,1.7,Jyväskylä,Detached house,1,1,Electric heating,Excellent,1270,A,447
122,6,3,1,1,6,0,2,2,8.0,Espoo,Apartment,0,1,Air-source heat pump,Good,0,C,452
62,3,2,0,0,32,0,1,1,6.6,Espoo,Apartment,0,1,District heating,Fair,0,D,181
103,5,0,1,2,19,0,2,2,18.5,Helsinki,Detached house,1,1,District heating,Excellent,770,C,468
71,3,0,0,1,52,1,1,1,7.1,Tampere,Terraced house,0,1,Electric heating,Fair,310,F,148
133,4,0,1,3,33,1,2,3,10.5,Tampere,Detached house,1,1,Electric heating,Fair,960,E,301
60,2,2,0,1,19,0,1,1,6.2,Helsinki,Apartment,0,1,District heating,Excellent,0,D,271
110,4,0,1,1,4,0,2,3,4.0,Kuopio,Apartment,0,1,Electric heating,New,0,B,248
70,3,0,1,1,17,1,1,2,4.6,Turku,Semi-detached house,0,1,Air-source heat pump,Excellent,810,B,167
80,3,0,0,0,26,0,1,1,5.8,Helsinki,Apartment,1,1,District heating,Fair,0,C,288
49,2,4,0,1,45,0,1,1,13.6,Tampere,Apartment,0,1,District heating,Needs renovation,0,E,74
41,1,0,0,0,18,0,1,1,4.4,Jyväskylä,Apartment,0,1,Electric heating,Fair,0,D,72
118,4,0,1,2,22,1,2,2,6.4,Tampere,Terraced house,1,1,District heating,Good,390,C,280
88,4,0,0,2,1,1,2,2,2.5,Lahti,Terraced house,1,1,Geothermal,Excellent,615,B,170
69,2,0,0,0,42,0,1,1,2.4,Tampere,Apartment,0,0,Geothermal,Good,0,E,154
52,3,2,1,1,34,0,2,2,12.6,Helsinki,Apartment,0,1,District heating,Fair,0,E,187
60,2,3,0,0,35,0,1,1,4.9,Helsinki,Apartment,0,1,District heating,Fair,0,D,223
64,2,3,0,0,31,0,1,1,1.1,Turku,Apartment,0,0,District heating,Excellent,0,D,138
53,2,0,0,1,33,0,1,1,8.3,Turku,Apartment,0,1,District heating,Fair,0,D,90
98,4,2,0,1,35,0,2,2,3.6,Vantaa,Apartment,0,0,District heating,Good,0,E,241
96,3,0,0,2,0,1,1,1,5.3,Pori,Semi-detached house,1,1,Geothermal,New,835,A,167
66,3,2,0,1,29,0,1,1,14.7,Helsinki,Apartment,0,0,District heating,Fair,0,D,196
145,5,0,0,2,21,1,2,2,17.1,Lahti,Detached house,1,1,Electric heating,Fair,1750,D,193
76,3,5,1,1,15,0,1,1,7.5,Oulu,Apartment,1,1,Geothermal,Good,0,B,165
74,3,2,1,1,8,0,1,1,3.3,Vantaa,Apartment,1,1,District heating,Good,0,B,224
84,3,0,1,2,13,1,1,1,15.3,Tampere,Detached house,1,1,Geothermal,Good,875,C,194
101,4,0,0,1,50,1,3,3,5.4,Jyväskylä,Semi-detached house,1,1,Air-source heat pump,Fair,775,F,186
31,2,10,1,0,9,0,1,1,5.3,Helsinki,Apartment,0,1,District heating,Good,0,B,158
39,1,1,0,0,87,0,1,1,1.6,Oulu,Apartment,0,1,District heating,Fair,0,E,62
31,1,2,0,1,30,0,1,1,4.5,Espoo,Apartment,0,0,Air-source heat pump,Good,0,C,112
91,4,0,1,0,0,1,2,2,10.0,Espoo,Terraced house,1,1,Electric heating,New,275,B,408
91,4,0,1,2,11,1,1,1,3.3,Jyväskylä,Detached house,1,1,Air-source heat pump,Fair,1440,C,209
88,4,0,1,0,32,1,1,1,10.0,Turku,Terraced house,1,1,District heating,Good,400,D,172
31,1,4,1,1,31,0,1,1,2.1,Turku,Apartment,0,0,District heating,Good,0,C,80
52,2,0,0,0,35,0,1,1,3.2,Helsinki,Apartment,0,1,District heating,Good,0,D,219
81,3,1,0,0,49,0,1,1,14.1,Vantaa,Apartment,0,0,District heating,Good,0,E,142
53,2,1,0,1,62,0,1,1,3.2,Helsinki,Apartment,0,1,District heating,Fair,0,G,176
40,1,2,1,0,13,0,1,1,2.8,Oulu,Apartment,0,1,Air-source heat pump,Fair,0,B,91
92,4,0,1,2,35,0,1,1,6.7,Vantaa,Terraced house,0,1,District heating,Needs renovation,375,E,209
80,4,2,1,0,9,0,1,1,5.5,Tampere,Apartment,0,1,Electric heating,Excellent,0,B,209
28,1,5,1,0,36,0,1,1,3.5,Espoo,Apartment,0,0,District heating,Excellent,0,C,108
104,3,0,0,2,12,1,2,2,2.4,Lahti,Detached house,1,1,District heating,Good,1725,B,222
133,5,0,1,2,20,1,2,3,14.7,Oulu,Terraced house,0,1,Air-source heat pump,Fair,660,B,227
58,3,1,0,1,34,0,1,1,1.5,Lahti,Apartment,0,1,District heating,Fair,0,D,91
169,7,0,1,0,46,1,3,5,12.7,Lahti,Detached house,0,1,Electric heating,Fair,2625,E,197
38,2,3,0,1,44,0,1,1,11.7,Espoo,Apartment,0,0,District heating,Fair,0,F,117
133,5,0,0,1,40,0,2,2,0.9,Jyväskylä,Apartment,0,0,District heating,Needs renovation,0,E,196
69,2,0,1,1,5,0,1,1,2.5,Oulu,Apartment,0,1,District heating,New,0,B,167
47,2,6,0,0,42,0,1,1,4.2,Espoo,Apartment,0,1,Electric heating,Good,0,D,150
52,3,2,1,1,31,0,1,1,2.8,Turku,Apartment,0,1,District heating,Needs renovation,0,E,103
46,2,5,0,1,36,0,1,1,2.1,Lahti,Apartment,0,1,District heating,Good,0,D,80
41,2,9,1,0,2,0,1,1,4.5,Espoo,Apartment,1,1,District heating,New,0,A,214
115,5,0,0,2,41,1,3,3,9.0,Oulu,Terraced house,1,0,Air-source heat pump,Fair,635,E,183
113,5,0,1,2,0,0,2,2,14.9,Espoo,Apartment,0,0,District heating,Good,0,A,357
83,4,0,0,1,7,1,1,1,13.1,Espoo,Terraced house,0,1,District heating,Good,225,C,271
70,2,1,0,0,1,0,1,1,5.5,Espoo,Apartment,0,1,Electric heating,New,0,A,260
143,6,0,1,3,8,1,2,3,28.3,Vantaa,Detached house,1,0,Geothermal,Good,1560,B,349
119,5,0,0,1,14,1,1,1,4.8,Helsinki,Apartment,0,1,Air-source heat pump,Fair,0,B,452
203,7,0,1,1,28,1,2,2,2.9,Helsinki,Detached house,1,1,District heating,Fair,1320,C,973
125,5,0,0,2,44,1,2,2,8.5,Helsinki,Detached house,0,1,Wood heating,Needs renovation,895,G,373
84,3,0,0,1,26,1,1,1,4.3,Lahti,Terraced house,1,1,Air-source heat pump,Fair,420,C,135
59,2,3,1,1,10,0,1,1,5.8,Helsinki,Apartment,1,1,Electric heating,Needs renovation,0,C,233
134,7,0,1,2,67,1,1,1,5.9,Turku,Detached house,1,1,District heating,Good,1200,E,316
71,3,0,0,2,24,0,1,2,7.6,Tampere,Semi-detached house,1,1,Geothermal,Excellent,605,B,216
32,2,0,0,0,49,0,1,1,2.7,Helsinki,Apartment,0,0,District heating,Fair,0,E,111
32,2,3,1,1,13,0,1,1,4.8,Espoo,Apartment,0,1,District heating,Excellent,0,C,156
62,2,1,1,0,32,0,1,1,8.3,Helsinki,Apartment,0,1,District heating,Fair,0,D,197
103,4,0,1,2,5,1,1,1,10.4,Kuopio,Detached house,0,0,District heating,Excellent,2550,B,224
38,2,3,0,1,4,0,1,1,4.3,Helsinki,Apartment,0,1,District heating,Excellent,0,A,216
39,1,0,0,1,46,0,1,1,3.1,Oulu,Apartment,0,0,District heating,Good,0,E,70
56,3,4,1,1,9,0,1,1,18.4,Vantaa,Apartment,0,0,District heating,Fair,0,C,132
58,2,0,0,1,33,1,1,1,26.3,Vantaa,Apartment,0,1,Electric heating,Fair,0,D,94
57,2,2,0,1,74,0,1,1,1.8,Tampere,Apartment,0,0,District heating,Good,0,D,137
52,3,4,0,1,14,0,1,1,5.5,Espoo,Apartment,0,1,Electric heating,Good,0,C,203
175,7,0,1,2,66,0,2,3,13.3,Jyväskylä,Detached house,0,1,District heating,Good,1480,F,211
35,2,2,1,1,24,0,1,1,9.7,Vantaa,Apartment,0,1,District heating,Excellent,0,C,105
66,2,2,0,1,31,0,1,1,2.4,Jyväskylä,Apartment,1,0,District heating,Good,0,C,131
115,5,3,1,1,61,0,2,2,5.4,Oulu,Apartment,0,0,Oil heating,Good,0,F,171
129,5,2,0,1,39,0,2,3,0.9,Lahti,Apartment,0,1,Electric heating,Fair,0,E,174
32,2,0,0,0,17,0,1,1,10.8,Helsinki,Apartment,0,1,District heating,Fair,0,C,104
47,2,4,0,1,15,0,1,1,2.9,Turku,Apartment,0,1,Electric heating,Good,0,C,124
81,4,0,1,1,80,1,1,2,2.0,Tampere,Terraced house,1,1,Oil heating,Needs renovation,160,G,135
87,4,0,0,1,85,1,1,1,8.2,Turku,Apartment,0,1,District heating,Needs renovation,0,G,111
100,5,3,1,1,18,0,1,1,3.3,Helsinki,Apartment,1,0,District heating,Good,0,C,497
48,3,3,1,1,19,0,1,1,2.2,Helsinki,Apartment,0,1,Geothermal,Good,0,B,258
73,3,0,1,1,10,0,1,1,0.7,Kuopio,Apartment,0,1,District heating,Excellent,0,B,152
132,5,0,0,3,54,1,3,3,18.6,Espoo,Detached house,0,1,Electric heating,Excellent,1865,E,468
69,2,4,0,2,16,0,1,1,8.3,Espoo,Apartment,0,1,District heating,Excellent,0,B,272
105,4,0,1,3,67,1,1,1,2.0,Kuopio,Semi-detached house,1,0,Electric heating,Good,525,F,182
100,4,2,0,1,43,0,1,1,2.8,Espoo,Apartment,0,0,District heating,Needs renovation,0,E,239
73,4,7,1,1,13,0,1,1,3.8,Helsinki,Apartment,0,0,Air-source heat pump,Fair,0,C,334
61,2,1,0,2,36,0,1,1,3.8,Lahti,Apartment,0,1,District heating,Fair,0,E,89
81,4,1,0,1,44,0,1,2,6.4,Espoo,Apartment,1,0,District heating,Excellent,0,E,263
80,4,1,0,1,19,0,1,2,4.5,Tampere,Apartment,0,1,District heating,Good,0,A,242
70,3,1,1,0,95,0,1,1,1.5,Helsinki,Apartment,0,1,District heating,Fair,0,F,249
38,2,5,0,1,41,0,1,1,2.6,Kuopio,Apartment,0,0,District heating,Needs renovation,0,D,60
222,9,0,1,3,1,1,3,3,14.4,Espoo,Detached house,1,1,Air-source heat pump,New,2530,A,877
71,3,5,1,1,1,0,1,1,4.2,Helsinki,Apartment,0,1,District heating,New,0,B,397
99,4,0,0,2,34,1,2,2,4.5,Jyväskylä,Terraced house,0,1,District heating,Excellent,555,D,193
121,5,0,0,1,31,1,2,2,7.1,Oulu,Terraced house,0,0,District heating,Excellent,745,C,191
36,2,5,0,0,42,0,1,1,6.8,Helsinki,Apartment,0,0,Air-source heat pump,Good,0,D,129
99,4,0,1,2,46,1,1,1,6.4,Oulu,Detached house,1,1,Air-source heat pump,Fair,1575,D,215
83,3,0,0,2,48,1,2,2,9.4,Turku,Detached house,1,1,Air-source heat pump,Good,1395,C,189
90,4,0,1,1,28,1,2,2,6.5,Espoo,Terraced house,1,1,Electric heating,Good,520,D,320
30,1,3,1,0,18,0,1,1,1.6,Helsinki,Apartment,0,1,District heating,Fair,0,C,148
141,5,0,1,1,3,0,2,3,1.5,Kuopio,Terraced house,1,0,District heating,Fair,300,B,265
101,4,0,0,2,12,1,1,1,16.1,Espoo,Semi-detached house,1,0,Air-source heat pump,Good,935,C,379
41,1,6,1,0,23,0,1,1,1.5,Helsinki,Apartment,0,0,District heating,Good,0,D,200
128,4,0,1,1,39,1,2,3,4.8,Helsinki,Semi-detached house,1,1,Wood heating,Needs renovation,790,E,532
72,3,0,0,2,52,1,1,1,8.2,Tampere,Detached house,0,1,District heating,Fair,1070,F,206
72,3,0,0,1,45,1,2,2,2.7,Turku,Terraced house,1,1,District heating,Needs renovation,205,F,121
112,4,0,0,1,43,1,2,2,5.7,Helsinki,Apartment,1,0,District heating,Good,0,E,382
73,3,0,1,2,13,1,1,1,7.6,Espoo,Semi-detached house,1,1,Electric heating,Good,380,D,307
81,4,0,1,1,19,0,1,1,1.5,Lahti,Apartment,0,1,Electric heating,Good,0,D,129
55,2,1,1,1,61,0,1,1,1.6,Helsinki,Apartment,0,1,District heating,Fair,0,F,239
101,4,0,0,1,54,1,1,2,6.9,Helsinki,Terraced house,1,0,District heating,Needs renovation,245,G,293
95,3,1,1,1,19,0,1,1,4.4,Helsinki,Apartment,0,1,District heating,Good,0,C,372
56,2,0,0,1,63,0,1,1,13.3,Vantaa,Apartment,0,0,District heating,Good,0,F,101
103,4,0,0,0,24,1,2,3,15.0,Tampere,Terraced house,0,1,District heating,Good,735,D,205
197,7,0,0,1,4,1,3,4,16.3,Lahti,Detached house,1,1,Air-source heat pump,Fair,950,D,256
50,2,8,1,1,3,0,1,1,2.0,Tampere,Apartment,0,1,Electric heating,Excellent,0,B,190
29,1,9,1,2,39,0,1,1,13.2,Vantaa,Apartment,0,0,District heating,Good,0,E,83
103,4,0,0,1,19,1,2,2,6.6,Helsinki,Detached house,1,1,Wood heating,Fair,895,D,459
74,3,0,0,1,56,1,1,1,6.5,Oulu,Terraced house,0,1,Electric heating,Good,615,E,149
106,5,0,0,1,43,0,2,2,8.2,Helsinki,Terraced house,1,1,District heating,Excellent,190,E,423
66,2,1,1,1,4,0,1,1,3.0,Helsinki,Apartment,0,0,District heating,New,0,B,344
110,4,0,0,1,58,1,2,3,2.3,Kuopio,Detached house,0,1,Electric heating,Fair,1295,F,168
46,2,0,1,1,10,1,1,1,7.4,Espoo,Apartment,0,1,District heating,Good,0,B,161
152,6,0,0,2,34,1,3,3,3.9,Kuopio,Detached house,0,1,Oil heating,Excellent,3600,D,279
50,2,0,1,1,25,0,1,1,10.6,Vantaa,Apartment,0,1,District heating,Excellent,0,D,127
52,2,3,0,1,4,0,1,1,13.2,Espoo,Apartment,0,1,District heating,Excellent,0,C,178
73,3,3,1,0,4,0,1,1,6.4,Helsinki,Apartment,1,1,District heating,Good,0,C,311
44,2,3,0,1,38,0,1,1,2.7,Tampere,Apartment,0,0,Geothermal,Fair,0,D,111
118,5,0,0,0,16,0,1,1,3.5,Tampere,Apartment,0,1,District heating,Good,0,C,273
97,3,1,0,1,29,0,1,1,8.2,Vantaa,Apartment,0,1,District heating,Fair,0,C,240
66,2,5,1,0,50,0,1,1,7.8,Helsinki,Apartment,0,0,District heating,Good,0,E,218
96,5,0,1,2,22,0,2,3,3.6,Kuopio,Semi-detached house,0,1,Air-source heat pump,Good,675,C,199
46,2,2,0,1,20,0,1,1,1.3,Tampere,Apartment,0,1,Oil heating,Fair,0,E,132
111,5,0,1,2,54,1,2,2,3.7,Helsinki,Detached house,0,1,Electric heating,Good,605,F,468
49,2,0,0,2,22,1,1,1,4.9,Espoo,Terraced house,0,0,District heating,Excellent,345,C,238
108,3,0,0,1,64,1,2,2,13.8,Helsinki,Terraced house,0,1,Air-source heat pump,Good,205,G,329
145,5,0,0,2,5,1,2,2,6.0,Jyväskylä,Detached house,1,1,District heating,Excellent,1640,B,328
79,4,1,0,1,3,0,2,2,7.5,Tampere,Apartment,0,1,District heating,Good,0,C,210
129,5,0,0,2,42,0,2,2,2.1,Helsinki,Apartment,1,0,District heating,Good,0,E,522
76,3,1,0,1,37,0,1,1,7.0,Oulu,Apartment,0,1,District heating,Fair,0,F,120
87,3,1,1,1,28,0,1,1,2.1,Oulu,Apartment,0,1,District heating,Good,0,D,179
165,6,0,0,2,40,1,2,3,23.1,Vantaa,Detached house,0,1,Electric heating,Good,1820,E,318
163,7,0,1,2,19,1,3,4,7.6,Jyväskylä,Detached house,0,1,Geothermal,Good,1440,C,314
60,2,3,0,1,77,0,1,1,4.9,Espoo,Apartment,1,0,District heating,Excellent,0,F,172
107,4,1,0,1,19,0,1,2,5.0,Jyväskylä,Apartment,0,1,District heating,Excellent,0,C,200
83,3,0,1,0,47,1,1,2,5.1,Helsinki,Terraced house,0,1,Oil heating,Good,305,D,318
75,2,1,0,1,5,0,1,1,3.5,Lahti,Apartment,0,0,Air-source heat pump,Fair,0,C,119
59,2,0,0,0,12,0,1,1,5.3,Jyväskylä,Apartment,0,1,District heating,Excellent,0,C,111
33,2,1,1,0,11,0,1,1,12.7,Espoo,Apartment,0,1,District heating,Excellent,0,B,116
92,4,0,0,1,31,1,1,1,2.5,Kuopio,Semi-detached house,0,0,Wood heating,Good,530,D,161
76,4,1,0,2,2,0,1,1,2.6,Kuopio,Apartment,0,1,Electric heating,New,0,B,171
50,2,4,0,0,25,0,1,1,5.2,Helsinki,Apartment,0,1,District heating,Needs renovation,0,D,179
39,1,0,1,1,27,0,1,1,3.8,Oulu,Apartment,0,1,District heating,Excellent,0,D,88
45,2,2,0,1,46,0,1,1,2.4,Helsinki,Apartment,0,0,District heating,Needs renovation,0,E,160
119,4,0,0,1,1,0,2,2,3.2,Espoo,Apartment,0,0,District heating,New,0,B,464
70,3,0,0,1,95,1,1,1,4.0,Tampere,Terraced house,0,1,District heating,Fair,300,G,155
98,4,5,1,1,11,0,2,2,4.8,Lahti,Apartment,0,1,District heating,Fair,0,D,160
59,2,4,0,1,51,0,1,1,3.9,Oulu,Apartment,0,0,District heating,Needs renovation,0,F,88
77,3,1,1,1,17,0,1,1,3.6,Tampere,Apartment,0,1,District heating,Good,0,B,224
23,1,4,1,1,3,0,1,1,1.9,Tampere,Apartment,0,1,Geothermal,Good,0,A,98
111,4,6,1,1,36,0,2,3,11.6,Helsinki,Apartment,0,1,District heating,Good,0,D,363
81,5,1,1,1,19,0,1,1,3.6,Tampere,Apartment,0,1,District heating,Excellent,0,B,227
82,3,0,1,1,5,1,2,2,1.9,Oulu,Terraced house,0,0,Air-source heat pump,Good,245,A,195
97,3,0,0,2,24,0,2,2,3.3,Lahti,Terraced house,1,1,District heating,Good,750,B,159
46,2,8,0,1,28,0,1,1,8.8,Vantaa,Apartment,0,1,District heating,Good,0,E,124
182,7,0,1,2,10,0,3,4,8.4,Helsinki,Detached house,1,1,Oil heating,Good,505,C,658
51,2,1,1,1,7,0,1,1,2.5,Helsinki,Apartment,0,1,Geothermal,Fair,0,A,265
76,3,0,0,1,42,1,1,1,13.3,Pori,Detached house,0,0,Geothermal,Excellent,1995,D,87
105,4,0,1,2,30,1,2,3,6.4,Jyväskylä,Semi-detached house,0,1,Electric heating,Needs renovation,785,F,158
75,3,0,0,0,3,0,1,1,1.5,Helsinki,Apartment,0,1,District heating,Excellent,0,B,344
65,3,2,1,1,50,0,1,1,5.1,Helsinki,Apartment,0,1,District heating,Good,0,D,257
53,2,1,1,0,3,0,1,1,5.3,Espoo,Apartment,0,1,District heating,Excellent,0,B,201
73,3,6,1,0,4,0,1,1,0.6,Pori,Apartment,0,0,District heating,Excellent,0,B,114
119,5,0,0,1,77,1,2,3,6.8,Turku,Detached house,0,1,Electric heating,Fair,1080,F,164
112,4,0,1,2,5,1,1,1,28.4,Helsinki,Terraced house,0,1,Air-source heat pump,Excellent,295,A,379
101,3,0,1,2,18,1,2,2,2.2,Pori,Detached house,0,1,Electric heating,Good,1490,C,158
105,4,1,1,1,12,0,2,2,1.2,Tampere,Apartment,1,1,District heating,Excellent,0,C,342
56,2,1,0,0,22,0,1,1,1.7,Helsinki,Apartment,0,0,District heating,Fair,0,D,253
69,4,5,0,1,10,0,1,1,5.9,Helsinki,Apartment,0,0,District heating,Fair,0,C,290
95,4,0,0,1,69,0,1,1,8.0,Pori,Apartment,0,0,District heating,Good,0,E,71
52,2,4,0,1,10,0,1,1,2.7,Tampere,Apartment,0,1,Electric heating,Fair,0,C,128
84,3,0,0,1,19,1,1,1,3.3,Jyväskylä,Terraced house,1,1,District heating,Fair,590,C,172
57,2,4,1,0,5,0,1,1,2.0,Kuopio,Apartment,0,1,Geothermal,Good,0,B,122
75,4,0,1,1,46,1,1,1,6.2,Turku,Detached house,0,1,Electric heating,Needs renovation,1225,E,131
77,3,0,1,1,3,1,1,1,14.6,Oulu,Semi-detached house,0,1,Electric heating,Excellent,815,B,155
118,6,0,0,1,31,1,2,2,10.2,Espoo,Detached house,0,1,Air-source heat pump,Excellent,1265,D,437
73,2,2,0,1,26,0,1,2,2.5,Lahti,Apartment,0,1,District heating,Fair,0,C,115
66,2,3,1,1,1,0,1,1,5.0,Helsinki,Apartment,0,1,District heating,New,0,A,365
87,4,1,0,1,53,0,1,1,7.6,Helsinki,Apartment,0,1,Electric heating,Needs renovation,0,F,199
88,3,1,1,0,95,0,2,2,8.6,Helsinki,Apartment,0,0,District heating,Good,0,G,233
70,4,1,0,0,20,0,2,2,5.3,Espoo,Apartment,0,1,District heating,Fair,0,D,213
71,3,2,0,0,49,0,1,1,10.3,Espoo,Apartment,0,1,Air-source heat pump,Fair,0,D,165
122,5,0,0,1,38,1,1,1,3.9,Pori,Detached house,1,1,Air-source heat pump,Excellent,1820,D,171
94,4,0,1,1,24,1,2,2,2.7,Oulu,Apartment,1,1,District heating,Good,0,D,200
51,3,5,0,0,7,0,1,1,5.1,Espoo,Apartment,0,1,District heating,Good,0,B,209
62,3,0,0,0,34,0,2,2,13.2,Oulu,Apartment,0,0,District heating,Good,0,D,81
41,1,1,0,1,48,0,1,1,4.7,Lahti,Apartment,0,1,District heating,Fair,0,E,56
50,2,2,1,0,77,0,1,1,6.7,Turku,Apartment,0,1,District heating,Good,0,E,84
145,6,0,0,1,21,1,3,3,12.6,Turku,Detached house,1,1,Oil heating,Good,1510,E,270
27,1,2,1,1,4,0,1,1,2.7,Lahti,Apartment,0,1,District heating,Excellent,0,B,62
107,4,0,1,2,41,1,2,2,4.5,Jyväskylä,Terraced house,0,1,District heating,Excellent,710,D,225
90,4,0,1,1,80,1,2,2,19.9,Vantaa,Semi-detached house,1,1,Oil heating,Good,665,F,181
132,5,0,1,3,27,1,3,4,2.3,Jyväskylä,Detached house,1,1,Electric heating,Good,1400,E,283
122,4,0,0,1,15,1,1,1,3.0,Lahti,Detached house,1,1,Air-source heat pump,Good,990,C,219
82,3,0,0,1,52,0,1,1,1.2,Oulu,Apartment,0,0,District heating,Good,0,E,128
138,5,0,1,2,18,0,3,4,4.2,Vantaa,Semi-detached house,1,1,District heating,Excellent,475,B,453
69,3,0,1,1,14,0,2,2,3.2,Oulu,Apartment,0,1,District heating,Needs renovation,0,D,118
97,3,3,1,1,22,0,2,2,5.1,Vantaa,Apartment,0,0,District heating,Good,0,C,252
53,2,0,1,0,23,0,1,1,3.6,Lahti,Apartment,0,0,District heating,Good,0,D,74
57,3,1,0,1,12,0,1,1,1.4,Tampere,Apartment,0,1,District heating,Good,0,C,183
64,2,1,0,1,6,0,1,1,1.6,Jyväskylä,Apartment,0,0,District heating,Good,0,B,145
82,4,3,0,1,56,0,1,2,2.7,Tampere,Apartment,0,0,District heating,Good,0,E,192
99,4,2,0,1,50,0,1,1,2.8,Turku,Apartment,0,1,District heating,Good,0,D,203
74,2,4,0,0,30,0,1,1,1.2,Helsinki,Apartment,0,1,District heating,Fair,0,C,329
91,4,3,0,1,3,0,1,1,1.9,Oulu,Apartment,0,0,Electric heating,Good,0,C,216
209,7,0,0,1,31,1,3,3,6.7,Espoo,Detached house,1,1,District heating,Fair,1540,E,840
28,1,1,1,0,38,0,1,1,8.2,Tampere,Apartment,0,1,District heating,Good,0,E,60
51,3,1,1,0,3,0,1,1,1.2,Turku,Apartment,0,1,District heating,Good,0,C,141
69,3,1,0,0,33,0,1,2,0.9,Helsinki,Apartment,0,0,District heating,Good,0,C,280
75,2,1,1,1,10,0,1,1,2.2,Lahti,Apartment,0,1,District heating,Excellent,0,B,136
98,4,2,1,0,23,0,1,1,3.6,Turku,Apartment,0,1,District heating,Fair,0,C,205
79,3,0,1,1,17,1,1,2,8.9,Tampere,Terraced house,1,0,District heating,Needs renovation,190,D,162
179,7,0,0,2,38,1,3,3,11.5,Vantaa,Detached house,1,0,Wood heating,Good,1100,E,397
76,3,1,1,1,17,0,1,1,1.6,Jyväskylä,Apartment,0,1,Electric heating,Fair,0,C,160
65,2,1,0,1,16,0,1,2,2.2,Pori,Apartment,0,1,District heating,Fair,0,C,95
173,6,0,0,3,27,1,2,2,6.1,Tampere,Detached house,0,1,District heating,Excellent,2340,C,545
84,2,0,0,2,17,1,1,2,6.5,Tampere,Semi-detached house,1,1,Air-source heat pump,Fair,350,D,241
179,6,0,1,2,5,1,2,3,3.5,Tampere,Detached house,1,1,Air-source heat pump,Excellent,1725,B,597
125,5,0,1,1,23,1,2,2,1.9,Jyväskylä,Detached house,0,0,District heating,Good,1405,C,282
47,3,0,0,1,46,0,1,1,1.4,Jyväskylä,Apartment,0,1,District heating,Good,0,E,93
60,2,2,1,1,22,0,1,1,11.3,Oulu,Apartment,0,0,District heating,Good,0,D,96
125,4,0,0,2,77,1,1,1,12.9,Helsinki,Detached house,1,1,Electric heating,Good,1155,F,359
74,3,2,0,1,1,0,1,1,2.6,Helsinki,Apartment,0,1,District heating,New,0,B,416
59,3,6,1,1,35,0,1,1,14.2,Vantaa,Apartment,0,1,District heating,Fair,0,D,137
89,3,4,0,1,15,0,1,2,1.5,Turku,Apartment,0,1,District heating,Good,0,B,215
62,2,0,0,2,85,0,1,1,7.4,Helsinki,Apartment,0,0,District heating,Needs renovation,0,F,179
70,3,0,0,1,32,0,1,1,2.9,Oulu,Apartment,0,1,District heating,Needs renovation,0,E,100
32,1,6,1,0,23,0,1,1,3.2,Helsinki,Apartment,0,1,District heating,Good,0,B,146
82,3,0,1,1,28,1,1,1,3.2,Pori,Detached house,1,1,Electric heating,Fair,1085,D,106
126,5,0,1,1,30,1,1,1,6.3,Turku,Detached house,0,1,District heating,Needs renovation,710,E,192
49,2,3,1,1,58,0,1,1,5.7,Helsinki,Apartment,0,1,District heating,Good,0,E,175
46,2,5,0,1,31,0,1,1,4.8,Helsinki,Apartment,0,0,Air-source heat pump,Good,0,D,196
115,5,0,0,2,13,1,1,1,18.5,Espoo,Detached house,1,1,Electric heating,Good,865,C,398
81,3,0,1,1,11,0,1,2,2.0,Helsinki,Apartment,0,1,District heating,Excellent,0,B,382
86,3,2,0,1,36,0,1,1,7.9,Helsinki,Apartment,0,0,District heating,Fair,0,D,276
90,3,1,0,1,75,0,1,1,10.6,Espoo,Apartment,0,0,District heating,Fair,0,F,175
75,2,1,0,1,15,0,1,1,1.8,Turku,Apartment,0,1,District heating,Good,0,D,174
118,5,0,0,2,1,1,1,1,24.1,Vantaa,Detached house,1,1,District heating,New,1450,B,313
91,3,0,1,1,40,1,2,3,1.7,Pori,Terraced house,0,1,District heating,Fair,160,D,108
170,7,0,0,2,17,1,2,4,6.4,Tampere,Detached house,1,1,Oil heating,Good,1740,D,437
118,4,1,0,1,36,0,1,1,2.9,Tampere,Apartment,0,1,Geothermal,Needs renovation,0,D,249
25,1,7,0,0,42,0,1,1,5.7,Helsinki,Apartment,0,1,Electric heating,Good,0,E,100
135,6,0,0,1,15,1,2,2,16.9,Oulu,Semi-detached house,1,1,Electric heating,Excellent,885,C,233
93,4,0,1,1,25,0,2,3,3.6,Jyväskylä,Terraced house,0,0,Air-source heat pump,Good,250,B,168
103,5,0,1,2,35,1,2,2,16.2,Vantaa,Detached house,1,0,Electric heating,Fair,910,C,231
71,3,0,0,1,20,0,1,1,1.1,Turku,Apartment,1,0,District heating,Excellent,0,C,177
84,3,2,0,1,28,0,1,1,1.2,Turku,Apartment,0,1,Air-source heat pump,Excellent,0,C,202
51,2,1,1,0,19,0,1,2,2.5,Lahti,Apartment,0,1,District heating,Needs renovation,0,C,72
69,3,6,0,1,3,0,1,1,5.3,Espoo,Apartment,1,0,District heating,Good,0,C,288
58,3,3,0,0,28,0,1,1,7.6,Helsinki,Apartment,0,1,Air-source heat pump,Good,0,C,218
115,4,2,0,2,16,0,2,2,3.3,Lahti,Apartment,1,1,District heating,Good,0,D,191
35,2,1,1,1,40,0,1,1,5.7,Helsinki,Apartment,0,1,District heating,Fair,0,D,131
116,4,4,0,1,39,0,1,2,3.0,Tampere,Apartment,0,1,District heating,Fair,0,D,275
40,1,0,1,1,41,0,1,1,4.0,Turku,Apartment,0,0,District heating,Good,0,C,84
47,2,2,1,1,39,0,1,1,5.6,Turku,Apartment,0,1,District heating,Good,0,D,105
164,6,0,1,2,2,1,2,2,29.0,Vantaa,Detached house,1,1,Geothermal,Excellent,2155,A,393
53,3,2,0,1,40,0,1,1,2.9,Espoo,Apartment,0,0,District heating,Fair,0,E,151
108,5,0,1,1,3,1,2,2,3.0,Oulu,Detached house,0,1,Electric heating,Excellent,1735,B,290
89,3,1,0,1,16,0,1,1,1.8,Lahti,Apartment,0,1,District heating,Good,0,C,149
93,4,0,1,1,60,1,1,1,8.2,Helsinki,Terraced house,1,1,Electric heating,Good,495,F,414
85,4,0,0,1,20,1,1,1,4.5,Tampere,Detached house,1,1,Electric heating,Excellent,535,D,231
101,4,1,1,1,29,0,1,1,1.7,Pori,Apartment,1,0,District heating,Good,0,C,127
80,3,0,1,1,12,1,2,3,1.9,Tampere,Terraced house,1,1,Wood heating,Good,225,B,204
96,4,0,0,1,28,1,1,1,8.3,Tampere,Terraced house,0,1,Oil heating,Good,355,D,192
112,4,0,1,1,92,1,2,2,6.8,Kuopio,Semi-detached house,0,1,District heating,Fair,955,F,154
103,4,0,0,1,23,1,2,2,7.1,Turku,Semi-detached house,1,1,Geothermal,Fair,455,B,210
74,3,1,0,1,25,0,1,1,6.9,Vantaa,Apartment,0,1,District heating,Needs renovation,0,E,155
44,2,3,1,2,17,0,1,1,2.9,Helsinki,Apartment,0,1,District heating,Fair,0,C,234
47,2,1,0,1,32,0,1,1,6.9,Kuopio,Apartment,0,1,District heating,Good,0,D,76
75,3,0,0,0,15,1,1,1,5.7,Tampere,Terraced house,1,1,District heating,Good,250,D,193
135,5,0,1,2,20,1,2,3,8.5,Turku,Detached house,1,1,Electric heating,Excellent,1470,D,308
125,4,4,1,1,28,0,1,1,3.5,Helsinki,Apartment,0,1,District heating,Excellent,0,C,554
128,5,0,1,2,11,1,2,3,27.1,Vantaa,Detached house,0,0,Air-source heat pump,Good,845,B,281
67,3,2,0,1,18,0,1,1,2.1,Oulu,Apartment,0,1,District heating,Good,0,D,142
56,3,1,1,1,55,0,1,2,2.9,Kuopio,Apartment,0,0,District heating,Good,0,E,93
135,5,0,0,1,26,1,2,3,6.8,Espoo,Detached house,1,1,Electric heating,Needs renovation,520,D,320
39,1,2,1,1,78,0,1,1,7.3,Vantaa,Apartment,0,0,District heating,Fair,0,E,82
115,5,4,0,1,53,0,2,2,15.0,Helsinki,Apartment,0,0,District heating,Needs renovation,0,E,240
86,4,3,0,0,54,0,2,2,1.6,Helsinki,Apartment,0,0,District heating,Good,0,F,323
68,3,2,1,0,15,0,1,1,12.7,Vantaa,Apartment,0,1,Electric heating,Good,0,B,159
54,2,3,1,0,12,0,1,1,8.9,Helsinki,Apartment,0,1,District heating,Good,0,D,216
49,2,4,0,1,53,0,1,1,1.8,Turku,Apartment,0,0,District heating,Fair,0,E,97
39,2,3,0,1,95,0,1,1,4.2,Turku,Apartment,0,0,District heating,Good,0,E,76
53,3,1,0,0,20,0,1,1,3.0,Jyväskylä,Apartment,0,0,District heating,Fair,0,D,107
52,2,2,0,0,32,0,1,1,4.3,Oulu,Apartment,0,0,District heating,Excellent,0,C,103
101,4,2,0,1,19,0,1,1,8.8,Lahti,Apartment,0,1,Electric heating,Good,0,C,143
91,3,0,1,2,70,1,2,2,3.9,Jyväskylä,Detached house,0,0,Electric heating,Good,925,F,161
102,4,0,0,0,0,1,1,2,13.4,Pori,Semi-detached house,1,1,Air-source heat pump,New,1155,A,147
77,3,0,0,0,16,0,1,1,1.8,Turku,Apartment,1,1,District heating,Good,0,D,184
109,4,1,1,2,20,0,1,1,3.2,Oulu,Apartment,0,1,District heating,Fair,0,D,202
44,2,1,1,1,26,0,1,1,2.8,Tampere,Apartment,0,1,Geothermal,Fair,0,D,116
141,5,0,1,1,43,0,2,2,5.0,Pori,Detached house,1,1,Air-source heat pump,Good,725,D,168
136,6,0,1,2,17,1,2,3,9.4,Pori,Detached house,1,1,Oil heating,Fair,2385,D,166
72,3,0,1,1,36,0,1,1,6.0,Espoo,Terraced house,1,1,Electric heating,Good,135,D,264
97,5,0,1,2,9,1,2,2,5.9,Helsinki,Terraced house,0,1,District heating,Fair,245,C,424
114,4,0,1,1,4,1,2,3,17.1,Oulu,Detached house,0,1,Electric heating,Excellent,945,C,186
81,4,6,0,1,63,0,1,2,4.8,Espoo,Apartment,1,0,District heating,Excellent,0,F,261
76,3,2,0,0,20,0,1,1,1.6,Helsinki,Apartment,0,1,District heating,Good,0,C,338
72,4,0,1,1,44,0,1,1,10.5,Oulu,Apartment,0,1,District heating,Fair,0,D,96
122,5,0,0,2,27,1,2,2,12.1,Tampere,Detached house,0,1,Electric heating,Good,1560,C,311
68,3,4,0,0,28,0,1,1,2.7,Helsinki,Apartment,0,1,District heating,Excellent,0,C,343
72,3,7,0,1,52,0,1,1,4.9,Helsinki,Apartment,0,0,Air-source heat pump,Fair,0,D,286
90,3,0,0,2,75,0,2,2,5.6,Oulu,Detached house,0,1,Oil heating,Needs renovation,615,G,119
122,5,0,1,1,17,1,1,2,6.1,Oulu,Terraced house,1,1,District heating,Fair,495,D,198
45,1,2,0,1,37,0,1,1,5.0,Vantaa,Apartment,0,1,District heating,Fair,0,D,118
70,3,7,0,0,29,0,1,1,1.9,Helsinki,Apartment,0,1,District heating,Fair,0,C,299
90,3,1,1,1,0,0,1,2,8.9,Helsinki,Apartment,0,1,District heating,New,0,B,383
135,6,1,0,1,21,0,2,3,1.7,Oulu,Apartment,0,1,Electric heating,Good,0,C,278
69,3,0,1,2,23,1,1,1,1.0,Helsinki,Terraced house,0,1,District heating,Good,205,D,389
115,4,0,0,2,50,1,1,1,7.6,Jyväskylä,Detached house,0,1,District heating,Needs renovation,1125,E,135
172,7,0,0,2,51,1,3,3,7.0,Helsinki,Detached house,1,0,District heating,Fair,630,F,558
125,5,0,1,1,18,1,2,2,5.1,Lahti,Semi-detached house,0,1,Air-source heat pump,Fair,505,C,179
32,1,2,0,1,21,0,1,1,3.3,Tampere,Apartment,0,1,District heating,Fair,0,D,89
42,2,3,0,1,0,0,1,1,2.6,Tampere,Apartment,0,1,District heating,New,0,A,169
51,2,2,0,1,41,0,1,1,2.0,Tampere,Apartment,0,1,District heating,Good,0,E,137
119,4,0,1,2,57,1,2,2,1.6,Lahti,Semi-detached house,1,1,Electric heating,Good,1050,E,189
78,3,1,1,1,15,0,2,2,2.1,Jyväskylä,Apartment,0,1,District heating,Fair,0,C,161
49,2,3,1,0,15,0,1,1,4.9,Helsinki,Apartment,0,0,District heating,Needs renovation,0,D,171
79,3,6,0,1,8,0,1,1,12.8,Helsinki,Apartment,0,1,District heating,Good,0,C,304
48,2,0,1,1,1,0,1,1,1.3,Turku,Apartment,0,1,District heating,New,0,A,146
88,4,0,0,1,29,1,1,1,7.5,Lahti,Detached house,1,1,Air-source heat pump,Excellent,1350,C,131
99,4,0,0,1,37,0,1,1,7.9,Espoo,Apartment,0,0,District heating,Needs renovation,0,E,219
30,1,0,1,0,18,0,1,1,1.3,Helsinki,Apartment,0,1,District heating,Fair,0,D,124
72,2,2,0,1,32,0,1,1,1.1,Jyväskylä,Apartment,0,1,District heating,Good,0,C,139
124,5,0,0,1,49,1,1,1,26.8,Lahti,Detached house,0,1,Electric heating,Fair,2090,F,86
51,3,0,1,1,33,0,1,1,4.2,Oulu,Apartment,0,0,Air-source heat pump,Good,0,E,83
32,1,1,1,1,36,0,1,1,7.6,Vantaa,Apartment,0,0,District heating,Good,0,C,97
104,5,2,1,1,4,0,2,3,5.7,Vantaa,Apartment,0,1,District heating,Fair,0,B,290
101,3,0,0,1,16,1,2,2,7.1,Helsinki,Terraced house,0,1,Electric heating,Good,345,D,489
122,4,2,1,1,11,0,2,2,2.0,Tampere,Apartment,0,1,District heating,Needs renovation,0,D,308
32,2,0,0,1,22,0,1,1,4.1,Tampere,Apartment,0,0,District heating,Good,0,C,94
55,2,1,0,1,60,0,1,1,1.1,Jyväskylä,Apartment,0,0,District heating,Fair,0,E,105
41,1,3,0,1,5,0,1,1,3.4,Helsinki,Apartment,0,0,District heating,Excellent,0,B,222
131,5,2,1,1,15,0,1,2,2.7,Tampere,Apartment,0,1,District heating,Good,0,C,373
57,2,3,1,1,11,0,1,1,6.0,Tampere,Apartment,0,1,District heating,Fair,0,B,163
48,2,0,0,0,69,0,1,1,5.8,Kuopio,Apartment,0,0,District heating,Needs renovation,0,G,48
139,6,0,0,1,25,1,2,2,4.9,Jyväskylä,Detached house,1,1,Electric heating,Good,1845,C,267
99,5,0,0,1,5,1,2,2,10.2,Tampere,Terraced house,0,0,Electric heating,Fair,485,D,201
82,2,0,1,1,26,0,1,1,4.3,Tampere,Terraced house,0,1,District heating,Good,220,C,197
116,4,0,0,2,5,1,2,2,17.0,Helsinki,Detached house,0,1,Air-source heat pump,New,2175,A,617
65,3,4,0,1,63,0,1,1,6.2,Helsinki,Apartment,0,0,District heating,Needs renovation,0,E,195
93,3,1,0,1,30,0,2,2,9.8,Vantaa,Apartment,0,1,District heating,Fair,0,E,185
36,1,0,1,1,66,0,1,1,8.7,Helsinki,Apartment,0,0,District heating,Fair,0,E,117
140,5,0,1,1,45,1,2,3,11.3,Espoo,Detached house,1,1,Oil heating,Good,1420,E,580
116,4,3,0,1,0,0,1,2,4.7,Turku,Apartment,0,1,District heating,New,0,B,334
104,4,0,0,2,54,1,1,2,3.6,Pori,Detached house,1,0,Electric heating,Needs renovation,1450,E,89
83,4,12,1,1,80,0,1,2,13.2,Espoo,Apartment,0,1,District heating,Needs renovation,0,G,194
24,1,1,1,0,3,0,1,1,8.3,Vantaa,Apartment,0,1,District heating,Excellent,0,B,77
56,2,1,0,0,44,0,1,1,2.7,Helsinki,Apartment,0,0,District heating,Needs renovation,0,E,172
96,4,2,1,0,27,0,1,1,7.8,Tampere,Apartment,0,1,District heating,Good,0,D,212
87,4,0,0,1,33,0,2,2,5.8,Lahti,Apartment,0,1,District heating,Good,0,D,124
45,2,1,0,1,3,0,1,1,4.7,Espoo,Apartment,0,1,District heating,Excellent,0,B,184
73,3,2,0,0,43,0,1,1,6.4,Helsinki,Apartment,0,1,Air-source heat pump,Excellent,0,D,297
65,2,4,1,1,13,0,1,1,4.0,Lahti,Apartment,0,1,District heating,Fair,0,C,119
58,3,3,1,0,32,0,1,1,13.5,Helsinki,Apartment,0,0,District heating,Excellent,0,D,161
26,1,0,1,0,6,0,1,1,2.4,Helsinki,Apartment,0,1,District heating,Needs renovation,0,C,101
66,3,1,1,0,0,0,2,2,1.0,Oulu,Apartment,0,1,District heating,New,0,A,177
40,2,1,1,0,3,0,1,1,2.4,Helsinki,Apartment,0,1,District heating,Excellent,0,A,232
122,5,0,1,1,0,1,1,1,5.4,Lahti,Detached house,1,1,District heating,Excellent,2135,A,204
67,4,0,0,1,1,1,1,1,12.9,Helsinki,Apartment,0,1,District heating,New,0,B,271
45,2,0,0,0,75,0,1,1,3.1,Turku,Apartment,0,0,District heating,Good,0,F,77
86,4,0,0,2,31,1,1,1,10.0,Lahti,Detached house,0,1,Geothermal,Fair,1060,D,106
77,3,4,1,1,59,0,1,1,8.8,Kuopio,Apartment,0,1,District heating,Excellent,0,E,104
112,5,0,0,2,60,1,1,2,8.9,Lahti,Detached house,1,1,District heating,Needs renovation,1335,E,120
38,2,2,1,1,5,0,1,1,1.0,Jyväskylä,Apartment,0,1,District heating,Good,0,C,98
99,4,0,0,1,53,1,2,2,4.5,Helsinki,Terraced house,0,1,Electric heating,Good,435,E,448
110,4,2,1,1,10,0,1,1,2.1,Pori,Apartment,1,1,District heating,Good,0,C,150
97,3,4,0,1,18,0,1,1,2.9,Espoo,Apartment,0,1,Electric heating,Good,0,C,349
37,1,4,1,1,5,0,1,1,4.0,Oulu,Apartment,0,0,District heating,Excellent,0,A,97
136,6,0,1,1,7,1,2,2,3.8,Jyväskylä,Detached house,1,1,District heating,Excellent,2000,C,316
55,3,1,0,1,43,0,2,2,2.4,Helsinki,Apartment,0,1,District heating,Needs renovation,0,E,196
124,5,0,1,3,27,1,2,3,9.8,Jyväskylä,Detached house,1,1,Geothermal,Good,1200,D,267
109,4,0,0,0,59,0,1,1,5.2,Tampere,Apartment,0,1,District heating,Fair,0,F,181
50,2,1,0,1,39,0,1,1,4.1,Turku,Apartment,0,1,Air-source heat pump,Good,0,B,118
83,3,4,1,1,10,0,1,1,4.5,Vantaa,Apartment,0,1,District heating,Fair,0,C,224
65,3,2,0,1,67,0,1,1,2.6,Jyväskylä,Apartment,0,1,District heating,Needs renovation,0,F,91
33,2,6,1,1,52,0,1,1,13.4,Espoo,Apartment,0,1,District heating,Fair,0,E,107
80,5,0,0,2,4,1,1,1,5.7,Turku,Semi-detached house,0,1,Wood heating,Excellent,615,C,198
117,5,0,0,2,10,1,2,2,14.3,Espoo,Detached house,1,1,Geothermal,Fair,1000,C,463
67,3,0,1,1,16,1,1,1,5.5,Espoo,Terraced house,1,1,District heating,Excellent,590,B,363
103,3,3,0,1,28,0,2,3,3.7,Tampere,Apartment,0,1,District heating,Excellent,0,B,264
67,2,5,0,1,16,0,1,1,1.4,Jyväskylä,Apartment,0,1,District heating,Fair,0,C,163
66,2,2,1,1,49,0,1,1,1.3,Turku,Apartment,0,1,District heating,Needs renovation,0,F,102
94,4,0,1,1,18,1,2,2,5.2,Kuopio,Semi-detached house,0,1,Electric heating,Fair,715,B,136
91,4,0,1,1,5,0,1,2,2.4,Tampere,Apartment,0,0,District heating,Excellent,0,A,283
48,3,1,0,1,11,0,1,1,2.3,Tampere,Apartment,0,1,District heating,Fair,0,B,140
111,5,0,0,1,32,1,2,2,10.6,Jyväskylä,Detached house,1,1,Air-source heat pump,Needs renovation,1215,E,145
26,1,7,1,1,14,0,1,1,2.8,Helsinki,Apartment,0,1,District heating,Fair,0,C,150
83,4,0,1,1,0,1,1,2,19.7,Vantaa,Apartment,1,1,District heating,New,0,A,224
31,2,0,1,1,47,0,1,1,1.7,Turku,Apartment,0,1,District heating,Fair,0,E,64
100,4,0,0,1,75,0,1,2,5.4,Turku,Apartment,0,1,District heating,Needs renovation,0,G,121
61,3,0,0,1,34,0,1,1,4.1,Jyväskylä,Apartment,0,0,District heating,Fair,0,D,100
175,7,0,0,3,38,1,3,4,3.5,Kuopio,Detached house,1,1,Geothermal,Fair,1685,E,284
72,3,0,0,2,21,1,1,1,1.9,Turku,Terraced house,0,1,Geothermal,Good,175,C,173
66,2,4,0,0,28,0,1,1,1.6,Tampere,Apartment,0,1,District heating,Excellent,0,C,192
69,3,0,0,1,21,1,1,1,6.9,Tampere,Terraced house,0,1,Geothermal,Excellent,295,B,220
71,2,9,0,1,3,0,1,1,7.8,Helsinki,Apartment,0,1,District heating,Good,0,C,333
33,2,0,0,1,36,1,1,1,2.3,Jyväskylä,Apartment,0,1,District heating,Fair,0,C,68
44,2,0,1,0,40,0,1,1,3.8,Oulu,Apartment,0,0,District heating,Good,0,D,70
62,2,0,1,1,16,0,1,1,1.0,Helsinki,Apartment,0,1,District heating,Excellent,0,B,315
43,1,1,0,1,33,0,1,1,9.0,Helsinki,Apartment,0,0,District heating,Needs renovation,0,E,136
118,5,0,1,2,20,0,1,1,16.9,Vantaa,Terraced house,1,1,District heating,Fair,400,E,252
62,3,3,1,0,86,0,1,1,11.1,Vantaa,Apartment,0,0,District heating,Fair,0,G,90
61,3,4,1,1,4,0,1,1,2.6,Oulu,Apartment,0,1,District heating,New,0,A,167
49,2,0,1,1,0,0,1,1,2.5,Oulu,Apartment,0,1,District heating,New,0,A,127
58,2,2,0,0,15,0,1,2,2.9,Espoo,Apartment,0,1,District heating,Needs renovation,0,D,158
43,2,4,0,1,32,0,1,1,7.4,Espoo,Apartment,0,0,District heating,Fair,0,E,145
41,2,0,1,1,6,0,1,1,8.9,Espoo,Apartment,0,1,District heating,Good,0,B,150
33,1,0,0,0,88,0,1,1,3.3,Turku,Apartment,0,0,District heating,Good,0,E,58
53,2,0,0,0,16,0,1,1,16.6,Espoo,Apartment,0,1,Air-source heat pump,Good,0,A,153
73,2,4,0,1,22,0,1,1,6.4,Turku,Apartment,0,0,District heating,Needs renovation,0,D,140
84,3,0,0,0,48,0,1,1,2.4,Helsinki,Apartment,1,1,District heating,Needs renovation,0,E,245
58,2,2,0,1,27,0,1,1,6.6,Helsinki,Apartment,0,1,District heating,Good,0,D,242
78,4,0,0,1,58,1,2,2,26.6,Kuopio,Detached house,0,0,District heating,Fair,3145,F,94
45,2,5,0,1,50,0,1,1,4.5,Helsinki,Apartment,0,0,District heating,Needs renovation,0,F,152
113,5,0,1,3,5,1,1,2,7.7,Oulu,Terraced house,1,0,Electric heating,Excellent,445,B,252
103,4,0,1,1,33,1,2,2,3.7,Helsinki,Terraced house,0,1,Electric heating,Good,310,D,400
152,6,0,0,2,45,1,2,2,28.9,Espoo,Detached house,1,1,Oil heating,Needs renovation,1800,F,302
58,3,1,1,1,22,0,1,1,5.5,Turku,Apartment,0,0,Geothermal,Good,0,C,149
125,4,4,0,1,22,0,2,3,1.4,Turku,Apartment,0,1,District heating,Needs renovation,0,B,285
100,4,1,1,1,33,0,2,2,2.7,Turku,Apartment,0,1,District heating,Good,0,C,240
140,6,0,0,1,68,1,2,2,2.2,Pori,Detached house,1,1,Wood heating,Good,1325,F,161
101,5,0,0,1,24,1,1,2,7.0,Jyväskylä,Apartment,0,1,District heating,Excellent,0,D,176
76,2,0,0,1,68,0,1,1,2.3,Pori,Apartment,0,0,District heating,Good,0,F,74
66,2,1,1,0,13,0,1,1,3.8,Espoo,Apartment,0,1,District heating,Good,0,B,234
38,1,6,1,1,19,0,1,1,4.8,Helsinki,Apartment,0,1,District heating,Fair,0,D,161
67,2,0,0,0,53,0,1,1,3.1,Tampere,Apartment,0,1,Electric heating,Fair,0,E,138
78,3,1,1,1,7,0,1,2,9.6,Tampere,Apartment,0,1,District heating,Good,0,C,185
53,3,7,0,0,12,0,1,1,8.8,Espoo,Apartment,0,1,District heating,Fair,0,D,153
54,3,0,0,0,35,0,1,1,2.7,Helsinki,Apartment,0,1,Electric heating,Good,0,D,204
186,8,0,1,2,3,1,3,3,6.3,Lahti,Detached house,1,1,Electric heating,Excellent,980,B,306
54,2,0,1,1,3,1,1,1,7.3,Helsinki,Apartment,0,1,District heating,Excellent,0,C,270
45,2,0,0,1,18,0,1,1,6.2,Tampere,Apartment,0,1,District heating,Fair,0,D,108
113,4,0,1,2,5,1,2,2,2.7,Pori,Detached house,0,1,Air-source heat pump,New,1155,B,200
82,4,0,1,0,32,0,1,1,4.5,Tampere,Apartment,1,0,Electric heating,Fair,0,D,176
116,5,2,1,0,32,0,2,2,1.4,Helsinki,Apartment,0,1,District heating,Excellent,0,C,530
44,2,3,0,0,31,0,1,1,4.2,Tampere,Apartment,0,1,District heating,Good,0,D,109
102,4,1,1,0,58,0,1,1,1.9,Turku,Apartment,1,1,District heating,Needs renovation,0,E,145
65,3,0,0,1,22,0,1,1,5.3,Vantaa,Apartment,0,1,District heating,Excellent,0,B,188
55,2,2,0,0,95,0,1,1,0.6,Turku,Apartment,0,1,District heating,Fair,0,F,99
89,4,0,0,3,4,1,1,1,1.8,Lahti,Detached house,0,0,Air-source heat pump,Excellent,2625,A,209
141,6,0,1,2,43,1,2,3,9.6,Oulu,Detached house,1,1,Geothermal,Fair,2545,E,248
101,3,0,0,0,42,0,2,3,7.5,Helsinki,Apartment,0,1,District heating,Fair,0,E,286
109,4,0,1,1,8,1,2,2,2.4,Lahti,Terraced house,1,1,District heating,Good,390,C,202
100,4,1,0,1,9,0,2,2,4.1,Oulu,Apartment,0,1,District heating,Excellent,0,B,230
44,2,3,1,0,18,0,1,1,3.4,Tampere,Apartment,0,1,District heating,Good,0,C,135
64,2,2,0,1,8,0,1,1,5.4,Lahti,Apartment,0,1,District heating,Fair,0,C,99
52,2,0,0,0,40,0,1,1,3.6,Helsinki,Apartment,0,1,District heating,Excellent,0,C,198
123,4,0,0,1,3,1,2,3,3.2,Jyväskylä,Detached house,0,1,District heating,Excellent,1420,C,299
90,3,3,1,1,27,0,1,1,1.5,Oulu,Apartment,0,1,District heating,Good,0,B,185
103,4,0,0,1,54,1,2,2,15.9,Espoo,Detached house,1,1,Oil heating,Good,765,F,273
76,3,0,0,1,48,0,1,2,0.9,Turku,Apartment,0,0,District heating,Needs renovation,0,E,119
99,4,0,0,1,57,1,1,2,5.4,Turku,Terraced house,0,0,Electric heating,Needs renovation,720,G,151
88,3,0,1,1,10,1,2,2,15.1,Espoo,Semi-detached house,0,1,Air-source heat pump,Good,690,D,313
74,4,3,0,1,13,0,1,1,3.4,Vantaa,Apartment,0,1,District heating,Excellent,0,B,234
39,1,0,0,1,84,0,1,1,3.1,Turku,Apartment,0,0,District heating,Good,0,G,80
71,3,3,0,1,14,0,1,1,12.1,Helsinki,Apartment,0,1,District heating,Good,0,C,272
44,1,6,0,0,22,0,1,1,1.4,Turku,Apartment,0,1,Air-source heat pump,Excellent,0,C,116
53,2,0,1,1,28,0,1,1,1.2,Oulu,Apartment,0,0,Geothermal,Good,0,C,110
120,5,0,1,2,5,1,2,2,6.0,Tampere,Detached house,0,1,Electric heating,Good,610,C,286
125,5,2,0,1,15,0,2,2,3.8,Jyväskylä,Apartment,1,1,District heating,Fair,0,C,236
43,2,3,0,1,14,0,1,1,20.1,Espoo,Apartment,0,1,District heating,Fair,0,D,124
38,1,6,1,0,4,0,1,1,8.4,Vantaa,Apartment,0,1,Electric heating,Good,0,B,116
40,1,1,0,1,33,0,1,1,2.1,Kuopio,Apartment,0,0,District heating,Fair,0,E,62
82,3,1,1,1,29,0,1,2,5.0,Oulu,Apartment,0,1,District heating,Excellent,0,D,158
77,3,0,1,1,24,0,1,2,8.6,Vantaa,Apartment,1,0,District heating,Good,0,C,184
101,3,2,1,1,22,0,1,1,1.0,Lahti,Apartment,0,1,District heating,Excellent,0,C,182
65,3,6,0,1,20,0,1,1,4.6,Helsinki,Apartment,0,1,Electric heating,Good,0,D,295
36,2,1,0,2,40,0,1,1,0.8,Turku,Apartment,0,0,District heating,Good,0,C,96
137,6,0,0,2,34,0,1,1,7.2,Helsinki,Detached house,1,1,Electric heating,Needs renovation,400,E,455
50,2,2,1,1,11,0,1,1,8.5,Vantaa,Apartment,0,0,Geothermal,Excellent,0,B,147
101,4,0,0,0,57,1,2,2,2.3,Jyväskylä,Detached house,0,0,Wood heating,Fair,895,G,153
76,3,2,1,1,34,0,2,2,2.3,Lahti,Apartment,0,1,District heating,Good,0,D,120
47,2,1,0,1,25,0,1,1,1.2,Turku,Apartment,0,1,District heating,Needs renovation,0,D,103
26,1,2,1,0,40,0,1,1,1.6,Tampere,Apartment,1,0,District heating,Fair,0,D,78
31,2,5,1,1,12,0,1,1,5.2,Tampere,Apartment,0,1,District heating,Fair,0,B,83
119,6,2,1,0,19,0,1,1,5.0,Helsinki,Apartment,0,1,Electric heating,Excellent,0,B,476
99,4,2,0,1,19,0,1,1,2.4,Turku,Apartment,1,1,District heating,Fair,0,D,209
61,2,3,1,1,26,0,1,1,3.0,Kuopio,Apartment,0,1,District heating,Good,0,B,115
29,1,1,0,1,17,0,1,1,8.4,Kuopio,Apartment,0,1,District heating,Good,0,B,59
80,4,1,0,0,38,0,2,2,21.9,Vantaa,Apartment,0,1,District heating,Good,0,D,145
68,2,1,0,0,46,0,1,1,8.7,Vantaa,Apartment,1,1,District heating,Fair,0,D,143
38,2,4,0,1,94,0,1,1,1.3,Turku,Apartment,0,1,Geothermal,Fair,0,F,93
68,3,0,0,1,28,1,1,1,2.1,Turku,Terraced house,0,1,Air-source heat pump,Good,230,B,168
163,6,0,1,1,18,1,2,4,8.6,Espoo,Semi-detached house,1,1,District heating,Fair,335,B,481
131,6,0,0,1,5,1,2,3,5.8,Kuopio,Terraced house,1,1,District heating,Good,450,B,252
53,2,0,0,1,35,0,1,1,2.1,Lahti,Apartment,0,0,District heating,Fair,0,E,81
45,2,2,1,0,16,0,1,1,3.6,Tampere,Apartment,0,1,District heating,Good,0,C,137
52,3,1,0,1,79,0,2,2,3.7,Jyväskylä,Apartment,0,1,District heating,Needs renovation,0,G,78
40,2,5,1,1,34,0,1,1,8.4,Espoo,Apartment,0,1,District heating,Needs renovation,0,D,110
47,2,1,0,0,24,0,1,1,4.0,Tampere,Apartment,0,0,District heating,Good,0,D,119
143,4,0,1,2,16,1,2,3,13.3,Oulu,Detached house,1,1,Geothermal,Good,1940,C,256
112,4,4,0,1,53,0,2,3,2.2,Turku,Apartment,1,0,District heating,Needs renovation,0,E,209
70,3,0,1,3,4,1,2,3,8.4,Oulu,Terraced house,1,1,District heating,Excellent,740,B,175
82,4,0,0,2,26,0,1,1,7.0,Espoo,Apartment,0,1,District heating,Needs renovation,0,D,238
69,3,3,1,1,11,0,1,1,1.5,Turku,Apartment,0,1,District heating,Excellent,0,C,197
62,2,0,0,1,95,1,1,1,9.4,Oulu,Terraced house,0,0,Air-source heat pump,Good,350,E,97
85,4,0,0,1,22,1,1,1,10.6,Helsinki,Terraced house,1,1,Air-source heat pump,Excellent,260,A,414
120,3,0,1,1,24,1,2,2,7.6,Tampere,Detached house,1,1,District heating,Good,610,D,273
77,3,0,1,3,26,1,2,2,8.3,Jyväskylä,Detached house,0,1,Electric heating,Fair,845,F,120
42,2,3,0,1,40,0,1,1,7.5,Espoo,Apartment,0,0,District heating,Needs renovation,0,F,126
95,4,0,1,1,18,1,2,2,9.6,Jyväskylä,Detached house,0,1,District heating,Excellent,1375,B,216
114,4,3,0,1,34,0,2,3,3.5,Tampere,Apartment,0,1,Electric heating,Needs renovation,0,D,234
28,1,3,0,0,19,0,1,1,5.5,Helsinki,Apartment,0,1,District heating,Good,0,D,117
66,2,2,1,1,7,0,1,1,8.4,Lahti,Apartment,0,1,District heating,Good,0,B,106
150,7,0,0,2,12,1,3,4,14.0,Vantaa,Detached house,1,1,District heating,Good,875,C,408
48,2,2,0,0,27,0,1,1,7.5,Espoo,Apartment,0,1,Electric heating,Needs renovation,0,D,130
127,5,2,1,1,30,0,2,2,13.3,Vantaa,Apartment,0,1,District heating,Fair,0,D,234
46,2,0,0,0,3,0,1,1,4.2,Helsinki,Apartment,0,0,Electric heating,Excellent,0,B,216
65,3,4,1,0,5,0,1,1,5.4,Helsinki,Apartment,0,1,District heating,Excellent,0,B,285
81,4,0,1,1,34,0,1,2,3.2,Oulu,Apartment,0,1,District heating,Fair,0,D,140
100,5,4,0,0,42,0,1,1,8.6,Helsinki,Apartment,0,0,District heating,Good,0,D,313
66,2,2,0,0,42,0,1,1,8.6,Helsinki,Apartment,0,1,District heating,Excellent,0,C,207
65,2,2,0,0,18,0,1,2,11.8,Helsinki,Apartment,0,0,District heating,Good,0,C,194
72,4,0,1,1,2,1,1,1,2.4,Oulu,Terraced house,1,1,Air-source heat pump,Excellent,245,A,167
84,2,0,1,2,39,1,1,2,11.9,Espoo,Semi-detached house,1,1,District heating,Fair,570,D,261
46,3,1,0,0,19,0,1,1,3.8,Helsinki,Apartment,0,1,District heating,Good,0,C,202
50,3,0,0,1,5,0,1,1,4.8,Jyväskylä,Apartment,0,1,District heating,Excellent,0,B,104
174,7,0,0,3,16,1,2,3,25.9,Espoo,Detached house,1,1,Electric heating,Good,1645,B,503
61,2,2,0,1,23,0,1,1,12.1,Espoo,Apartment,0,1,District heating,Good,0,D,180
52,2,8,0,1,16,0,1,1,2.5,Tampere,Apartment,0,1,Electric heating,Good,0,B,167
93,4,0,1,0,34,0,2,2,6.2,Helsinki,Apartment,0,1,District heating,Excellent,0,C,331
45,2,0,0,1,1,0,1,1,5.7,Helsinki,Apartment,0,1,District heating,Excellent,0,B,219
34,2,1,0,1,36,0,1,1,3.5,Espoo,Apartment,0,1,District heating,Needs renovation,0,E,103
85,3,0,1,1,8,1,2,2,29.7,Espoo,Terraced house,0,1,District heating,Excellent,560,A,320
89,4,0,0,2,89,1,2,2,11.5,Helsinki,Detached house,1,1,Electric heating,Fair,695,G,292
51,2,0,0,2,61,1,1,1,8.2,Turku,Terraced house,0,0,Electric heating,Needs renovation,405,F,80
84,4,1,1,0,22,0,1,1,5.0,Espoo,Apartment,1,0,District heating,Fair,0,D,301
102,5,0,0,0,7,1,1,1,8.5,Jyväskylä,Terraced house,0,1,District heating,Excellent,285,B,191
95,3,0,1,2,58,0,3,3,12.7,Helsinki,Semi-detached house,1,1,Wood heating,Fair,620,F,307
81,3,1,1,1,37,0,1,1,2.7,Kuopio,Apartment,0,0,District heating,Good,0,E,127
81,3,1,0,1,38,0,1,2,6.9,Espoo,Apartment,0,0,District heating,Fair,0,E,227
78,4,0,0,2,80,1,1,2,6.0,Jyväskylä,Detached house,0,1,Electric heating,Excellent,1625,F,175
49,3,9,0,1,38,0,1,1,1.8,Helsinki,Apartment,0,1,District heating,Fair,0,D,246
116,4,0,0,1,18,1,2,2,11.5,Helsinki,Detached house,0,1,Electric heating,Fair,550,C,446
60,3,0,0,2,38,1,1,1,6.3,Vantaa,Terraced house,0,1,Electric heating,Fair,160,E,140
117,5,0,1,2,12,1,2,2,4.8,Tampere,Detached house,0,1,Electric heating,Fair,805,D,309
60,3,5,0,1,17,0,1,1,2.0,Turku,Apartment,0,1,District heating,Fair,0,C,150
85,4,0,1,0,3,1,2,2,18.0,Tampere,Semi-detached house,1,1,Electric heating,New,410,B,214
67,3,0,0,1,95,0,1,1,4.5,Pori,Apartment,0,1,Electric heating,Excellent,0,E,65
65,3,7,1,0,25,0,1,1,5.3,Tampere,Apartment,0,1,Electric heating,Needs renovation,0,D,129
91,4,4,0,0,40,0,1,1,8.2,Vantaa,Apartment,0,1,District heating,Good,0,D,196
30,1,0,0,0,44,0,1,1,2.7,Helsinki,Apartment,0,0,District heating,Good,0,D,102
74,2,2,0,1,57,0,1,1,5.7,Helsinki,Apartment,1,0,District heating,Excellent,0,D,275
31,2,1,1,1,7,0,1,1,6.9,Tampere,Apartment,0,1,District heating,Excellent,0,A,100
79,3,3,1,0,56,0,2,2,2.2,Tampere,Apartment,0,1,District heating,Good,0,E,203
93,4,1,1,0,45,0,1,1,4.2,Espoo,Apartment,0,0,Electric heating,Excellent,0,E,263
55,2,5,1,1,32,0,1,1,6.8,Oulu,Apartment,0,0,Air-source heat pump,Fair,0,D,103
176,7,0,1,3,17,1,3,3,5.1,Turku,Detached house,0,1,Air-source heat pump,Good,1355,B,405
99,4,6,1,1,3,0,2,2,6.3,Helsinki,Apartment,0,1,District heating,Good,0,C,447
52,3,5,0,1,28,0,1,1,5.8,Kuopio,Apartment,0,1,Air-source heat pump,Needs renovation,0,D,83
87,4,0,0,1,69,1,2,2,8.0,Helsinki,Semi-detached house,0,1,District heating,Good,420,F,349
46,2,0,0,0,61,0,1,1,1.9,Helsinki,Apartment,0,1,District heating,Needs renovation,0,F,131
90,4,5,1,1,65,0,1,1,18.0,Vantaa,Apartment,0,0,District heating,Fair,0,E,139
133,5,0,1,1,2,0,2,2,4.0,Jyväskylä,Semi-detached house,1,1,Electric heating,New,490,B,315
43,2,4,0,1,13,0,1,1,7.0,Espoo,Apartment,0,1,Air-source heat pump,Good,0,B,185
74,3,0,1,2,22,1,1,1,20.0,Vantaa,Detached house,1,1,Air-source heat pump,Good,820,C,189
50,2,5,1,1,23,0,1,1,14.3,Espoo,Apartment,0,0,District heating,Fair,0,C,158
124,5,0,1,1,6,1,2,3,21.6,Vantaa,Detached house,0,1,Air-source heat pump,Excellent,1185,A,340
85,3,0,0,2,4,1,1,1,2.0,Kuopio,Terraced house,1,0,District heating,Fair,360,B,166
49,2,2,0,1,9,0,1,1,3.0,Vantaa,Apartment,0,1,District heating,Good,0,C,145
55,2,1,0,1,27,0,1,1,0.7,Jyväskylä,Apartment,0,1,District heating,Good,0,C,132
77,3,3,0,1,2,0,1,2,6.8,Helsinki,Apartment,0,1,District heating,New,0,B,434
63,4,0,0,1,47,1,1,1,6.5,Helsinki,Terraced house,0,1,District heating,Excellent,170,D,297
62,2,0,1,1,2,1,1,1,5.7,Kuopio,Terraced house,1,0,Air-source heat pump,Excellent,555,B,125
83,5,0,0,0,38,0,2,3,2.1,Tampere,Apartment,0,1,District heating,Good,0,D,202
87,4,4,1,1,1,0,1,2,3.3,Jyväskylä,Apartment,0,0,Geothermal,New,0,A,223
97,4,1,1,0,19,0,1,1,3.4,Turku,Apartment,0,1,District heating,Good,0,C,210
76,3,0,1,3,33,1,1,1,8.4,Kuopio,Detached house,0,1,Electric heating,Fair,2020,D,142
55,2,2,0,1,32,0,1,1,1.5,Tampere,Apartment,0,0,Electric heating,Good,0,C,165
44,1,1,0,0,38,0,1,1,3.8,Helsinki,Apartment,0,1,District heating,Good,0,C,165
64,3,0,0,1,31,0,1,1,1.6,Lahti,Apartment,0,0,Air-source heat pump,Excellent,0,C,104
101,4,0,1,2,22,0,2,2,8.7,Espoo,Terraced house,0,1,Oil heating,Good,255,C,396
50,2,3,0,1,39,0,1,1,2.1,Tampere,Apartment,0,1,Electric heating,Excellent,0,D,150
151,6,0,1,2,32,1,2,2,2.1,Pori,Detached house,1,1,Geothermal,Needs renovation,1330,D,179
80,4,7,1,0,1,0,1,1,7.6,Jyväskylä,Apartment,0,1,District heating,Excellent,0,B,166
100,5,0,0,3,45,1,2,2,4.7,Pori,Detached house,1,0,Electric heating,Excellent,1135,F,137
79,3,0,1,1,31,1,2,3,7.7,Vantaa,Detached house,1,1,Air-source heat pump,Good,810,C,277
68,3,0,1,2,16,1,1,1,3.4,Turku,Terraced house,1,1,District heating,Good,245,B,169
89,3,0,1,1,3,1,2,2,1.9,Helsinki,Terraced house,1,1,Electric heating,Excellent,250,A,535
84,3,0,1,1,30,1,2,2,9.4,Vantaa,Semi-detached house,0,1,Geothermal,Fair,780,D,232
222,9,0,0,1,5,1,3,4,5.4,Turku,Detached house,1,1,Air-source heat pump,Fair,875,C,442
115,4,0,1,2,35,0,1,1,7.0,Helsinki,Terraced house,0,1,District heating,Good,195,D,415
99,3,0,0,1,29,1,2,2,5.7,Tampere,Terraced house,1,1,District heating,Fair,185,E,206
78,2,0,0,0,14,1,1,1,7.8,Espoo,Terraced house,1,1,District heating,Good,335,D,283
68,3,3,0,1,19,0,1,1,7.3,Vantaa,Apartment,0,1,Geothermal,Good,0,C,188
55,3,0,0,1,8,0,1,1,1.3,Kuopio,Apartment,0,1,District heating,Fair,0,C,105
41,2,2,0,1,32,0,1,1,3.3,Vantaa,Apartment,0,1,District heating,Good,0,C,108
40,2,3,1,1,39,0,1,1,7.9,Vantaa,Apartment,0,0,District heating,Fair,0,D,101
125,4,4,0,1,12,0,2,2,4.4,Espoo,Apartment,0,1,District heating,Good,0,C,483
39,1,6,0,0,0,0,1,1,2.6,Turku,Apartment,0,1,District heating,New,0,A,120
120,5,0,0,1,87,1,2,2,7.4,Oulu,Detached house,1,1,Oil heating,Needs renovation,1120,G,157
53,2,2,0,0,38,0,1,1,1.3,Helsinki,Apartment,0,1,District heating,Needs renovation,0,E,187
47,3,0,1,0,47,0,1,1,4.5,Helsinki,Apartment,0,1,District heating,Excellent,0,D,185
53,2,3,1,1,2,0,1,1,5.6,Oulu,Apartment,0,1,District heating,New,0,B,131
110,3,0,0,1,24,0,1,1,8.7,Vantaa,Apartment,0,1,District heating,Good,0,C,215
107,4,0,0,1,71,1,2,2,3.9,Helsinki,Terraced house,0,1,Air-source heat pump,Good,465,D,477
94,4,9,0,1,33,0,1,1,5.8,Helsinki,Apartment,0,1,Oil heating,Good,0,D,352
82,2,0,0,0,0,0,1,1,9.9,Espoo,Terraced house,0,0,Geothermal,Excellent,280,B,297
65,3,0,1,2,7,0,1,1,2.3,Lahti,Terraced house,0,1,Air-source heat pump,Excellent,285,A,138
60,2,4,0,1,19,0,1,1,3.5,Helsinki,Apartment,0,1,District heating,Fair,0,D,305
97,4,9,0,1,47,0,1,1,3.7,Helsinki,Apartment,0,1,Electric heating,Good,0,E,339
91,4,2,0,1,3,0,1,1,2.5,Kuopio,Apartment,0,1,District heating,Excellent,0,B,205
100,3,3,0,0,20,0,1,1,9.4,Helsinki,Apartment,1,0,District heating,Needs renovation,0,C,264
111,5,0,1,2,23,1,2,2,4.7,Jyväskylä,Semi-detached house,0,1,Air-source heat pump,Good,1075,D,248
70,3,9,1,0,11,0,1,1,1.3,Helsinki,Apartment,0,0,District heating,Excellent,0,B,359
130,5,0,1,1,11,1,1,2,17.2,Vantaa,Detached house,1,1,District heating,Fair,2075,C,348
96,3,3,0,1,57,0,2,2,17.8,Helsinki,Apartment,1,1,District heating,Fair,0,E,203
61,3,1,0,1,14,0,1,1,4.9,Pori,Apartment,0,1,District heating,Good,0,C,87
74,3,5,0,1,44,0,1,1,24.5,Espoo,Apartment,0,0,District heating,Good,0,C,163
59,2,2,0,1,70,0,1,1,2.3,Vantaa,Apartment,0,1,District heating,Fair,0,F,129
66,2,2,0,0,15,0,1,1,5.5,Helsinki,Apartment,0,1,District heating,Fair,0,B,281
42,2,1,1,0,32,0,1,1,3.8,Tampere,Apartment,0,1,Geothermal,Excellent,0,C,114
70,3,0,1,1,34,1,1,1,2.3,Jyväskylä,Terraced house,0,1,Electric heating,Fair,175,E,117
70,3,0,0,1,31,0,1,1,3.4,Oulu,Apartment,0,0,District heating,Fair,0,D,103
115,5,0,1,2,26,1,2,2,5.7,Lahti,Detached house,0,1,Air-source heat pump,Good,680,C,160
99,4,0,1,0,32,1,2,2,19.6,Helsinki,Semi-detached house,0,0,Electric heating,Good,560,D,324
105,4,1,0,1,8,0,1,1,6.6,Vantaa,Apartment,0,1,District heating,Good,0,C,281
126,5,0,1,2,26,1,2,2,6.0,Kuopio,Detached house,1,1,Electric heating,Good,1145,D,221
211,9,0,1,2,12,1,3,4,6.2,Jyväskylä,Detached house,1,1,District heating,Fair,1565,C,461
22,1,2,1,1,33,0,1,1,3.7,Kuopio,Apartment,0,1,District heating,Good,0,D,48
47,2,1,0,1,35,0,1,1,3.1,Tampere,Apartment,0,0,Air-source heat pump,Fair,0,E,118
141,6,0,1,1,53,1,2,3,6.3,Espoo,Detached house,1,1,Oil heating,Good,1685,E,501
53,3,1,1,0,4,0,1,1,1.4,Pori,Apartment,0,1,Geothermal,Excellent,0,A,89
37,2,4,1,0,56,0,1,1,1.3,Tampere,Apartment,0,1,District heating,Fair,0,E,98
42,1,1,0,1,36,0,1,1,11.1,Espoo,Apartment,0,0,District heating,Fair,0,D,122
27,1,1,0,0,61,0,1,1,7.0,Helsinki,Apartment,0,1,District heating,Good,0,E,91
51,2,1,0,0,30,0,1,1,8.2,Helsinki,Apartment,0,0,District heating,Good,0,D,170
107,5,0,0,1,7,0,2,3,4.4,Oulu,Detached house,0,0,Electric heating,Excellent,845,B,233
123,3,0,1,1,22,1,3,3,5.3,Oulu,Detached house,0,1,Oil heating,Fair,2110,F,224
25,1,1,0,1,17,0,1,1,8.1,Tampere,Apartment,0,0,District heating,Good,0,B,73
76,3,2,0,0,43,0,1,1,2.2,Tampere,Apartment,1,0,District heating,Good,0,D,175
50,2,4,0,0,43,0,1,1,2.2,Helsinki,Apartment,0,1,Electric heating,Excellent,0,C,205
67,2,0,1,1,41,1,1,1,1.9,Helsinki,Terraced house,0,1,Air-source heat pump,Good,200,D,288
48,2,0,0,0,30,0,1,1,2.0,Tampere,Apartment,0,1,District heating,Good,0,C,119
133,6,0,0,1,50,1,2,3,9.6,Vantaa,Terraced house,1,1,Wood heating,Excellent,285,E,303
60,2,1,0,1,10,0,1,1,21.3,Oulu,Apartment,0,1,Electric heating,Fair,0,D,76
72,3,0,1,1,28,1,1,1,13.4,Turku,Detached house,0,1,Electric heating,Good,2035,D,185
46,2,1,0,1,16,0,1,1,6.8,Espoo,Apartment,0,1,District heating,Excellent,0,C,190
37,1,0,1,1,21,0,1,1,5.0,Pori,Apartment,0,0,District heating,Good,0,E,40
48,3,0,1,1,5,0,1,1,10.0,Espoo,Apartment,0,1,Electric heating,Excellent,0,B,187
54,3,3,1,0,5,0,1,1,4.8,Turku,Apartment,0,1,District heating,Fair,0,A,122
102,5,9,0,1,58,0,1,1,8.1,Helsinki,Apartment,0,0,District heating,Needs renovation,0,E,268
56,2,2,1,1,2,0,1,1,2.4,Lahti,Apartment,0,1,District heating,New,0,A,124
90,3,0,0,1,55,1,1,1,25.9,Vantaa,Terraced house,1,1,Air-source heat pump,Needs renovation,210,E,166
62,2,0,0,1,5,0,1,1,12.7,Vantaa,Apartment,0,1,Electric heating,Excellent,0,A,142
70,3,6,0,1,26,0,1,2,1.8,Helsinki,Apartment,0,0,District heating,Good,0,D,301
57,3,0,0,0,21,0,1,2,5.9,Oulu,Apartment,0,1,District heating,Excellent,0,B,111
56,3,1,0,1,19,0,1,1,3.6,Tampere,Apartment,0,0,District heating,Good,0,C,151
81,3,1,1,0,25,0,1,1,2.8,Turku,Apartment,0,0,District heating,Excellent,0,C,179
65,2,1,1,0,48,0,1,1,8.5,Helsinki,Apartment,0,1,District heating,Needs renovation,0,E,171
126,5,0,1,3,33,1,2,2,6.8,Turku,Detached house,1,1,Geothermal,Fair,1165,C,247
93,4,2,1,0,44,0,2,2,2.8,Helsinki,Apartment,0,1,Air-source heat pump,Needs renovation,0,D,304
79,3,4,0,0,57,0,2,2,2.6,Helsinki,Apartment,0,0,District heating,Excellent,0,E,305
35,2,3,0,1,18,0,1,1,9.4,Helsinki,Apartment,0,1,District heating,Fair,0,D,149
64,2,3,1,0,5,0,1,2,6.5,Tampere,Apartment,0,1,District heating,Excellent,0,C,191
82,4,0,0,0,40,1,2,2,3.0,Oulu,Terraced house,0,1,Air-source heat pump,Good,435,C,187
43,1,3,1,1,13,0,1,1,4.7,Helsinki,Apartment,0,1,District heating,Fair,0,C,183
52,2,2,0,0,24,0,1,1,5.8,Tampere,Apartment,0,0,Air-source heat pump,Good,0,D,135
45,2,10,1,1,14,0,1,1,1.7,Tampere,Apartment,0,1,District heating,Good,0,D,160
51,3,0,1,0,21,0,1,1,11.3,Jyväskylä,Apartment,0,0,District heating,Excellent,0,C,86
122,5,2,0,1,29,0,1,1,1.6,Turku,Apartment,0,1,District heating,Good,0,D,270
75,3,0,0,2,26,1,1,1,8.6,Lahti,Terraced house,0,1,District heating,Good,285,D,117
81,3,0,1,2,10,1,2,2,3.7,Tampere,Detached house,0,1,Electric heating,Good,1090,C,278
83,4,0,0,1,42,1,1,1,4.8,Tampere,Terraced house,0,1,Electric heating,Needs renovation,260,F,138
114,4,4,0,1,24,0,1,2,3.0,Turku,Apartment,0,0,District heating,Excellent,0,D,273
134,5,0,1,1,0,1,2,2,7.6,Helsinki,Detached house,0,1,Geothermal,New,720,A,782
96,5,0,1,1,36,1,2,2,9.5,Helsinki,Detached house,0,0,District heating,Fair,1615,E,544
81,3,0,0,2,19,1,1,1,12.1,Jyväskylä,Semi-detached house,1,1,Air-source heat pump,Good,1235,D,144
80,3,0,1,2,25,1,1,1,6.7,Vantaa,Terraced house,0,1,District heating,Needs renovation,200,E,178
111,3,0,1,2,9,1,2,2,23.7,Vantaa,Terraced house,0,1,Air-source heat pump,Excellent,440,B,282
88,3,0,1,1,27,0,1,2,4.2,Vantaa,Apartment,0,0,Air-source heat pump,Excellent,0,B,231
112,5,0,0,1,20,1,2,2,7.3,Helsinki,Detached house,1,1,Electric heating,Excellent,1020,C,607
104,5,0,1,1,2,1,1,2,3.0,Tampere,Detached house,1,1,Electric heating,New,1235,A,453
67,2,2,0,0,69,0,1,1,0.7,Turku,Apartment,0,1,Electric heating,Fair,0,G,113
78,2,0,0,1,45,1,1,1,6.4,Jyväskylä,Semi-detached house,1,1,District heating,Fair,510,E,122
36,1,2,1,0,12,0,1,1,7.0,Kuopio,Apartment,1,1,District heating,Fair,0,C,60
139,6,4,0,2,26,0,2,2,18.5,Espoo,Apartment,1,1,District heating,Fair,0,D,359
88,4,0,1,2,3,1,1,1,2.3,Pori,Detached house,0,1,District heating,Excellent,1135,A,147
79,4,5,0,0,16,0,2,2,4.0,Espoo,Apartment,0,1,District heating,Needs renovation,0,D,227
38,2,0,0,0,41,0,1,1,8.2,Vantaa,Apartment,0,0,District heating,Fair,0,E,74
80,3,0,0,1,25,1,1,1,13.0,Vantaa,Terraced house,1,1,Electric heating,Excellent,355,C,221
83,3,4,1,1,24,0,1,1,1.3,Turku,Apartment,0,1,District heating,Good,0,D,206
100,5,3,0,0,45,0,1,1,2.0,Helsinki,Apartment,0,0,District heating,Fair,0,E,353
89,4,2,1,1,5,0,2,2,9.7,Espoo,Apartment,1,1,District heating,Excellent,0,A,373
50,2,0,0,1,94,1,1,1,1.9,Jyväskylä,Apartment,0,1,District heating,Fair,0,G,74
52,2,1,0,0,56,0,1,1,2.8,Jyväskylä,Apartment,0,1,District heating,Fair,0,F,79
47,2,4,0,1,4,0,1,1,5.5,Helsinki,Apartment,0,1,District heating,Good,0,A,219
37,1,1,0,1,25,0,1,1,2.9,Oulu,Apartment,0,1,District heating,Good,0,B,79
73,2,0,0,1,17,0,1,2,2.1,Kuopio,Apartment,0,1,District heating,Excellent,0,B,139
108,4,0,0,1,37,0,1,2,13.4,Vantaa,Apartment,0,1,District heating,Good,0,D,187
185,6,0,0,1,30,1,3,4,6.2,Jyväskylä,Detached house,1,1,Air-source heat pump,Excellent,1815,C,376
94,4,0,0,1,23,0,1,1,3.1,Tampere,Terraced house,1,1,District heating,Fair,145,D,229
63,2,4,0,1,26,0,1,1,1.8,Oulu,Apartment,0,1,District heating,Fair,0,C,115
50,2,3,0,0,42,0,1,1,5.0,Jyväskylä,Apartment,0,1,District heating,Good,0,D,90
63,2,1,1,1,10,0,1,1,3.3,Vantaa,Apartment,0,1,District heating,Good,0,B,197
152,5,0,0,2,44,1,3,3,17.0,Espoo,Detached house,1,1,Electric heating,Fair,1415,E,449
54,2,6,0,0,40,0,1,1,3.6,Helsinki,Apartment,0,1,District heating,Fair,0,D,199
99,4,2,1,1,11,0,1,2,2.0,Turku,Apartment,0,1,District heating,Good,0,A,250
61,2,0,0,0,61,0,1,2,2.2,Helsinki,Apartment,0,0,District heating,Needs renovation,0,F,167
72,4,4,1,1,54,0,1,1,4.6,Helsinki,Apartment,0,1,District heating,Good,0,E,278
86,3,0,1,2,21,1,2,2,2.5,Turku,Terraced house,0,1,Air-source heat pump,Good,270,C,193
54,2,1,1,1,51,0,1,1,1.3,Helsinki,Apartment,0,1,District heating,Fair,0,E,196
85,3,0,1,1,42,1,1,1,7.1,Tampere,Semi-detached house,0,1,Wood heating,Fair,940,E,209
49,3,1,1,0,40,0,1,1,2.8,Tampere,Apartment,0,1,District heating,Excellent,0,D,135
140,6,0,0,1,21,1,2,2,11.1,Turku,Terraced house,1,1,Air-source heat pump,Good,515,C,287
76,3,5,0,1,66,0,1,2,6.1,Espoo,Apartment,0,0,District heating,Needs renovation,0,G,190
91,3,4,1,0,0,0,1,1,7.9,Helsinki,Apartment,0,1,District heating,New,0,B,411
45,2,3,1,0,27,0,1,1,3.8,Helsinki,Apartment,0,1,District heating,Excellent,0,C,199
63,2,1,0,0,34,0,1,1,4.3,Turku,Apartment,0,0,District heating,Excellent,0,C,117
48,2,0,0,1,49,0,1,2,2.7,Jyväskylä,Apartment,0,1,Oil heating,Fair,0,F,79
111,4,0,1,2,16,1,2,2,8.5,Lahti,Detached house,1,1,Air-source heat pump,Good,880,C,189
107,4,2,0,1,23,0,1,1,6.6,Vantaa,Apartment,0,1,District heating,Good,0,C,273
67,3,0,0,1,53,0,1,1,2.4,Oulu,Apartment,0,0,District heating,Good,0,E,106
130,4,1,1,2,8,0,1,2,3.0,Tampere,Apartment,1,1,District heating,Needs renovation,0,C,283
36,2,2,1,0,0,0,1,1,5.2,Tampere,Apartment,0,1,District heating,Excellent,0,A,117
38,1,5,0,0,18,0,1,1,7.4,Helsinki,Apartment,0,1,Air-source heat pump,Excellent,0,B,177
57,2,2,1,1,24,0,1,1,3.3,Jyväskylä,Apartment,0,1,District heating,Excellent,0,C,126
45,2,0,0,0,53,1,1,1,2.7,Lahti,Apartment,0,0,District heating,Excellent,0,D,65
136,6,0,0,1,48,1,2,3,7.2,Helsinki,Detached house,0,0,District heating,Needs renovation,725,F,456
74,3,0,1,1,34,1,1,1,5.3,Oulu,Terraced house,1,0,District heating,Fair,495,E,124
51,2,1,0,1,5,0,1,1,10.9,Espoo,Apartment,0,1,District heating,Good,0,B,171
167,7,0,0,2,45,1,3,3,6.1,Espoo,Detached house,1,1,Oil heating,Good,750,F,529
79,3,3,0,1,6,0,1,1,4.5,Helsinki,Apartment,0,1,District heating,Fair,0,A,345
90,4,0,1,2,24,1,2,2,15.0,Vantaa,Semi-detached house,1,1,Electric heating,Good,545,D,237
90,3,0,0,1,49,1,1,1,9.0,Vantaa,Semi-detached house,0,1,Electric heating,Fair,680,F,183
45,2,5,0,1,52,0,1,1,3.6,Turku,Apartment,0,1,District heating,Needs renovation,0,E,94
155,5,0,1,2,18,0,2,3,5.2,Oulu,Semi-detached house,1,1,District heating,Good,410,B,253
93,4,1,0,1,87,0,1,1,2.0,Helsinki,Apartment,0,0,District heating,Excellent,0,F,311
41,1,2,0,1,14,0,1,1,1.4,Pori,Apartment,0,1,District heating,Needs renovation,0,D,50
108,4,0,1,2,9,1,2,2,4.7,Lahti,Detached house,1,1,Electric heating,Excellent,690,D,182
112,4,0,0,1,38,1,2,2,6.8,Kuopio,Terraced house,1,1,Electric heating,Excellent,470,D,185
53,3,2,0,1,47,0,1,1,3.8,Turku,Apartment,0,1,District heating,Needs renovation,0,F,101
98,4,0,1,1,34,1,1,1,3.3,Pori,Terraced house,0,1,Wood heating,Good,240,D,124
34,2,2,1,1,13,0,1,1,2.1,Oulu,Apartment,0,1,District heating,Fair,0,C,81
24,1,1,1,1,38,0,1,1,6.9,Vantaa,Apartment,0,1,District heating,Good,0,D,70
39,2,2,1,1,40,0,1,1,8.1,Espoo,Apartment,0,1,District heating,Excellent,0,D,133
98,4,0,0,1,24,1,1,1,4.3,Lahti,Semi-detached house,0,1,Air-source heat pump,Good,610,C,151
140,6,0,1,2,42,1,2,2,14.2,Pori,Semi-detached house,1,0,Wood heating,Good,820,D,123
97,3,7,0,1,34,0,2,2,3.1,Tampere,Apartment,0,0,District heating,Excellent,0,E,243
131,5,0,0,1,44,1,2,3,7.6,Tampere,Detached house,1,1,Oil heating,Fair,1525,E,363
71,3,7,0,1,8,0,1,1,6.3,Vantaa,Apartment,0,1,District heating,Good,0,B,230
50,2,0,1,0,17,0,1,1,5.6,Espoo,Apartment,0,1,Electric heating,Fair,0,D,155
60,3,1,1,1,21,0,1,1,3.9,Vantaa,Apartment,0,0,Air-source heat pump,Excellent,0,B,180
106,4,0,0,1,12,1,2,2,1.5,Turku,Terraced house,0,1,District heating,Needs renovation,285,C,228
91,4,0,1,2,9,1,2,2,7.6,Jyväskylä,Semi-detached house,0,1,Air-source heat pump,Excellent,825,B,205
71,3,0,1,2,61,1,2,2,15.3,Jyväskylä,Terraced house,1,1,Air-source heat pump,Fair,365,F,79
89,4,0,1,3,14,1,2,2,6.8,Tampere,Detached house,0,0,Electric heating,Good,1175,C,287
73,3,3,1,1,48,0,1,1,7.2,Vantaa,Apartment,0,1,District heating,Good,0,D,165
91,3,0,0,1,19,1,1,2,5.3,Oulu,Terraced house,0,1,Air-source heat pump,Good,460,C,188
42,2,0,1,1,66,0,1,1,7.0,Helsinki,Apartment,0,0,District heating,Fair,0,E,136
69,3,0,0,2,57,1,1,1,14.0,Vantaa,Terraced house,0,1,District heating,Fair,665,E,133
52,2,1,0,0,70,0,1,1,3.7,Helsinki,Apartment,0,0,District heating,Needs renovation,0,F,136
58,3,3,0,1,8,0,2,2,6.0,Lahti,Apartment,0,1,District heating,Good,0,B,104
73,3,0,1,2,95,1,1,2,8.7,Helsinki,Semi-detached house,0,1,Oil heating,Fair,365,G,226
115,5,0,1,2,12,1,1,1,24.3,Vantaa,Detached house,1,0,Geothermal,Good,915,B,250
35,2,5,1,0,18,0,1,1,0.9,Helsinki,Apartment,0,1,District heating,Needs renovation,0,C,146
40,2,0,0,1,4,0,1,1,15.2,Vantaa,Apartment,0,1,District heating,Excellent,0,A,108
34,1,1,1,1,4,0,1,1,5.0,Vantaa,Apartment,0,1,District heating,Excellent,0,B,123
41,2,4,0,1,27,0,1,1,4.1,Tampere,Apartment,0,1,District heating,Fair,0,C,116
72,2,3,0,0,2,0,1,1,0.9,Turku,Apartment,0,1,District heating,Excellent,0,B,211
113,5,0,1,1,10,1,2,2,4.2,Turku,Detached house,1,0,Geothermal,Good,710,B,275
50,2,1,1,1,58,0,1,1,1.7,Oulu,Apartment,0,0,Electric heating,Fair,0,F,87
93,4,0,1,2,15,1,3,3,2.9,Tampere,Terraced house,1,1,District heating,Excellent,430,A,306
187,8,0,0,2,3,1,3,4,15.9,Vantaa,Detached house,1,1,Electric heating,Excellent,2355,A,504
78,2,2,0,1,7,0,1,1,3.4,Oulu,Apartment,0,1,Electric heating,Good,0,B,156
78,3,1,0,1,48,0,1,1,3.3,Oulu,Apartment,0,1,District heating,Good,0,F,126
32,1,3,1,1,40,0,1,1,6.1,Helsinki,Apartment,0,0,District heating,Good,0,D,121
55,2,0,0,1,20,0,1,2,10.3,Espoo,Apartment,0,0,District heating,Good,0,B,174
70,3,1,0,0,57,0,1,1,1.2,Jyväskylä,Apartment,0,1,District heating,Needs renovation,0,F,88
83,4,6,1,1,29,0,1,2,6.5,Vantaa,Apartment,0,0,District heating,Needs renovation,0,D,175
89,4,0,0,1,30,1,2,2,5.7,Helsinki,Terraced house,1,1,District heating,Fair,270,E,307
63,3,5,1,0,26,0,1,1,2.7,Helsinki,Apartment,0,1,District heating,Fair,0,D,249
67,3,0,1,1,2,1,1,1,18.2,Tampere,Terraced house,1,1,Electric heating,New,420,B,201
114,4,6,1,1,30,0,2,2,2.7,Helsinki,Apartment,0,0,District heating,Needs renovation,0,D,399
127,5,0,1,1,19,1,2,3,7.4,Kuopio,Semi-detached house,1,1,Air-source heat pump,Excellent,880,C,217
51,2,3,0,0,33,0,1,1,2.7,Tampere,Apartment,0,1,District heating,Fair,0,D,124
94,4,0,0,1,32,1,1,1,13.8,Vantaa,Detached house,1,1,Geothermal,Fair,1235,D,244
88,3,1,1,1,42,0,1,1,2.7,Pori,Apartment,0,1,District heating,Fair,0,E,84
91,4,2,0,0,72,0,1,1,2.3,Helsinki,Apartment,0,0,District heating,Needs renovation,0,F,263
58,2,4,1,1,10,0,1,1,0.8,Helsinki,Apartment,0,1,District heating,Fair,0,C,292
61,2,3,1,0,23,0,1,1,3.4,Helsinki,Apartment,1,1,District heating,Good,0,E,253
88,3,1,1,1,25,0,1,1,7.2,Espoo,Apartment,0,0,District heating,Fair,0,C,208
236,8,0,0,2,69,1,3,4,18.3,Turku,Detached house,1,1,Wood heating,Excellent,2335,F,289
59,2,3,1,1,65,0,1,1,2.6,Lahti,Apartment,0,0,District heating,Good,0,E,85
68,2,1,1,1,14,0,1,1,6.3,Helsinki,Apartment,0,1,District heating,Good,0,B,272
202,8,0,1,2,15,1,2,3,12.4,Lahti,Detached house,1,1,Air-source heat pump,Fair,1735,D,241
74,2,0,1,1,39,1,1,1,3.1,Kuopio,Semi-detached house,1,0,Electric heating,Needs renovation,320,E,104
83,2,3,0,0,25,0,1,1,7.7,Vantaa,Apartment,0,1,District heating,Good,0,C,197
60,3,0,0,1,21,0,1,1,7.1,Helsinki,Apartment,0,1,District heating,Good,0,C,225
79,4,3,1,1,5,0,1,1,6.0,Turku,Apartment,0,1,District heating,Good,0,B,199
101,3,2,1,2,18,0,1,1,19.1,Turku,Apartment,0,1,District heating,Good,0,C,147
45,1,2,0,1,39,0,1,1,2.6,Turku,Apartment,0,1,District heating,Fair,0,E,99
34,2,0,1,0,28,1,1,1,7.4,Turku,Apartment,0,1,District heating,Fair,0,E,67
60,3,0,1,1,46,1,2,2,9.5,Turku,Terraced house,0,0,District heating,Good,160,D,118
83,4,0,1,2,28,0,2,2,25.8,Vantaa,Terraced house,1,0,District heating,Good,405,D,202
165,7,0,1,2,40,1,2,3,3.7,Pori,Detached house,1,1,Geothermal,Fair,1785,D,214
57,2,5,0,0,21,0,1,1,1.5,Turku,Apartment,0,1,District heating,Good,0,D,147
161,7,0,0,2,29,1,2,3,7.1,Lahti,Detached house,1,1,Electric heating,Good,3955,C,237
79,4,0,1,2,22,1,1,1,3.8,Tampere,Semi-detached house,0,1,Electric heating,Good,295,E,195
73,3,0,0,3,35,1,2,2,9.6,Oulu,Terraced house,0,1,Air-source heat pump,Fair,420,C,132
87,5,2,1,1,5,0,1,1,4.9,Oulu,Apartment,0,1,District heating,New,0,C,205
109,4,0,1,1,17,1,2,2,4.2,Lahti,Semi-detached house,0,1,District heating,Good,700,C,171
104,3,0,1,1,43,0,1,1,4.2,Tampere,Apartment,0,1,District heating,Fair,0,D,220
35,1,2,0,1,17,0,1,1,4.8,Turku,Apartment,0,1,District heating,Good,0,C,87
80,3,0,0,1,17,0,1,1,4.6,Oulu,Terraced house,0,1,Air-source heat pump,Good,220,C,159
79,3,6,0,1,15,0,2,2,2.5,Espoo,Apartment,0,1,District heating,Fair,0,C,309
76,3,0,0,1,22,1,1,1,8.3,Espoo,Terraced house,0,0,District heating,Fair,355,D,300
113,4,0,0,2,20,1,2,2,15.3,Jyväskylä,Detached house,1,1,Geothermal,Fair,1835,C,210
90,4,1,1,1,4,0,1,1,12.5,Espoo,Apartment,0,1,District heating,Excellent,0,C,316
96,4,0,1,2,21,1,1,1,7.3,Helsinki,Terraced house,1,1,District heating,Fair,305,C,421
86,3,2,0,1,21,0,1,2,12.9,Espoo,Apartment,0,0,District heating,Good,0,D,228
29,1,1,1,0,16,0,1,1,1.6,Tampere,Apartment,0,0,Electric heating,Fair,0,D,97
49,2,2,0,1,30,0,1,1,3.1,Tampere,Apartment,0,1,District heating,Good,0,C,124
91,4,0,0,0,70,0,1,1,3.7,Tampere,Apartment,0,0,District heating,Needs renovation,0,F,124
51,3,0,0,0,53,0,1,1,5.0,Tampere,Apartment,0,0,District heating,Excellent,0,D,112
53,3,1,1,1,1,0,1,1,4.5,Oulu,Apartment,0,0,District heating,Excellent,0,B,117
125,5,0,0,1,33,1,2,3,14.5,Vantaa,Detached house,0,1,Geothermal,Needs renovation,1255,C,274
71,3,2,1,1,41,0,1,1,1.4,Tampere,Apartment,0,1,District heating,Excellent,0,D,198
74,3,1,1,1,29,0,1,1,17.0,Helsinki,Apartment,0,1,District heating,Fair,0,C,200
96,4,0,1,2,16,1,2,2,15.3,Espoo,Detached house,1,1,Electric heating,Excellent,1935,B,386
125,5,0,0,3,4,1,2,2,7.3,Tampere,Detached house,0,0,Electric heating,Excellent,1135,C,340
152,7,0,1,2,19,1,2,4,4.3,Pori,Detached house,0,1,Electric heating,Good,1555,D,230
100,3,1,1,0,43,0,1,2,7.3,Espoo,Apartment,0,0,District heating,Fair,0,D,240
68,3,3,0,1,21,0,1,1,7.0,Oulu,Apartment,1,1,District heating,Good,0,C,129
39,1,1,0,1,39,0,1,1,2.5,Turku,Apartment,0,1,District heating,Needs renovation,0,C,74
58,3,1,0,1,13,0,1,1,3.1,Kuopio,Apartment,0,1,District heating,Good,0,C,114
37,2,0,0,1,3,0,1,1,2.5,Helsinki,Apartment,0,1,District heating,Fair,0,D,168
77,2,0,1,2,19,1,1,1,10.1,Kuopio,Detached house,1,1,Air-source heat pump,Excellent,1025,C,132
39,2,5,1,1,47,0,1,1,1.7,Turku,Apartment,0,1,District heating,Fair,0,D,98
39,2,1,0,1,21,0,1,1,3.2,Espoo,Apartment,0,1,District heating,Fair,0,D,131
38,1,7,1,1,2,0,1,1,5.5,Tampere,Apartment,0,1,District heating,New,0,A,146
118,4,0,0,1,5,1,2,2,12.8,Vantaa,Detached house,0,1,District heating,Excellent,1215,B,330
50,2,4,0,0,35,0,1,1,3.9,Lahti,Apartment,0,1,District heating,Fair,0,E,68
38,2,4,0,0,1,0,1,1,7.1,Helsinki,Apartment,0,1,District heating,Excellent,0,B,181
58,2,0,0,1,95,0,1,1,29.3,Vantaa,Apartment,0,0,Electric heating,Needs renovation,0,G,56
77,3,0,1,1,45,0,1,1,5.2,Helsinki,Terraced house,0,1,Air-source heat pump,Fair,210,C,291
83,2,0,0,1,17,1,1,1,5.3,Lahti,Detached house,1,1,Geothermal,Fair,1515,C,160
33,1,2,1,1,14,0,1,1,2.6,Helsinki,Apartment,0,1,Electric heating,Excellent,0,C,176
72,2,2,1,1,55,0,1,1,1.9,Turku,Apartment,0,0,District heating,Needs renovation,0,D,118
106,4,0,1,2,16,0,2,3,12.2,Espoo,Semi-detached house,1,1,Geothermal,Excellent,520,A,386
93,4,0,0,1,20,1,2,2,5.2,Kuopio,Detached house,0,1,Geothermal,Fair,1060,B,149
85,4,0,0,1,29,1,1,1,9.7,Helsinki,Terraced house,1,1,District heating,Needs renovation,415,E,281
36,1,2,1,1,34,0,1,1,3.0,Lahti,Apartment,0,1,District heating,Fair,0,D,64
121,4,0,1,1,95,1,2,2,3.9,Tampere,Semi-detached house,0,1,Air-source heat pump,Fair,940,G,291
68,2,0,0,0,62,0,1,1,2.1,Helsinki,Apartment,0,0,District heating,Needs renovation,0,E,181
63,3,0,0,1,57,1,1,1,6.5,Lahti,Terraced house,0,0,Wood heating,Needs renovation,255,F,69
88,3,0,1,2,4,1,1,1,6.8,Lahti,Terraced house,0,1,Air-source heat pump,New,590,A,142
48,2,1,1,0,52,0,1,1,3.2,Oulu,Apartment,0,1,District heating,Needs renovation,0,E,70
79,3,0,1,2,26,0,1,1,2.7,Pori,Terraced house,0,1,Air-source heat pump,Fair,185,D,102
84,3,4,0,1,43,0,2,2,4.8,Helsinki,Apartment,0,1,District heating,Needs renovation,0,E,243
75,2,0,0,1,14,0,1,1,1.4,Tampere,Apartment,0,0,Electric heating,Excellent,0,B,208
87,4,1,0,1,39,0,1,1,4.3,Helsinki,Apartment,0,1,District heating,Fair,0,D,335
139,6,0,0,3,8,1,1,1,6.1,Oulu,Semi-detached house,1,1,District heating,Excellent,590,B,283
122,4,0,0,2,78,1,2,3,8.7,Pori,Detached house,0,1,Air-source heat pump,Good,1010,F,113
73,3,2,0,1,13,0,2,2,5.3,Lahti,Apartment,1,1,District heating,Excellent,0,B,124
63,2,5,1,1,14,0,1,1,1.7,Turku,Apartment,0,1,District heating,Excellent,0,C,185
67,3,0,0,1,49,1,1,1,7.3,Turku,Terraced house,1,1,District heating,Needs renovation,350,F,105
97,4,0,0,1,60,1,1,2,14.5,Tampere,Semi-detached house,0,1,Electric heating,Fair,575,F,147
45,1,0,0,0,27,0,1,1,21.2,Vantaa,Apartment,0,0,Air-source heat pump,Good,0,C,85
136,6,0,0,2,13,1,2,2,6.9,Turku,Detached house,1,1,District heating,Good,835,C,334
52,2,8,1,1,14,0,1,1,12.1,Espoo,Apartment,0,1,District heating,Good,0,D,183
54,2,2,1,1,23,0,1,1,14.3,Espoo,Apartment,0,0,Electric heating,Good,0,B,172
42,2,0,0,1,18,0,1,1,3.3,Helsinki,Apartment,0,1,District heating,Good,0,C,189
101,4,0,0,1,18,1,2,3,3.7,Tampere,Terraced house,0,1,Electric heating,Fair,260,C,261
28,1,2,0,0,31,0,1,1,11.4,Vantaa,Apartment,0,0,District heating,Excellent,0,C,65
72,3,2,0,1,30,0,1,1,2.0,Pori,Apartment,0,0,District heating,Fair,0,E,86
99,4,0,1,0,9,1,2,2,3.2,Oulu,Terraced house,0,1,Electric heating,Fair,290,C,224
37,1,1,1,1,6,0,1,1,2.1,Jyväskylä,Apartment,0,1,District heating,Needs renovation,0,D,67
104,4,0,1,2,34,1,2,2,3.8,Tampere,Terraced house,0,1,District heating,Good,465,D,300
31,2,4,0,1,28,0,1,1,4.8,Oulu,Apartment,0,0,District heating,Needs renovation,0,D,50
121,5,0,1,1,62,1,2,2,2.3,Kuopio,Semi-detached house,0,1,Electric heating,Fair,735,G,190
100,4,0,1,1,61,1,1,1,8.4,Jyväskylä,Terraced house,1,1,Wood heating,Good,495,E,142
60,3,0,1,1,5,1,1,1,4.7,Tampere,Terraced house,1,1,Geothermal,Good,155,B,200
132,5,4,1,1,11,0,2,3,5.7,Espoo,Apartment,1,1,District heating,Excellent,0,B,471
56,3,3,1,1,82,0,1,1,5.3,Kuopio,Apartment,0,0,District heating,Needs renovation,0,F,64
84,4,3,1,1,2,0,1,1,2.5,Tampere,Apartment,0,0,District heating,Excellent,0,B,275
66,2,4,1,0,9,0,1,1,4.2,Helsinki,Apartment,0,1,District heating,Excellent,0,B,310
28,1,4,0,2,28,0,1,1,10.4,Kuopio,Apartment,0,0,District heating,Needs renovation,0,C,40
86,3,2,0,0,51,0,1,1,1.5,Turku,Apartment,0,0,District heating,Fair,0,F,158
68,3,3,1,1,4,0,1,1,1.9,Tampere,Apartment,0,1,District heating,Excellent,0,B,233
79,3,3,1,1,23,0,1,1,3.7,Turku,Apartment,0,0,District heating,Excellent,0,D,181
67,2,3,1,1,12,0,1,1,14.9,Espoo,Apartment,0,1,District heating,Good,0,C,212
85,3,5,0,0,25,0,1,2,2.1,Tampere,Apartment,0,0,District heating,Fair,0,C,202
150,7,0,1,2,2,1,3,4,1.5,Kuopio,Detached house,0,1,Electric heating,New,1005,B,337
106,6,0,0,2,45,1,2,2,24.6,Helsinki,Detached house,0,1,Geothermal,Good,1230,E,334
56,2,3,1,0,5,0,1,1,2.3,Helsinki,Apartment,0,1,District heating,Good,0,A,297
58,3,4,0,1,1,0,1,1,1.4,Tampere,Apartment,1,1,District heating,New,0,A,246
173,7,0,1,3,45,1,3,4,29.1,Espoo,Semi-detached house,1,1,District heating,Fair,1560,E,409
63,2,0,0,1,48,0,1,1,2.1,Helsinki,Apartment,0,0,District heating,Good,0,C,242
141,5,0,0,1,26,1,2,2,7.4,Kuopio,Detached house,1,1,Electric heating,Fair,1540,D,244
161,7,0,0,1,4,1,3,3,2.8,Kuopio,Detached house,1,1,Geothermal,Excellent,2010,A,348
63,3,0,0,0,95,1,1,1,2.6,Helsinki,Apartment,0,0,Oil heating,Fair,0,G,177
61,2,1,0,1,37,0,1,1,4.5,Jyväskylä,Apartment,0,1,District heating,Fair,0,D,114
81,4,0,0,1,34,0,1,1,2.1,Jyväskylä,Apartment,0,0,District heating,Needs renovation,0,E,118
93,4,1,0,1,16,0,2,2,0.7,Tampere,Apartment,0,1,District heating,Needs renovation,0,D,234
84,5,12,1,1,12,0,1,1,5.3,Helsinki,Apartment,0,0,District heating,Fair,0,C,372
188,7,0,0,1,26,1,2,3,11.7,Espoo,Detached house,1,1,Geothermal,Good,3020,D,726
65,3,7,0,0,26,0,1,1,6.4,Helsinki,Apartment,0,1,District heating,Fair,0,C,256
42,2,1,0,0,58,0,1,1,3.1,Turku,Apartment,0,0,District heating,Fair,0,E,72
74,3,5,1,1,5,0,1,1,7.0,Lahti,Apartment,0,1,District heating,Excellent,0,A,143
47,2,10,0,1,12,0,1,1,18.6,Espoo,Apartment,0,0,District heating,Good,0,C,146
73,3,4,0,1,0,0,1,1,3.9,Oulu,Apartment,0,1,District heating,Good,0,B,159
60,3,0,0,1,30,0,1,1,4.6,Tampere,Apartment,0,1,District heating,Fair,0,C,144
63,2,2,0,1,23,0,1,1,2.3,Jyväskylä,Apartment,0,1,Electric heating,Excellent,0,C,126
43,1,7,1,0,12,0,1,1,5.7,Helsinki,Apartment,0,1,District heating,Good,0,B,186
130,5,2,0,1,23,0,1,1,4.0,Espoo,Apartment,0,1,District heating,Excellent,0,C,440
142,6,0,0,2,29,1,2,2,9.1,Kuopio,Detached house,0,1,Electric heating,Good,2175,D,219
133,6,0,1,2,18,1,1,2,20.2,Helsinki,Semi-detached house,1,1,Electric heating,Fair,705,D,457
62,2,0,1,1,3,1,1,1,7.2,Tampere,Terraced house,0,1,Wood heating,Good,350,B,184
89,4,1,1,0,0,0,1,1,8.6,Tampere,Apartment,0,1,District heating,New,0,C,240
151,5,0,0,1,34,1,1,1,5.3,Helsinki,Detached house,1,1,District heating,Good,625,F,578
88,3,4,1,1,64,0,1,1,5.2,Lahti,Apartment,0,0,Oil heating,Needs renovation,0,F,70
37,2,2,0,1,50,0,1,1,1.8,Turku,Apartment,0,1,District heating,Fair,0,F,81
75,3,0,0,1,3,1,1,1,13.9,Oulu,Detached house,1,1,Geothermal,Fair,1165,C,156
41,1,1,0,1,21,0,1,1,6.8,Helsinki,Apartment,0,1,District heating,Fair,0,D,173
70,3,3,1,1,3,0,1,1,4.5,Helsinki,Apartment,0,1,District heating,Excellent,0,B,364
54,2,2,0,0,27,0,1,1,2.0,Turku,Apartment,1,1,District heating,Fair,0,D,112
107,5,1,0,1,30,0,1,2,1.0,Jyväskylä,Apartment,1,1,District heating,Good,0,D,241
84,5,1,0,1,37,0,1,1,8.7,Jyväskylä,Apartment,0,1,District heating,Fair,0,D,123
66,3,2,1,1,19,0,1,1,4.8,Espoo,Apartment,0,1,District heating,Good,0,C,242
61,3,2,0,1,16,0,1,1,8.6,Espoo,Apartment,0,1,District heating,Fair,0,C,192
78,3,2,1,1,83,0,1,1,2.0,Lahti,Apartment,0,1,District heating,Fair,0,F,101
84,3,0,0,1,42,1,1,1,2.3,Helsinki,Terraced house,0,1,District heating,Fair,345,D,402
72,2,1,1,0,26,0,1,1,2.8,Kuopio,Apartment,0,1,District heating,Fair,0,D,121
98,3,2,0,1,34,0,1,2,5.7,Jyväskylä,Apartment,0,1,District heating,Good,0,D,164
134,6,0,0,0,30,1,2,3,14.2,Helsinki,Semi-detached house,1,1,Geothermal,Needs renovation,560,C,392
93,4,1,0,2,18,0,2,2,4.7,Tampere,Apartment,1,0,District heating,Fair,0,D,240
42,2,3,1,1,8,0,1,1,8.0,Helsinki,Apartment,0,1,District heating,Excellent,0,C,193
99,4,2,0,2,32,0,1,2,4.5,Lahti,Apartment,0,1,District heating,Good,0,C,153
121,4,0,0,1,37,0,2,2,4.9,Oulu,Apartment,0,1,District heating,Good,0,C,204
76,4,3,1,1,3,0,1,1,5.0,Jyväskylä,Apartment,0,1,District heating,Excellent,0,B,167
39,2,3,1,1,44,0,1,1,1.2,Jyväskylä,Apartment,0,0,District heating,Fair,0,E,80
38,2,7,1,1,2,0,1,1,4.5,Jyväskylä,Apartment,0,1,Air-source heat pump,Excellent,0,A,113
80,2,2,1,1,38,0,1,1,1.4,Jyväskylä,Apartment,0,1,District heating,Needs renovation,0,E,120
93,4,0,0,3,57,1,1,1,9.0,Tampere,Detached house,0,1,Electric heating,Fair,1095,F,192
75,3,0,0,1,5,1,1,1,13.7,Helsinki,Terraced house,0,1,Electric heating,Good,370,B,310
74,3,4,1,1,8,0,1,1,4.5,Helsinki,Apartment,0,1,District heating,Excellent,0,B,380
90,2,0,0,1,93,0,1,1,3.6,Turku,Apartment,0,0,Oil heating,Excellent,0,F,156
56,3,0,0,0,30,1,1,1,10.5,Espoo,Apartment,1,1,District heating,Fair,0,D,159
87,3,4,1,1,22,0,1,1,8.2,Vantaa,Apartment,0,0,District heating,Fair,0,D,217
72,4,3,1,1,37,0,1,1,9.7,Helsinki,Apartment,0,0,District heating,Needs renovation,0,D,206
100,4,0,0,2,36,1,1,1,4.6,Oulu,Terraced house,0,1,Air-source heat pump,Fair,210,C,160
117,5,0,1,2,25,1,2,2,16.8,Vantaa,Semi-detached house,1,1,Electric heating,Excellent,1130,D,299
100,4,0,0,1,28,1,1,1,3.1,Jyväskylä,Detached house,0,1,Air-source heat pump,Good,885,C,196
52,3,1,0,0,17,0,1,1,3.3,Tampere,Apartment,0,1,District heating,Good,0,B,151
47,3,2,0,1,34,0,1,1,5.2,Turku,Apartment,0,0,District heating,Needs renovation,0,E,84
72,3,1,0,1,36,0,1,1,2.1,Tampere,Apartment,0,0,District heating,Needs renovation,0,D,148
103,4,0,1,1,36,1,2,2,8.6,Pori,Semi-detached house,1,1,Oil heating,Good,1215,D,109
34,1,8,1,0,1,0,1,1,5.6,Helsinki,Apartment,0,0,District heating,Good,0,B,161
63,3,1,0,1,86,0,1,1,6.8,Turku,Apartment,0,1,District heating,Excellent,0,D,112
72,2,0,1,2,17,0,1,1,1.9,Pori,Terraced house,1,0,Electric heating,Good,165,C,89
95,5,0,0,1,22,1,2,3,3.6,Turku,Apartment,0,1,District heating,Good,0,C,218
47,2,0,0,1,29,0,1,1,4.1,Oulu,Apartment,0,0,District heating,Good,0,C,97
44,2,4,0,1,36,0,1,1,6.5,Espoo,Apartment,0,1,District heating,Fair,0,D,163
37,2,0,0,0,1,0,1,1,2.9,Espoo,Apartment,0,1,District heating,New,0,B,144
92,4,0,1,2,13,0,1,2,18.0,Vantaa,Detached house,1,1,Air-source heat pump,Fair,850,C,224
47,2,0,1,1,44,1,1,1,2.6,Tampere,Apartment,0,1,District heating,Needs renovation,0,G,96
92,4,0,1,1,16,0,2,2,14.3,Vantaa,Terraced house,1,0,Air-source heat pump,Good,260,C,218
79,4,4,1,1,9,0,1,2,2.1,Jyväskylä,Apartment,1,1,Air-source heat pump,Excellent,0,B,196
44,2,4,0,0,25,0,1,1,3.5,Helsinki,Apartment,0,1,District heating,Excellent,0,C,206
66,3,3,1,1,11,0,1,1,7.8,Vantaa,Apartment,0,1,District heating,Fair,0,D,190
106,4,0,0,1,38,0,1,1,1.6,Tampere,Apartment,1,1,District heating,Fair,0,D,252
193,7,0,1,1,22,1,3,3,3.6,Oulu,Detached house,1,1,Oil heating,Good,1395,C,388
89,4,0,1,1,45,1,1,2,10.8,Turku,Semi-detached house,1,1,Oil heating,Good,470,D,137
69,3,0,1,1,20,1,1,2,7.4,Oulu,Apartment,0,0,District heating,Excellent,0,B,130
179,7,0,0,2,39,1,2,3,4.9,Jyväskylä,Detached house,1,0,Oil heating,Good,1825,F,299
76,3,0,1,0,79,1,1,2,9.7,Espoo,Terraced house,0,1,District heating,Needs renovation,340,F,203
66,3,2,0,0,95,0,1,2,3.6,Helsinki,Apartment,0,0,District heating,Fair,0,G,212
64,2,5,0,0,29,0,1,2,1.8,Helsinki,Apartment,0,0,Electric heating,Good,0,D,246
102,4,0,1,2,13,1,2,3,9.2,Jyväskylä,Detached house,1,1,Air-source heat pump,Good,2145,D,213
234,8,0,1,3,19,1,3,4,17.1,Vantaa,Detached house,1,1,Air-source heat pump,Fair,1890,C,490
123,6,0,1,2,10,1,2,2,8.0,Jyväskylä,Detached house,0,1,District heating,Excellent,1210,B,263
90,3,0,1,1,32,1,1,1,2.3,Lahti,Apartment,0,1,District heating,Needs renovation,0,D,105
45,3,0,0,1,6,0,1,1,3.0,Tampere,Apartment,0,1,District heating,Good,0,B,138
158,5,0,1,1,81,1,1,1,8.6,Jyväskylä,Detached house,0,1,District heating,Fair,1445,F,226
71,3,0,1,0,7,0,1,1,7.8,Helsinki,Apartment,0,1,Electric heating,Excellent,0,B,290
72,4,0,0,0,3,1,1,1,14.8,Vantaa,Terraced house,0,1,Air-source heat pump,Excellent,365,A,191
79,3,3,1,0,77,0,1,1,2.8,Helsinki,Apartment,0,0,District heating,Fair,0,G,268
124,5,0,0,1,8,1,2,2,6.5,Jyväskylä,Detached house,1,1,Air-source heat pump,Fair,785,B,212
104,5,4,1,1,30,0,1,1,7.2,Vantaa,Apartment,0,1,District heating,Needs renovation,0,D,202
77,3,0,1,0,41,0,1,1,2.7,Lahti,Apartment,1,0,District heating,Needs renovation,0,E,76
79,3,0,0,1,43,1,1,2,3.3,Tampere,Detached house,0,1,Wood heating,Good,1680,E,307
42,1,1,0,0,66,0,1,1,3.8,Helsinki,Apartment,0,0,District heating,Needs renovation,0,G,104
66,2,4,1,1,2,0,1,1,4.8,Helsinki,Apartment,0,1,District heating,New,0,A,387
189,8,0,1,2,52,0,3,4,3.6,Lahti,Detached house,1,0,Wood heating,Fair,1155,E,243
106,3,5,1,1,30,0,2,2,12.6,Espoo,Apartment,0,0,Electric heating,Good,0,E,307
108,5,1,0,1,95,0,2,2,9.6,Espoo,Apartment,0,0,Oil heating,Good,0,G,232
133,5,0,1,0,35,1,1,1,4.6,Lahti,Detached house,1,1,Air-source heat pump,Fair,2550,D,218
110,5,2,1,0,70,0,2,2,4.5,Helsinki,Apartment,0,1,Electric heating,Needs renovation,0,G,294
80,4,2,1,1,4,0,1,1,2.5,Oulu,Apartment,0,1,District heating,Good,0,A,189
88,4,0,1,1,1,1,1,1,9.6,Lahti,Semi-detached house,0,1,Air-source heat pump,Excellent,1055,B,157
115,4,2,0,0,5,0,2,2,6.8,Espoo,Apartment,0,1,District heating,New,0,A,425
128,5,0,0,2,24,1,2,2,27.2,Helsinki,Detached house,0,1,Air-source heat pump,Good,1840,C,478
60,2,4,0,1,49,0,1,1,3.4,Helsinki,Apartment,0,0,District heating,Fair,0,E,207
102,4,0,1,1,70,1,1,1,6.0,Jyväskylä,Semi-detached house,1,1,Electric heating,Fair,925,G,174
98,4,0,1,2,3,1,2,2,12.9,Jyväskylä,Terraced house,0,1,Air-source heat pump,Excellent,450,A,194
31,1,2,0,0,25,0,1,1,3.1,Oulu,Apartment,1,0,District heating,Excellent,0,C,65
121,5,0,0,1,30,1,2,3,5.2,Jyväskylä,Detached house,0,1,District heating,Fair,1040,D,187
65,2,4,1,0,26,0,1,2,7.0,Helsinki,Apartment,0,1,Electric heating,Good,0,C,251
106,5,0,0,2,76,0,2,2,6.3,Vantaa,Terraced house,1,1,District heating,Excellent,425,F,275
109,4,0,1,0,35,1,2,3,4.3,Lahti,Detached house,0,1,Geothermal,Needs renovation,490,D,112
73,3,6,1,0,9,0,2,2,5.0,Turku,Apartment,0,1,District heating,Good,0,D,188
81,3,1,1,1,2,0,1,1,2.0,Oulu,Apartment,0,1,District heating,New,0,B,192
99,4,0,0,1,39,0,2,2,3.7,Helsinki,Terraced house,1,1,District heating,Fair,210,D,499
50,2,2,0,1,50,0,1,1,2.8,Oulu,Apartment,0,1,District heating,Fair,0,E,89
117,4,0,1,1,4,1,2,3,2.6,Helsinki,Terraced house,1,1,District heating,New,265,A,709
120,4,4,1,1,16,0,1,1,4.5,Espoo,Apartment,0,1,District heating,Excellent,0,C,487
73,3,0,0,1,9,0,1,1,5.6,Jyväskylä,Apartment,0,1,District heating,Good,0,C,137
48,2,6,0,0,34,0,1,1,8.7,Helsinki,Apartment,0,1,District heating,Excellent,0,C,187
220,8,0,0,2,51,1,3,3,4.5,Jyväskylä,Detached house,1,1,District heating,Needs renovation,1745,E,292
84,3,0,0,1,65,1,1,1,2.8,Kuopio,Detached house,0,1,Electric heating,Fair,695,G,121
51,2,1,0,0,39,0,1,1,1.8,Tampere,Apartment,0,0,District heating,Fair,0,D,109
119,5,0,1,1,15,1,3,3,4.9,Espoo,Detached house,0,1,District heating,Good,770,D,566
35,2,1,1,1,33,0,1,1,8.7,Vantaa,Apartment,0,0,District heating,Good,0,D,99
95,3,0,0,1,4,0,2,2,2.2,Espoo,Apartment,0,1,District heating,Good,0,B,365
234,8,0,0,2,46,1,3,3,7.2,Tampere,Detached house,1,1,Oil heating,Needs renovation,2940,F,490
144,6,0,0,2,52,1,2,3,9.9,Espoo,Detached house,1,1,Air-source heat pump,Fair,870,E,483
63,3,1,1,1,16,0,1,1,3.1,Espoo,Apartment,0,1,Geothermal,Good,0,C,240
38,1,0,0,1,40,1,1,1,3.8,Lahti,Apartment,0,1,Electric heating,Good,0,E,55
70,3,0,0,1,34,1,1,1,3.2,Espoo,Apartment,0,1,District heating,Fair,0,D,189
58,3,2,1,1,6,0,1,1,2.0,Oulu,Apartment,0,1,District heating,Good,0,D,130
101,5,0,1,2,64,0,2,2,5.7,Pori,Terraced house,0,1,District heating,Fair,460,F,100
63,3,2,1,1,20,0,1,2,12.9,Vantaa,Apartment,0,1,Air-source heat pump,Fair,0,B,155
44,1,1,0,0,3,0,1,1,2.3,Helsinki,Apartment,1,1,District heating,Excellent,0,B,201
98,3,0,1,1,16,0,2,2,2.0,Turku,Apartment,1,1,District heating,Excellent,0,C,253
63,2,3,0,1,16,0,1,1,1.3,Tampere,Apartment,0,1,District heating,Good,0,D,186
145,6,0,1,2,23,1,3,4,4.4,Turku,Detached house,0,1,Wood heating,Fair,1810,D,405
65,3,1,0,2,66,0,1,1,6.7,Vantaa,Apartment,0,1,Geothermal,Good,0,D,159
89,4,1,0,1,61,0,1,1,1.9,Pori,Apartment,0,0,District heating,Fair,0,E,94
84,3,2,1,1,11,0,1,1,8.1,Espoo,Apartment,0,1,District heating,Excellent,0,C,298
76,2,1,0,1,26,0,1,1,1.8,Turku,Apartment,0,0,Electric heating,Fair,0,E,143
62,3,2,0,0,24,0,1,1,3.1,Turku,Apartment,0,1,District heating,Needs renovation,0,D,124
78,3,0,0,0,60,0,1,1,6.8,Turku,Apartment,0,0,District heating,Fair,0,F,113
50,2,3,1,0,21,0,1,1,1.8,Helsinki,Apartment,0,0,District heating,Excellent,0,C,214
120,5,0,0,1,26,1,2,2,5.6,Turku,Semi-detached house,1,1,Electric heating,Needs renovation,780,E,195
89,4,1,1,1,20,0,1,1,1.2,Pori,Apartment,0,1,District heating,Good,0,D,122
69,2,3,1,0,27,0,1,1,2.6,Tampere,Apartment,0,1,District heating,Good,0,C,187
68,2,2,0,1,31,0,1,1,4.7,Tampere,Apartment,0,1,District heating,Excellent,0,C,172
59,3,2,1,1,24,0,1,1,1.3,Helsinki,Apartment,0,0,District heating,Fair,0,C,270
39,2,3,1,1,24,0,1,1,3.3,Oulu,Apartment,0,0,District heating,Good,0,C,89
50,3,4,0,1,42,0,1,1,2.5,Tampere,Apartment,0,1,District heating,Fair,0,E,121
86,4,0,1,2,18,1,2,2,4.3,Tampere,Detached house,1,1,District heating,Good,2520,D,381
21,1,0,0,0,85,1,1,1,5.1,Helsinki,Apartment,0,1,District heating,Fair,0,F,79
96,4,3,0,1,61,0,1,1,4.3,Helsinki,Apartment,0,1,District heating,Good,0,E,334
79,3,4,1,1,31,0,2,2,5.3,Tampere,Apartment,0,1,District heating,Good,0,C,207
133,6,0,1,2,7,1,2,2,0.5,Lahti,Terraced house,1,1,Wood heating,Excellent,315,C,236
110,5,0,1,1,51,1,1,1,11.4,Helsinki,Semi-detached house,0,0,District heating,Needs renovation,875,E,400
51,2,6,1,1,56,0,1,1,21.9,Pori,Apartment,0,0,Electric heating,Fair,0,F,34
64,2,5,0,0,36,0,1,1,2.5,Tampere,Apartment,0,1,District heating,Needs renovation,0,D,115
98,4,0,1,1,31,0,1,1,3.5,Turku,Terraced house,0,1,Electric heating,Fair,245,E,197
112,5,0,0,1,29,1,2,3,9.2,Helsinki,Detached house,0,1,Electric heating,Fair,455,E,367
125,5,0,0,2,44,1,2,2,3.8,Helsinki,Detached house,1,1,Air-source heat pump,Excellent,1085,D,688
39,2,3,0,1,36,0,1,1,7.6,Pori,Apartment,0,0,District heating,Excellent,0,C,45
41,2,5,0,0,6,0,1,1,5.7,Espoo,Apartment,0,0,District heating,Good,0,C,167
70,3,0,0,2,75,1,1,2,14.6,Helsinki,Semi-detached house,1,0,Air-source heat pump,Good,320,F,228
100,4,0,1,3,2,1,2,2,8.3,Oulu,Detached house,1,1,Air-source heat pump,Excellent,2250,A,250
45,3,2,1,0,4,0,1,1,2.6,Helsinki,Apartment,0,1,District heating,Good,0,B,215
72,3,3,1,1,23,0,1,1,3.2,Turku,Apartment,0,1,District heating,Fair,0,C,167
102,4,0,0,1,35,1,2,3,5.3,Oulu,Terraced house,0,1,Air-source heat pump,Fair,615,D,187
93,3,0,1,1,2,1,2,2,2.5,Tampere,Apartment,1,0,District heating,Excellent,0,A,322
74,3,0,1,1,20,0,1,2,2.9,Jyväskylä,Apartment,0,1,District heating,Good,0,C,146
80,3,0,0,1,45,0,2,2,2.4,Turku,Apartment,0,1,District heating,Fair,0,E,155
43,2,0,1,0,1,0,1,1,1.8,Pori,Apartment,0,1,District heating,Excellent,0,B,67
175,6,0,0,1,42,1,2,2,6.7,Turku,Detached house,1,1,Wood heating,Good,1950,F,333
41,2,0,0,1,31,1,1,1,7.2,Helsinki,Apartment,0,1,District heating,Fair,0,D,159
57,3,4,1,0,45,0,1,1,2.2,Lahti,Apartment,0,1,District heating,Good,0,D,89
86,4,0,0,2,10,1,2,2,6.3,Tampere,Semi-detached house,1,0,Electric heating,Excellent,480,C,223
50,2,2,0,1,42,0,1,1,2.6,Oulu,Apartment,0,0,District heating,Needs renovation,0,E,78
100,4,0,0,1,32,1,2,3,2.7,Helsinki,Semi-detached house,0,1,Electric heating,Good,625,D,516
77,4,0,0,0,38,0,1,2,4.6,Espoo,Apartment,0,0,District heating,Needs renovation,0,E,176
22,1,5,1,0,28,0,1,1,4.6,Turku,Apartment,0,0,Electric heating,Good,0,D,50
49,2,4,0,1,44,0,1,1,5.8,Oulu,Apartment,0,1,District heating,Good,0,D,84
44,2,6,0,1,18,0,1,1,5.4,Helsinki,Apartment,0,1,District heating,Good,0,D,215
80,3,9,0,0,18,0,1,1,14.5,Helsinki,Apartment,0,0,District heating,Fair,0,D,235
38,2,3,1,0,29,0,1,1,4.9,Helsinki,Apartment,0,0,District heating,Needs renovation,0,C,110
61,2,3,0,1,19,0,1,1,3.0,Jyväskylä,Apartment,0,1,District heating,Excellent,0,C,129
81,4,1,1,1,3,0,1,1,1.9,Helsinki,Apartment,0,1,District heating,New,0,B,445
78,2,3,0,1,11,0,1,1,10.0,Espoo,Apartment,0,0,District heating,Fair,0,C,231
73,3,1,0,1,44,0,1,1,2.8,Tampere,Apartment,0,1,District heating,Fair,0,D,196
52,3,1,0,1,0,0,1,1,1.3,Oulu,Apartment,0,1,District heating,Excellent,0,B,137
128,4,0,1,1,47,1,2,2,6.8,Lahti,Detached house,0,1,District heating,Fair,1405,F,165
138,6,0,1,0,14,0,2,3,7.1,Tampere,Apartment,1,1,Electric heating,Good,0,D,314
99,4,3,1,1,1,0,1,2,5.6,Jyväskylä,Apartment,0,1,District heating,New,0,A,233
153,6,0,1,1,28,1,2,3,5.2,Tampere,Detached house,0,1,Geothermal,Fair,2530,D,431
66,2,4,1,1,15,0,1,1,1.7,Jyväskylä,Apartment,0,1,District heating,Good,0,C,154
88,4,0,0,2,31,1,1,1,8.9,Tampere,Semi-detached house,0,1,Air-source heat pump,Excellent,680,C,254
65,3,0,0,2,28,1,1,1,27.4,Vantaa,Semi-detached house,0,1,Geothermal,Needs renovation,1625,C,135
44,1,1,0,0,19,0,1,1,16.7,Tampere,Apartment,1,1,District heating,Good,0,C,80
58,3,0,0,1,35,0,1,1,8.2,Vantaa,Apartment,0,0,Electric heating,Good,0,D,129
88,4,0,0,1,59,1,2,3,4.2,Lahti,Semi-detached house,0,1,District heating,Excellent,615,D,129
50,2,8,0,0,39,0,1,1,2.9,Helsinki,Apartment,0,1,District heating,Fair,0,E,181
99,4,1,1,1,28,0,1,1,1.7,Jyväskylä,Apartment,1,1,District heating,Fair,0,D,213
91,4,0,0,2,9,0,2,2,2.4,Jyväskylä,Apartment,1,1,District heating,Excellent,0,C,225
171,7,0,0,2,47,1,3,4,6.4,Turku,Detached house,1,1,Air-source heat pump,Fair,1490,D,338
42,1,1,1,0,35,0,1,1,1.7,Lahti,Apartment,0,1,District heating,Good,0,E,65
80,3,3,0,1,95,0,1,1,6.5,Vantaa,Apartment,0,1,District heating,Needs renovation,0,G,104
107,3,0,1,1,5,0,2,3,2.3,Helsinki,Terraced house,0,1,Air-source heat pump,New,205,A,579
46,3,8,0,1,28,0,1,1,5.9,Tampere,Apartment,0,0,District heating,Fair,0,D,118
33,1,1,0,0,41,0,1,1,2.0,Tampere,Apartment,0,1,District heating,Good,0,D,96
46,2,2,0,1,16,0,1,1,12.0,Helsinki,Apartment,1,1,District heating,Excellent,0,C,213
88,3,0,0,2,55,1,1,1,8.2,Oulu,Detached house,0,1,Electric heating,Good,2900,F,188
68,3,3,0,1,84,0,1,1,2.9,Turku,Apartment,0,0,District heating,Fair,0,E,123
61,4,0,0,1,18,0,1,1,1.7,Oulu,Apartment,0,1,District heating,Good,0,B,127
71,2,0,1,1,16,0,1,1,2.9,Kuopio,Apartment,0,0,District heating,Fair,0,C,111
55,3,0,1,2,9,1,1,1,4.2,Lahti,Terraced house,0,1,District heating,Good,335,C,106
49,2,2,0,0,20,0,1,1,1.7,Tampere,Apartment,0,1,Geothermal,Good,0,D,149
64,2,0,0,1,1,1,1,1,3.8,Helsinki,Semi-detached house,0,1,Air-source heat pump,Excellent,380,B,346
114,5,0,1,1,39,0,2,2,24.3,Espoo,Apartment,1,0,District heating,Excellent,0,D,273
55,2,3,0,0,15,0,1,1,7.9,Helsinki,Apartment,0,1,District heating,Good,0,B,214
48,2,4,0,1,3,0,1,1,2.6,Lahti,Apartment,0,1,District heating,Good,0,C,91
143,6,0,0,1,37,1,3,4,7.7,Tampere,Detached house,0,1,Air-source heat pump,Good,1015,C,382
47,2,3,0,1,42,0,1,1,8.7,Helsinki,Apartment,0,0,District heating,Good,0,E,165
71,3,0,0,0,27,0,1,1,9.3,Helsinki,Apartment,0,1,District heating,Fair,0,D,221
78,3,3,1,1,48,0,1,1,2.2,Helsinki,Apartment,0,1,District heating,Good,0,F,312
66,3,2,0,1,31,0,1,1,6.3,Helsinki,Apartment,0,1,District heating,Excellent,0,D,292
59,2,1,0,1,29,0,1,1,3.4,Lahti,Apartment,0,1,District heating,Fair,0,C,79
51,3,1,0,1,33,0,1,1,3.8,Helsinki,Apartment,0,0,Geothermal,Good,0,D,209
211,8,0,1,1,15,1,3,4,3.9,Oulu,Detached house,0,1,Geothermal,Good,1270,C,445
45,2,0,0,1,95,0,1,1,2.6,Pori,Apartment,0,0,District heating,Fair,0,F,50
51,2,5,1,0,5,0,1,1,2.7,Turku,Apartment,0,1,District heating,Excellent,0,B,141
93,4,0,1,2,18,0,1,1,7.5,Turku,Detached house,1,1,Wood heating,Fair,665,E,183
105,5,0,0,3,55,1,2,2,7.8,Helsinki,Semi-detached house,0,1,District heating,Needs renovation,290,E,355
47,2,2,1,1,13,0,1,1,9.3,Turku,Apartment,0,1,Oil heating,Fair,0,D,100
80,2,3,1,0,12,0,1,1,1.9,Helsinki,Apartment,0,1,District heating,Good,0,C,331
92,4,2,0,0,61,0,1,1,2.3,Helsinki,Apartment,0,0,District heating,Good,0,E,324
69,4,2,1,1,1,0,1,1,5.1,Helsinki,Apartment,0,1,District heating,New,0,A,407
112,4,1,0,1,53,0,2,2,8.5,Vantaa,Apartment,0,1,District heating,Good,0,F,246
53,2,1,0,0,30,0,1,1,1.8,Jyväskylä,Apartment,0,0,Oil heating,Needs renovation,0,F,64
55,3,0,0,1,19,0,1,1,10.5,Vantaa,Apartment,0,0,Electric heating,Excellent,0,C,131
115,5,0,0,3,60,1,2,2,5.7,Oulu,Semi-detached house,0,1,Air-source heat pump,Fair,590,F,202
29,1,0,1,1,5,1,1,1,2.1,Pori,Apartment,0,1,District heating,Good,0,B,42
55,2,3,0,1,10,0,1,1,3.0,Turku,Apartment,0,1,Electric heating,Good,0,C,143
57,2,3,0,1,19,0,1,1,2.3,Tampere,Apartment,0,0,District heating,Good,0,C,163
87,4,0,0,1,23,1,2,2,14.2,Espoo,Terraced house,0,0,Geothermal,Excellent,310,B,288
41,2,2,1,0,95,0,1,1,29.8,Helsinki,Apartment,0,1,District heating,Needs renovation,0,G,47
123,5,0,1,2,16,1,1,1,21.0,Jyväskylä,Detached house,0,1,Electric heating,Fair,2355,C,169
108,4,0,1,1,22,1,2,2,26.7,Vantaa,Semi-detached house,0,1,Geothermal,Fair,570,B,195
100,3,0,0,2,50,1,2,2,2.3,Oulu,Semi-detached house,1,1,District heating,Fair,790,E,175
109,6,0,1,2,20,1,2,2,6.4,Helsinki,Semi-detached house,1,0,Air-source heat pump,Needs renovation,1145,C,491
94,4,0,1,1,20,0,2,2,3.1,Jyväskylä,Terraced house,1,0,District heating,Good,385,C,173
99,4,3,0,1,36,0,2,2,1.0,Tampere,Apartment,0,1,District heating,Good,0,C,272
200,8,0,0,1,11,1,3,3,8.5,Oulu,Detached house,1,1,District heating,Fair,1080,C,332
66,2,0,1,1,15,1,1,1,2.4,Tampere,Terraced house,1,1,Air-source heat pump,Fair,295,D,206
48,2,5,0,0,69,0,1,1,3.3,Helsinki,Apartment,0,0,District heating,Good,0,F,186
102,4,4,0,1,49,0,2,2,2.1,Helsinki,Apartment,0,1,District heating,Excellent,0,D,437
120,6,0,1,2,10,1,2,3,13.3,Pori,Detached house,1,0,Air-source heat pump,Fair,1345,C,129
125,5,5,1,1,14,0,2,2,28.1,Espoo,Apartment,0,0,District heating,Excellent,0,B,320
44,1,3,0,1,50,0,1,1,1.6,Turku,Apartment,1,0,District heating,Good,0,E,96
81,3,4,1,1,59,0,1,1,4.6,Oulu,Apartment,0,1,Air-source heat pump,Good,0,E,136
70,2,1,0,1,41,0,1,1,5.8,Oulu,Apartment,0,1,District heating,Fair,0,D,105
143,6,0,1,1,15,1,2,2,9.8,Vantaa,Detached house,1,1,Electric heating,Good,1610,C,485
133,5,0,1,1,19,1,2,3,1.8,Kuopio,Detached house,1,1,Geothermal,Good,3085,C,277
104,4,0,1,1,18,1,3,4,7.7,Espoo,Terraced house,1,1,Electric heating,Excellent,285,C,358
112,3,0,0,1,70,1,1,2,29.3,Helsinki,Semi-detached house,0,1,District heating,Good,560,F,244
86,3,3,1,0,32,0,1,1,3.8,Helsinki,Apartment,0,0,Geothermal,Good,0,C,362
44,2,1,0,1,64,0,1,1,3.6,Helsinki,Apartment,0,0,District heating,Good,0,E,184
135,5,4,1,1,11,0,2,2,4.9,Tampere,Apartment,0,1,District heating,Fair,0,B,339
95,4,0,0,1,28,1,2,2,5.1,Turku,Detached house,0,1,District heating,Needs renovation,1200,F,215
44,2,1,0,0,17,0,1,1,1.8,Helsinki,Apartment,0,1,District heating,Good,0,C,226
148,6,0,0,1,33,1,3,4,25.0,Vantaa,Detached house,1,1,Air-source heat pump,Excellent,1340,D,283
56,2,1,0,0,2,0,1,1,13.7,Vantaa,Apartment,0,1,District heating,Excellent,0,B,150
57,3,4,0,1,24,0,1,1,4.3,Jyväskylä,Apartment,1,0,Electric heating,Excellent,0,C,141
89,3,0,0,2,77,1,2,2,9.4,Tampere,Terraced house,0,1,District heating,Needs renovation,550,E,173
44,2,2,0,1,26,0,1,1,2.5,Lahti,Apartment,0,0,District heating,Needs renovation,0,D,56
97,4,3,0,1,29,0,2,2,3.1,Helsinki,Apartment,0,1,District heating,Good,0,E,444
42,2,1,1,1,25,0,1,1,4.0,Espoo,Apartment,0,0,District heating,Fair,0,C,137
83,3,0,1,1,6,1,2,2,18.5,Vantaa,Detached house,0,1,Air-source heat pump,Good,940,C,248
84,4,0,1,1,71,1,2,2,9.0,Helsinki,Terraced house,1,0,Air-source heat pump,Good,260,F,341
109,4,0,0,2,33,1,1,1,2.4,Oulu,Terraced house,0,1,Oil heating,Good,745,D,209
60,2,1,0,1,63,0,1,1,7.5,Espoo,Apartment,0,1,District heating,Fair,0,F,147
86,4,1,0,0,63,0,1,1,2.8,Helsinki,Apartment,0,0,District heating,Excellent,0,E,327
38,1,0,0,1,55,0,1,1,1.3,Turku,Apartment,0,0,District heating,Good,0,D,81
73,3,0,0,2,22,1,2,2,3.3,Lahti,Semi-detached house,0,1,Air-source heat pump,Excellent,685,B,126
95,4,0,0,2,13,1,2,2,18.5,Tampere,Detached house,0,1,Geothermal,Needs renovation,1115,C,183
69,3,0,0,1,35,0,1,1,2.8,Jyväskylä,Apartment,0,1,District heating,Excellent,0,D,131
94,4,0,1,1,19,1,1,1,9.8,Vantaa,Semi-detached house,1,1,Electric heating,Fair,370,E,225
39,2,2,0,0,40,0,1,1,3.2,Helsinki,Apartment,0,0,Air-source heat pump,Good,0,D,148
50,3,3,1,1,27,0,1,1,2.0,Helsinki,Apartment,0,1,District heating,Needs renovation,0,D,206
115,5,0,0,1,39,1,2,2,10.9,Vantaa,Semi-detached house,1,0,Electric heating,Good,660,D,290
156,6,0,0,1,42,1,2,2,7.4,Vantaa,Semi-detached house,1,1,Air-source heat pump,Good,475,E,343
58,3,1,0,1,18,0,1,1,4.8,Tampere,Apartment,1,1,Air-source heat pump,Needs renovation,0,D,147
132,5,0,0,1,22,1,2,3,3.1,Oulu,Detached house,0,1,Air-source heat pump,Good,1355,D,306
31,2,4,1,1,27,0,1,1,4.7,Espoo,Apartment,0,0,Electric heating,Excellent,0,D,122
62,2,3,1,1,25,0,1,1,3.9,Turku,Apartment,0,1,Electric heating,Needs renovation,0,D,120
64,4,1,1,0,15,0,1,1,3.2,Helsinki,Apartment,0,1,District heating,Excellent,0,B,306
71,4,7,1,0,4,0,1,1,3.1,Helsinki,Apartment,0,1,Electric heating,Excellent,0,B,377
66,3,0,0,1,39,0,1,1,3.1,Turku,Apartment,0,0,District heating,Fair,0,D,112
62,2,10,1,0,62,0,1,2,1.7,Tampere,Apartment,0,0,District heating,Excellent,0,F,162
38,1,3,1,0,5,0,1,1,3.2,Helsinki,Apartment,0,1,District heating,Good,0,B,211
75,3,4,1,1,16,0,1,1,2.7,Tampere,Apartment,1,1,District heating,Excellent,0,B,245
122,5,0,1,1,0,0,2,2,4.2,Oulu,Apartment,0,1,District heating,Excellent,0,B,263
149,5,0,0,1,45,1,3,4,2.8,Jyväskylä,Detached house,1,1,Air-source heat pump,Fair,1675,E,289
81,3,5,1,1,5,0,1,2,5.8,Helsinki,Apartment,0,1,District heating,Excellent,0,B,391
36,2,1,0,1,28,0,1,1,6.5,Helsinki,Apartment,0,0,District heating,Good,0,C,146
98,4,0,0,2,48,1,2,3,3.5,Espoo,Terraced house,1,1,Air-source heat pump,Fair,515,D,320
118,5,0,0,2,21,1,2,3,5.3,Jyväskylä,Semi-detached house,0,1,District heating,Fair,655,D,259
78,3,0,1,2,35,0,1,1,10.0,Lahti,Terraced house,1,1,District heating,Excellent,365,D,113
47,3,2,1,1,50,0,1,1,5.2,Helsinki,Apartment,0,1,District heating,Excellent,0,E,185
158,7,0,0,1,31,1,2,2,8.5,Jyväskylä,Detached house,1,1,Geothermal,Good,1540,D,284
124,4,0,0,2,19,1,3,3,8.4,Helsinki,Detached house,1,1,Geothermal,Needs renovation,630,C,447
87,4,0,1,2,13,0,1,2,9.0,Espoo,Terraced house,1,1,District heating,Good,140,D,322
75,2,0,1,0,4,0,1,2,4.4,Helsinki,Apartment,1,1,District heating,Good,0,B,310
133,4,0,1,1,18,1,3,4,6.5,Espoo,Detached house,0,0,Electric heating,Excellent,1920,D,637
102,4,0,1,1,10,0,1,1,9.2,Helsinki,Apartment,0,1,Electric heating,Excellent,0,B,354
84,5,2,1,0,0,0,1,1,2.2,Tampere,Apartment,1,1,District heating,Excellent,0,B,282
135,5,0,0,2,95,1,2,2,6.9,Lahti,Terraced house,0,1,Oil heating,Fair,610,G,142
55,3,4,0,0,16,0,1,1,1.5,Tampere,Apartment,0,1,Electric heating,Good,0,D,155
78,2,9,0,1,49,0,1,1,4.6,Oulu,Apartment,0,1,Air-source heat pump,Excellent,0,D,138
94,4,0,1,1,32,1,1,2,6.7,Oulu,Terraced house,0,1,District heating,Excellent,675,C,202
105,4,0,0,2,87,1,2,3,7.1,Tampere,Terraced house,1,1,Air-source heat pump,Fair,430,F,207
59,2,3,0,1,3,0,1,1,4.8,Vantaa,Apartment,0,1,District heating,New,0,A,197
94,3,0,0,0,64,1,2,3,8.3,Tampere,Semi-detached house,0,1,District heating,Good,325,E,167
110,3,0,1,1,24,1,1,1,16.2,Espoo,Semi-detached house,0,1,Electric heating,Good,850,C,364
63,2,3,1,1,29,0,1,1,12.9,Vantaa,Apartment,0,0,Electric heating,Good,0,D,144
62,3,1,1,1,33,0,1,1,5.2,Pori,Apartment,0,1,District heating,Good,0,D,72
71,3,3,0,1,29,0,1,1,3.5,Tampere,Apartment,0,1,District heating,Good,0,D,202
53,2,3,0,0,24,0,1,1,15.9,Helsinki,Apartment,0,1,District heating,Fair,0,C,166
102,4,0,0,1,27,0,1,1,1.4,Helsinki,Apartment,1,0,District heating,Needs renovation,0,D,348
71,3,1,1,1,20,0,1,2,7.4,Espoo,Apartment,0,1,District heating,Good,0,D,252
66,2,9,0,1,32,0,1,1,1.9,Jyväskylä,Apartment,0,1,District heating,Good,0,C,143
87,4,4,0,1,95,0,1,2,2.6,Helsinki,Apartment,0,0,District heating,Fair,0,F,301
55,2,3,1,1,11,0,1,1,8.3,Espoo,Apartment,0,1,District heating,Fair,0,C,162
135,6,0,0,1,31,1,2,2,7.4,Tampere,Detached house,0,1,Oil heating,Fair,1380,E,290
68,2,1,0,1,27,0,1,1,3.7,Tampere,Apartment,0,0,District heating,Needs renovation,0,D,142
72,4,1,1,1,25,0,1,1,1.2,Helsinki,Apartment,0,1,District heating,Needs renovation,0,D,308
76,4,0,1,0,11,1,1,1,2.7,Jyväskylä,Terraced house,1,1,Electric heating,Good,385,C,158
33,1,0,1,1,17,1,1,1,2.7,Helsinki,Apartment,0,1,District heating,Excellent,0,B,163
76,3,1,0,1,44,0,1,2,9.0,Lahti,Apartment,1,1,District heating,Fair,0,E,98
71,3,0,0,0,28,0,2,2,2.7,Helsinki,Apartment,0,1,District heating,Good,0,C,277
46,2,0,1,1,21,1,1,1,2.6,Jyväskylä,Apartment,0,1,District heating,Good,0,C,105
53,2,2,0,0,42,0,1,1,6.2,Helsinki,Apartment,0,1,District heating,Fair,0,D,169
41,2,3,1,1,22,0,1,1,5.9,Helsinki,Apartment,0,1,Electric heating,Excellent,0,C,222
112,4,4,0,2,17,0,2,2,3.2,Espoo,Apartment,0,1,District heating,Good,0,D,385
161,6,0,1,0,39,1,3,4,3.3,Jyväskylä,Semi-detached house,0,1,Wood heating,Good,1485,C,337
97,4,1,1,1,1,0,1,1,4.0,Helsinki,Apartment,1,0,District heating,Excellent,0,A,425
58,3,2,0,1,43,0,1,1,14.7,Vantaa,Apartment,0,1,District heating,Good,0,E,125
97,3,0,1,2,25,1,1,2,23.1,Lahti,Detached house,0,1,Electric heating,Good,2840,D,113
136,6,0,1,2,7,1,2,2,5.6,Helsinki,Semi-detached house,0,1,District heating,Good,900,B,719
49,2,0,0,1,40,1,1,1,6.1,Oulu,Terraced house,1,1,District heating,Good,355,D,88
106,4,0,0,1,0,0,1,1,3.7,Helsinki,Apartment,0,0,District heating,New,0,A,510
47,2,3,1,0,11,0,1,1,2.9,Tampere,Apartment,0,1,District heating,Fair,0,C,129
135,5,0,1,1,13,1,2,3,18.6,Vantaa,Detached house,1,1,District heating,Fair,2325,D,307
162,6,0,0,1,22,1,2,3,9.9,Espoo,Detached house,0,1,District heating,Good,1870,E,660
67,2,0,0,1,37,0,1,1,1.5,Helsinki,Apartment,0,1,District heating,Fair,0,E,258
120,5,0,0,2,31,1,3,3,2.2,Lahti,Terraced house,0,1,Oil heating,Fair,550,D,185
90,4,0,1,1,6,1,1,2,11.0,Pori,Detached house,0,1,Geothermal,Good,1375,B,125
35,2,3,1,1,95,0,1,1,4.3,Vantaa,Apartment,0,0,District heating,Fair,0,G,80
56,2,1,1,1,61,0,1,1,3.6,Lahti,Apartment,0,0,District heating,Good,0,E,69
85,4,0,0,3,45,1,1,1,11.4,Oulu,Terraced house,0,1,Electric heating,Good,620,E,126
62,2,1,0,1,26,0,1,1,2.4,Helsinki,Apartment,0,0,Air-source heat pump,Good,0,C,259
100,4,0,1,1,16,1,1,2,7.6,Helsinki,Terraced house,0,1,Air-source heat pump,Fair,525,C,488
59,3,1,0,0,25,0,1,1,1.9,Tampere,Apartment,0,0,District heating,Good,0,C,165
35,2,0,1,1,11,0,1,1,5.1,Vantaa,Apartment,0,1,Geothermal,Good,0,C,109
168,6,0,0,2,48,1,2,2,10.2,Lahti,Detached house,1,1,Electric heating,Fair,4295,F,211
80,3,0,1,2,0,1,1,1,14.1,Vantaa,Semi-detached house,0,1,Air-source heat pump,New,730,A,267
47,2,0,0,0,47,0,1,1,8.7,Helsinki,Apartment,0,1,District heating,Good,0,E,130
175,7,0,0,2,95,1,3,4,3.0,Jyväskylä,Detached house,1,1,Electric heating,Needs renovation,1395,G,261
41,2,4,1,0,8,0,1,1,8.6,Espoo,Apartment,0,1,District heating,Good,0,C,143
68,3,1,1,0,20,0,1,1,3.4,Tampere,Apartment,0,0,District heating,Excellent,0,B,180
108,4,0,1,2,38,0,2,2,4.4,Turku,Apartment,1,0,District heating,Needs renovation,0,D,166
54,3,2,0,1,58,0,1,1,2.5,Kuopio,Apartment,0,0,District heating,Good,0,F,89
97,3,1,0,1,19,0,1,2,11.3,Espoo,Apartment,0,1,District heating,Excellent,0,C,315
78,3,0,0,0,44,1,1,1,2.4,Turku,Apartment,1,1,Geothermal,Fair,0,D,172
45,2,1,1,0,29,0,1,1,4.3,Oulu,Apartment,0,0,District heating,Good,0,D,80
63,2,6,1,1,24,0,1,1,4.0,Tampere,Apartment,0,1,District heating,Excellent,0,C,187
28,1,2,0,0,46,0,1,1,2.1,Tampere,Apartment,0,0,District heating,Needs renovation,0,E,52
129,6,0,1,2,15,1,2,2,7.0,Vantaa,Detached house,0,1,Electric heating,Fair,990,D,330
94,3,4,0,1,15,0,1,1,6.5,Vantaa,Apartment,0,1,District heating,Good,0,C,258
70,2,5,0,1,49,0,1,1,5.2,Jyväskylä,Apartment,0,1,District heating,Fair,0,F,114
101,5,0,0,2,15,1,1,1,5.7,Espoo,Detached house,0,1,District heating,Fair,1105,C,432
29,1,1,1,0,63,0,1,1,7.1,Tampere,Apartment,0,0,District heating,Needs renovation,0,F,50
54,3,0,0,1,18,0,1,1,6.6,Espoo,Apartment,0,0,District heating,Good,0,B,190
107,5,0,1,2,20,1,2,2,7.6,Jyväskylä,Detached house,1,1,Electric heating,Fair,4685,D,238
89,3,0,0,2,20,1,2,2,7.7,Tampere,Detached house,1,1,Geothermal,Fair,760,D,239
103,4,0,1,0,1,0,2,2,4.1,Helsinki,Apartment,0,1,District heating,New,0,B,510
106,5,0,1,1,55,1,2,2,20.6,Vantaa,Semi-detached house,0,1,Electric heating,Fair,475,E,174
72,2,0,1,1,34,0,1,2,2.5,Jyväskylä,Apartment,0,0,District heating,Fair,0,E,130
107,5,0,0,1,49,1,2,3,3.1,Oulu,Terraced house,0,1,District heating,Needs renovation,470,F,149
83,3,1,1,1,32,0,1,1,1.2,Kuopio,Apartment,0,1,District heating,Fair,0,D,150
53,2,2,0,0,4,0,1,1,3.8,Tampere,Apartment,0,1,District heating,Excellent,0,B,164
40,2,4,1,1,5,0,1,1,6.8,Helsinki,Apartment,0,0,District heating,Good,0,B,196
80,2,0,1,1,42,1,1,1,11.8,Vantaa,Terraced house,0,1,District heating,Fair,310,D,184
93,4,1,0,1,33,0,2,2,3.9,Helsinki,Apartment,1,1,District heating,Needs renovation,0,D,302
120,4,0,1,1,47,1,2,3,1.8,Pori,Semi-detached house,1,1,Air-source heat pump,Good,790,D,144
132,5,0,0,2,11,1,2,3,5.6,Pori,Detached house,0,1,Geothermal,Excellent,3660,C,202
96,4,0,1,3,5,1,1,1,6.9,Helsinki,Detached house,0,1,Geothermal,New,1190,B,642
120,5,8,1,0,11,0,2,2,1.5,Tampere,Apartment,1,0,District heating,Needs renovation,0,C,304
130,4,0,0,2,34,1,3,3,9.4,Oulu,Detached house,0,1,Wood heating,Excellent,935,D,179
91,4,0,1,1,44,1,2,2,10.6,Turku,Terraced house,1,1,District heating,Good,450,E,173
90,4,7,0,1,47,0,2,2,6.3,Helsinki,Apartment,1,1,Electric heating,Needs renovation,0,F,296
33,1,1,0,1,51,0,1,1,2.6,Jyväskylä,Apartment,0,0,Air-source heat pump,Good,0,E,70
95,3,3,0,1,20,0,2,2,13.1,Helsinki,Apartment,0,1,Air-source heat pump,Fair,0,D,298
79,2,0,1,1,4,0,1,1,2.3,Helsinki,Apartment,0,1,District heating,Good,0,C,371
88,4,3,1,1,61,0,1,1,2.1,Vantaa,Apartment,0,0,District heating,Good,0,F,205
96,4,0,0,1,22,0,1,1,4.5,Oulu,Apartment,0,0,Air-source heat pump,Good,0,B,174
46,2,0,1,0,3,0,1,1,8.3,Vantaa,Apartment,0,0,District heating,New,0,A,136
124,5,0,1,1,9,1,2,3,11.1,Tampere,Terraced house,0,0,Air-source heat pump,Excellent,350,A,341
84,3,3,1,0,74,0,1,1,1.5,Turku,Apartment,0,0,District heating,Fair,0,F,131
74,3,5,0,0,4,0,1,1,6.3,Turku,Apartment,0,0,District heating,Excellent,0,B,177
53,2,0,0,1,55,0,1,1,8.5,Pori,Apartment,0,0,District heating,Needs renovation,0,F,35
65,2,0,1,1,34,0,1,1,10.4,Tampere,Apartment,0,1,District heating,Good,0,E,130
33,1,0,0,0,50,1,1,1,5.1,Vantaa,Apartment,0,1,District heating,Good,0,D,78
87,4,0,1,1,9,1,2,2,13.8,Pori,Detached house,0,1,Geothermal,Excellent,1025,A,130
96,4,0,0,1,37,1,2,2,4.8,Tampere,Detached house,0,1,Oil heating,Fair,720,F,251
64,3,0,1,0,28,1,1,1,5.1,Helsinki,Apartment,0,1,District heating,Good,0,D,228
59,2,0,0,1,47,0,1,2,5.1,Oulu,Apartment,0,1,Electric heating,Fair,0,E,102
134,6,0,0,2,27,1,2,3,20.0,Turku,Detached house,1,1,Electric heating,Fair,1105,D,208
50,2,2,0,1,18,0,1,1,5.8,Tampere,Apartment,0,1,District heating,Excellent,0,B,145
40,2,2,0,1,36,0,1,1,6.1,Tampere,Apartment,0,1,District heating,Good,0,D,103
63,4,0,0,1,38,1,1,1,6.1,Helsinki,Terraced house,0,0,District heating,Fair,220,E,220
61,2,3,1,1,22,0,1,1,9.3,Vantaa,Apartment,0,0,District heating,Good,0,C,143
112,5,0,0,2,89,1,2,2,3.4,Vantaa,Terraced house,1,1,Electric heating,Good,460,F,246
90,5,0,0,2,68,1,2,2,5.3,Pori,Detached house,0,1,Geothermal,Fair,2315,F,107
42,1,7,1,0,11,0,1,1,4.0,Helsinki,Apartment,0,1,District heating,Excellent,0,B,197
85,3,2,0,1,42,0,1,2,3.2,Pori,Apartment,1,1,District heating,Good,0,E,109
58,2,0,0,0,38,0,1,1,1.9,Helsinki,Apartment,0,1,District heating,Good,0,C,209
56,2,0,0,1,94,0,1,2,4.3,Kuopio,Apartment,0,0,District heating,Fair,0,G,70
71,2,0,1,0,64,1,1,1,6.1,Vantaa,Apartment,0,0,District heating,Good,0,E,150
52,2,3,0,1,41,0,1,1,7.1,Lahti,Apartment,0,1,District heating,Good,0,F,68
117,4,0,0,2,26,1,1,1,2.8,Pori,Detached house,0,1,District heating,Needs renovation,755,D,129
156,7,0,1,2,10,1,2,2,5.3,Oulu,Detached house,1,0,Geothermal,Good,2240,C,343
88,4,2,0,0,4,0,1,1,1.7,Turku,Apartment,0,1,District heating,New,0,A,245
107,4,0,0,1,38,0,2,3,15.6,Espoo,Apartment,0,1,Geothermal,Needs renovation,0,C,224
59,2,5,1,1,3,0,1,1,5.9,Helsinki,Apartment,0,1,District heating,New,0,A,316
138,5,0,1,2,35,1,2,3,9.6,Oulu,Detached house,1,1,Air-source heat pump,Good,1480,D,258
57,3,2,0,1,4,0,1,1,9.8,Vantaa,Apartment,0,0,District heating,Excellent,0,B,157
195,7,0,0,0,63,1,3,4,5.9,Jyväskylä,Detached house,1,1,Electric heating,Good,2105,E,289
30,2,1,1,1,16,0,1,1,5.2,Jyväskylä,Apartment,0,1,Electric heating,Good,0,B,61
85,3,0,1,2,42,1,1,1,10.7,Espoo,Terraced house,0,1,Electric heating,Good,190,E,225
113,5,0,0,2,38,1,2,2,4.4,Lahti,Semi-detached house,0,1,District heating,Good,775,E,169
69,3,3,1,0,11,0,1,1,1.9,Turku,Apartment,0,1,District heating,Good,0,C,179
151,7,0,0,1,90,1,3,3,3.9,Turku,Detached house,1,1,Electric heating,Needs renovation,885,G,230
49,2,2,0,1,27,0,1,1,7.4,Vantaa,Apartment,1,1,Geothermal,Fair,0,C,123
77,3,0,0,1,95,0,2,2,3.1,Turku,Apartment,0,0,District heating,Good,0,F,156
75,4,0,0,1,50,1,1,2,3.3,Helsinki,Terraced house,0,1,Electric heating,Fair,370,F,325
273,9,0,1,2,55,1,3,4,10.9,Turku,Detached house,1,1,Air-source heat pump,Good,1260,D,447
50,3,2,1,0,15,0,1,1,11.4,Espoo,Apartment,0,1,District heating,Good,0,D,171
98,4,0,1,1,15,1,2,2,5.0,Tampere,Terraced house,1,1,District heating,Good,680,C,286
95,3,3,1,1,27,0,2,2,2.3,Helsinki,Apartment,0,1,District heating,Excellent,0,C,453
39,2,0,0,1,22,0,1,1,2.1,Turku,Apartment,0,1,District heating,Good,0,D,95
62,2,1,0,1,55,0,1,1,3.4,Lahti,Apartment,0,1,District heating,Needs renovation,0,E,61
103,4,0,0,2,38,1,1,1,6.6,Helsinki,Detached house,0,0,Geothermal,Good,790,D,487
93,4,0,1,1,9,0,1,1,4.9,Tampere,Apartment,0,1,District heating,Excellent,0,C,234
41,2,7,1,1,0,0,1,1,0.5,Jyväskylä,Apartment,0,1,District heating,New,0,B,129
40,2,1,0,1,29,0,1,1,2.6,Jyväskylä,Apartment,0,1,District heating,Needs renovation,0,E,64
194,7,0,1,2,30,1,3,3,7.9,Helsinki,Semi-detached house,1,0,Wood heating,Needs renovation,635,E,594
120,5,0,1,2,3,1,2,2,14.5,Espoo,Semi-detached house,1,1,Air-source heat pump,Excellent,840,A,546
203,8,0,1,3,0,1,3,3,14.7,Helsinki,Detached house,1,1,Electric heating,New,995,B,998
79,4,2,0,0,1,0,1,2,6.8,Espoo,Apartment,0,1,District heating,Excellent,0,B,336
45,2,0,0,1,23,0,1,1,3.8,Helsinki,Apartment,0,0,District heating,Excellent,0,C,212
92,3,0,1,1,0,1,2,3,10.2,Helsinki,Semi-detached house,1,0,Air-source heat pump,Excellent,520,A,498
76,3,0,0,1,22,1,1,1,3.6,Turku,Semi-detached house,0,1,Air-source heat pump,Good,670,C,216
26,1,4,1,0,7,0,1,1,2.3,Helsinki,Apartment,0,1,District heating,Good,0,C,143
98,4,0,0,1,51,1,1,1,2.7,Helsinki,Semi-detached house,0,1,Electric heating,Needs renovation,495,E,412
94,4,0,1,1,12,0,2,3,5.5,Helsinki,Apartment,1,1,District heating,Excellent,0,B,409
33,2,0,0,2,40,0,1,1,4.3,Helsinki,Apartment,0,1,District heating,Fair,0,D,143
65,2,4,1,1,78,0,1,1,11.5,Turku,Apartment,0,0,District heating,Excellent,0,E,98
142,6,0,0,2,21,1,2,2,13.1,Espoo,Detached house,1,0,Air-source heat pump,Good,735,B,439
114,4,0,0,1,35,0,3,3,3.7,Helsinki,Apartment,0,1,District heating,Fair,0,D,416
36,2,3,0,0,67,0,1,1,5.4,Espoo,Apartment,0,1,District heating,Good,0,F,108
28,1,1,0,1,17,0,1,1,2.8,Pori,Apartment,0,1,District heating,Good,0,D,43
107,5,5,0,2,34,0,2,3,6.4,Tampere,Apartment,0,0,District heating,Fair,0,E,214
72,4,0,1,1,10,1,1,1,16.5,Espoo,Semi-detached house,1,0,Air-source heat pump,Good,1110,C,280
62,2,4,1,1,11,0,1,1,2.0,Jyväskylä,Apartment,0,1,District heating,Fair,0,C,132
108,4,0,1,2,12,1,1,1,8.2,Tampere,Detached house,0,1,Geothermal,Good,1230,C,314
116,4,0,1,2,4,1,1,2,4.2,Oulu,Semi-detached house,1,1,Air-source heat pump,New,425,A,296
74,3,2,0,0,31,0,1,1,11.9,Espoo,Apartment,0,0,District heating,Excellent,0,C,211
52,2,1,0,0,45,0,1,1,5.4,Helsinki,Apartment,0,1,District heating,Fair,0,F,158
28,1,6,1,0,2,0,1,1,4.8,Espoo,Apartment,0,1,District heating,Good,0,B,127
70,3,0,1,1,51,0,1,2,6.8,Helsinki,Apartment,0,1,District heating,Fair,0,E,259
48,2,2,0,1,10,0,1,1,1.4,Espoo,Apartment,0,1,District heating,Excellent,0,B,214
101,5,0,0,2,39,1,2,2,4.9,Oulu,Semi-detached house,0,1,District heating,Good,850,D,213
48,3,0,0,1,39,0,1,1,2.7,Turku,Apartment,0,1,District heating,Fair,0,E,90
88,2,0,0,1,21,1,1,2,7.8,Kuopio,Terraced house,1,1,Oil heating,Excellent,740,C,157
101,3,3,1,1,30,0,2,2,2.4,Vantaa,Apartment,1,1,District heating,Fair,0,D,291
77,4,0,0,1,34,1,2,2,2.5,Lahti,Semi-detached house,1,1,Oil heating,Good,540,D,133
167,6,0,1,2,11,1,2,2,7.3,Lahti,Detached house,1,1,Electric heating,Excellent,1225,C,289
95,3,0,0,1,95,1,2,2,15.0,Espoo,Semi-detached house,0,1,District heating,Good,440,F,272
142,7,0,0,2,23,1,2,2,9.9,Vantaa,Detached house,1,0,Wood heating,Fair,3080,E,406
71,3,0,1,1,1,0,1,1,1.1,Turku,Apartment,0,0,District heating,New,0,A,199
129,4,0,1,1,3,1,2,2,5.4,Kuopio,Detached house,1,1,Geothermal,New,1815,A,241
41,2,2,1,1,4,0,1,1,4.5,Tampere,Apartment,0,1,District heating,Excellent,0,B,134
165,6,0,0,1,9,1,2,2,22.2,Vantaa,Detached house,1,1,Air-source heat pump,Fair,2970,A,411
82,3,2,1,0,5,0,1,1,4.7,Helsinki,Apartment,0,1,Electric heating,Fair,0,C,319
64,3,5,1,1,20,0,1,1,3.7,Tampere,Apartment,0,1,District heating,Good,0,C,215
117,4,0,1,1,2,1,1,1,10.7,Espoo,Detached house,1,1,Geothermal,New,1745,A,596
67,3,0,0,1,17,0,1,1,0.7,Kuopio,Apartment,0,1,District heating,Fair,0,D,131
108,4,0,0,1,7,1,2,2,12.7,Jyväskylä,Terraced house,1,1,District heating,Excellent,830,D,188
104,3,0,1,2,4,1,1,1,2.5,Espoo,Semi-detached house,0,1,District heating,Excellent,680,A,450
78,3,0,0,2,46,1,1,1,18.8,Vantaa,Terraced house,1,1,Air-source heat pump,Fair,575,E,152
136,6,1,1,1,12,0,2,2,5.1,Tampere,Apartment,0,1,District heating,Fair,0,C,356
66,3,1,0,1,35,0,1,1,17.2,Vantaa,Apartment,0,1,District heating,Needs renovation,0,D,102
93,3,4,0,1,46,0,2,3,1.3,Tampere,Apartment,0,1,District heating,Needs renovation,0,E,209
63,2,0,1,0,38,1,1,1,4.2,Helsinki,Apartment,0,1,Electric heating,Excellent,0,D,230
61,4,3,0,0,40,0,1,2,8.9,Oulu,Apartment,0,1,District heating,Fair,0,E,76
109,5,0,0,2,42,1,1,1,2.2,Tampere,Terraced house,0,1,District heating,Good,800,D,317
120,5,0,1,2,0,1,2,3,5.8,Jyväskylä,Detached house,1,1,Electric heating,New,1465,B,294
114,4,0,0,1,21,1,2,2,3.5,Helsinki,Semi-detached house,1,0,Geothermal,Good,330,C,605
68,2,2,0,0,36,0,1,1,2.6,Turku,Apartment,0,1,Electric heating,Fair,0,E,118
57,2,6,0,1,2,0,1,1,3.6,Oulu,Apartment,0,1,District heating,New,0,A,167
53,2,1,1,1,12,0,1,1,4.2,Lahti,Apartment,0,0,District heating,Good,0,C,84
40,1,2,1,0,22,0,1,1,6.6,Espoo,Apartment,0,1,District heating,Excellent,0,C,153
39,1,2,1,1,35,0,1,1,10.7,Vantaa,Apartment,0,0,District heating,Needs renovation,0,E,80
132,5,0,0,1,37,1,2,2,7.2,Turku,Apartment,1,0,District heating,Needs renovation,0,E,189
133,5,7,0,1,29,0,1,1,3.6,Helsinki,Apartment,0,1,District heating,Good,0,B,529
67,2,0,0,1,84,1,1,1,4.6,Helsinki,Apartment,0,0,District heating,Fair,0,F,203
58,3,1,1,1,56,0,1,1,1.5,Turku,Apartment,0,0,District heating,Good,0,E,133
91,4,0,1,3,13,1,2,2,10.4,Pori,Detached house,1,1,Geothermal,Fair,1230,B,121
77,3,3,0,1,53,0,2,2,2.5,Helsinki,Apartment,0,1,District heating,Good,0,E,318
96,5,0,1,2,1,1,1,1,13.6,Turku,Semi-detached house,0,0,District heating,New,315,B,213
53,2,1,1,1,48,0,1,1,3.7,Pori,Apartment,0,1,District heating,Needs renovation,0,E,45
142,5,0,0,2,47,1,3,3,5.8,Pori,Detached house,1,1,Electric heating,Fair,1490,D,143
107,4,3,1,0,34,0,2,2,6.1,Espoo,Apartment,0,0,District heating,Good,0,C,292
46,2,5,1,1,1,0,1,1,2.3,Tampere,Apartment,0,1,District heating,New,0,A,189
65,2,4,1,1,49,0,1,1,4.8,Helsinki,Apartment,0,0,District heating,Fair,0,C,243
39,1,8,1,1,10,0,1,1,8.3,Vantaa,Apartment,0,1,District heating,Fair,0,C,107
115,5,1,1,1,15,0,2,3,2.5,Turku,Apartment,1,1,District heating,Good,0,C,298
133,6,0,0,1,40,1,2,3,12.1,Helsinki,Detached house,0,1,Electric heating,Good,1230,E,514
54,2,1,0,0,17,0,1,1,1.3,Helsinki,Apartment,0,1,District heating,Fair,0,D,284
37,2,1,1,1,21,0,1,1,5.8,Espoo,Apartment,0,0,District heating,Fair,0,C,137
71,4,0,1,1,30,0,1,2,13.6,Vantaa,Terraced house,1,1,District heating,Good,175,D,168
31,1,9,0,1,19,0,1,1,1.7,Oulu,Apartment,1,0,District heating,Needs renovation,0,D,65
90,5,0,0,2,30,1,2,2,8.2,Pori,Detached house,0,1,Air-source heat pump,Good,1830,E,132
76,2,0,1,1,68,0,1,1,3.5,Lahti,Apartment,0,1,District heating,Fair,0,E,87
77,3,0,0,1,28,1,1,1,19.8,Espoo,Semi-detached house,0,1,Geothermal,Fair,505,C,269
133,6,0,0,3,80,1,2,2,14.8,Helsinki,Detached house,1,0,Electric heating,Fair,950,G,323
55,3,0,0,1,27,0,1,1,3.6,Helsinki,Apartment,0,0,Air-source heat pump,Good,0,C,248
30,1,0,1,1,16,0,1,1,3.9,Espoo,Apartment,0,1,District heating,Good,0,C,121
42,2,4,1,0,10,0,1,1,5.1,Espoo,Apartment,0,1,District heating,Good,0,B,163
72,3,0,0,1,72,1,1,1,2.7,Pori,Terraced house,0,1,District heating,Fair,370,E,80
40,2,11,0,0,14,0,1,1,5.1,Tampere,Apartment,0,1,District heating,Needs renovation,0,B,106
126,4,0,0,3,52,1,2,3,10.4,Vantaa,Detached house,0,1,Wood heating,Good,590,F,248
62,3,0,0,3,58,1,1,1,3.6,Turku,Terraced house,0,1,Air-source heat pump,Good,240,E,114
112,3,0,0,1,31,1,2,2,14.4,Helsinki,Semi-detached house,0,1,Electric heating,Needs renovation,655,E,325
34,1,2,0,1,42,0,1,1,5.0,Helsinki,Apartment,1,1,District heating,Needs renovation,0,F,123
119,4,1,0,1,16,0,2,3,20.5,Espoo,Apartment,0,1,Air-source heat pump,Good,0,C,309
66,3,1,0,0,95,0,1,1,8.0,Oulu,Apartment,0,1,District heating,Good,0,F,88
36,2,2,1,1,1,0,1,1,1.6,Tampere,Apartment,0,1,Air-source heat pump,New,0,B,141
78,3,0,0,2,47,1,1,1,21.2,Espoo,Detached house,1,1,Electric heating,Good,1675,F,294
101,3,0,1,1,32,0,2,2,4.9,Helsinki,Terraced house,1,1,Electric heating,Excellent,340,C,534
97,3,0,0,2,47,1,1,2,13.4,Helsinki,Semi-detached house,0,1,Electric heating,Fair,320,E,295
97,4,1,1,0,4,0,2,2,4.0,Tampere,Apartment,0,1,District heating,Excellent,0,B,289
92,3,0,0,1,29,1,1,2,3.6,Kuopio,Detached house,1,1,Electric heating,Good,585,D,160
33,2,0,0,1,18,0,1,1,3.6,Oulu,Apartment,0,1,Electric heating,Good,0,D,72
101,4,0,0,2,5,1,2,3,6.1,Oulu,Semi-detached house,1,1,District heating,New,1065,C,239
128,5,0,0,1,36,1,2,2,3.6,Helsinki,Semi-detached house,0,1,Electric heating,Good,285,D,498
130,5,7,0,1,57,0,1,1,2.2,Helsinki,Apartment,0,0,District heating,Needs renovation,0,F,407
84,5,2,0,1,21,0,2,2,5.3,Espoo,Apartment,0,0,Electric heating,Needs renovation,0,D,277
138,6,0,0,1,30,1,2,2,5.2,Turku,Detached house,1,1,Electric heating,Good,1945,D,361
96,4,0,0,1,25,1,1,1,4.4,Turku,Terraced house,0,1,District heating,Fair,670,C,225
63,3,0,1,2,11,1,1,1,14.6,Tampere,Terraced house,1,1,Air-source heat pump,Fair,765,C,184
55,2,0,1,0,4,0,1,1,8.3,Vantaa,Apartment,0,1,District heating,Good,0,A,154
117,5,7,0,2,41,0,2,2,7.4,Espoo,Apartment,0,0,District heating,Fair,0,D,337
35,1,2,0,1,54,0,1,1,2.2,Jyväskylä,Apartment,0,1,District heating,Excellent,0,D,70
37,2,9,1,1,11,0,1,1,12.4,Vantaa,Apartment,0,1,District heating,Fair,0,B,89
41,1,2,1,0,10,0,1,1,11.9,Helsinki,Apartment,0,1,District heating,Fair,0,C,123
66,3,1,0,0,19,0,1,1,3.2,Tampere,Apartment,0,1,District heating,Good,0,C,191
106,4,0,0,1,40,0,1,2,7.3,Espoo,Detached house,0,1,Electric heating,Fair,1190,F,428
81,3,1,1,1,8,0,1,1,5.0,Helsinki,Apartment,0,1,District heating,Fair,0,C,379
31,1,0,0,1,35,1,1,1,2.6,Kuopio,Apartment,0,0,District heating,Needs renovation,0,F,39
30,1,3,0,2,22,0,1,1,8.8,Turku,Apartment,0,1,District heating,Excellent,0,C,76
56,2,8,0,1,42,0,1,1,2.5,Tampere,Apartment,0,1,Air-source heat pump,Good,0,C,163
61,2,1,1,1,70,0,1,2,0.8,Jyväskylä,Apartment,0,0,District heating,Good,0,F,102
104,4,0,1,1,28,1,2,2,16.5,Helsinki,Terraced house,0,1,Air-source heat pump,Good,205,D,342
97,3,0,0,1,55,0,2,3,6.1,Turku,Terraced house,0,1,Electric heating,Needs renovation,225,F,143
97,4,0,0,2,33,1,1,1,12.4,Espoo,Semi-detached house,1,0,Air-source heat pump,Excellent,625,C,384
112,4,0,1,1,1,0,2,3,4.8,Tampere,Detached house,0,1,Air-source heat pump,New,955,A,342
24,1,1,1,1,92,0,1,1,4.9,Vantaa,Apartment,0,0,Air-source heat pump,Fair,0,E,50
87,3,2,0,1,32,0,1,2,4.6,Jyväskylä,Apartment,0,1,District heating,Fair,0,C,138
60,3,1,0,1,24,0,1,1,2.1,Tampere,Apartment,0,1,District heating,Good,0,C,161
47,3,0,1,1,35,1,1,1,5.9,Kuopio,Apartment,0,0,District heating,Needs renovation,0,F,66
81,4,0,1,1,6,1,1,1,10.1,Turku,Detached house,0,1,District heating,Excellent,1880,B,208
109,4,0,1,1,1,1,1,1,2.7,Turku,Apartment,1,1,District heating,New,0,B,317
78,3,0,1,1,81,1,2,2,3.1,Turku,Terraced house,0,1,District heating,Fair,305,F,115
185,7,0,0,2,30,1,3,3,9.8,Lahti,Detached house,1,1,Oil heating,Needs renovation,1275,F,153
82,3,0,1,2,18,1,1,2,21.9,Tampere,Detached house,1,1,District heating,Fair,2180,C,171
62,2,5,0,0,50,0,1,1,8.0,Helsinki,Apartment,1,0,District heating,Good,0,F,185
53,2,1,0,1,16,0,1,1,3.4,Kuopio,Apartment,1,0,District heating,Fair,0,D,91
43,2,4,0,1,22,0,1,1,5.6,Oulu,Apartment,0,1,District heating,Fair,0,D,93
41,1,2,1,1,9,0,1,1,10.0,Espoo,Apartment,0,1,District heating,Good,0,C,155
131,6,0,0,0,41,1,2,3,4.1,Pori,Detached house,0,1,District heating,Good,1185,D,137
110,5,5,0,0,54,0,2,3,0.8,Helsinki,Apartment,1,1,District heating,Fair,0,F,385
49,2,0,0,0,36,1,1,1,2.1,Helsinki,Apartment,0,1,District heating,Fair,0,E,202
90,3,0,0,2,52,1,2,2,10.2,Turku,Semi-detached house,0,1,District heating,Fair,690,F,143
65,3,0,1,1,2,0,1,1,5.8,Lahti,Apartment,0,1,District heating,New,0,B,120
65,3,0,1,1,26,1,2,2,6.2,Jyväskylä,Apartment,0,0,District heating,Good,0,D,129
104,5,0,0,0,33,1,2,2,11.6,Oulu,Semi-detached house,0,1,Electric heating,Fair,750,E,163
38,2,3,1,0,4,0,1,1,2.3,Turku,Apartment,0,1,District heating,Good,0,C,101
60,3,0,0,2,73,1,2,2,18.5,Vantaa,Semi-detached house,1,1,District heating,Fair,710,F,134
36,2,2,1,1,8,0,1,1,2.7,Vantaa,Apartment,0,0,Geothermal,Excellent,0,B,120
76,3,2,1,1,13,0,1,1,0.8,Oulu,Apartment,0,0,District heating,Good,0,B,199
72,2,6,1,1,15,0,1,1,2.4,Helsinki,Apartment,0,1,Geothermal,Good,0,B,357
99,4,1,1,2,3,0,2,2,5.4,Tampere,Apartment,1,1,District heating,Excellent,0,C,312
93,4,5,1,1,2,0,1,2,2.2,Helsinki,Apartment,1,1,District heating,New,0,A,559
80,3,3,0,1,68,0,1,1,2.8,Pori,Apartment,0,1,Geothermal,Excellent,0,E,89
119,6,1,0,0,40,0,2,3,1.5,Tampere,Apartment,0,1,District heating,Excellent,0,C,323
30,1,3,1,0,95,0,1,1,2.4,Tampere,Apartment,0,0,Electric heating,Fair,0,F,63
59,2,3,0,0,24,0,1,1,2.1,Helsinki,Apartment,0,0,Electric heating,Needs renovation,0,C,206
37,1,0,0,1,36,1,1,1,14.0,Vantaa,Apartment,0,0,Geothermal,Fair,0,C,84
36,2,2,0,0,21,0,1,1,6.9,Helsinki,Apartment,0,0,District heating,Fair,0,D,147
69,3,1,0,1,28,0,1,1,11.4,Vantaa,Apartment,0,1,District heating,Good,0,B,173
51,3,2,1,1,2,0,1,1,1.7,Helsinki,Apartment,0,0,District heating,Excellent,0,B,308
70,3,3,1,1,0,0,1,1,7.1,Espoo,Apartment,0,1,District heating,New,0,A,308
80,4,0,0,0,31,1,1,1,4.6,Oulu,Terraced house,0,1,Electric heating,Good,345,D,160
59,3,3,0,0,13,0,1,1,3.6,Tampere,Apartment,0,1,District heating,Excellent,0,C,166
74,3,0,0,1,31,0,1,1,1.5,Turku,Apartment,0,0,Air-source heat pump,Good,0,D,153
64,3,4,0,1,51,0,1,1,2.6,Helsinki,Apartment,0,0,District heating,Fair,0,F,233
115,5,0,0,1,15,1,2,2,6.3,Vantaa,Semi-detached house,0,1,District heating,Good,750,C,321
74,3,2,0,1,15,0,1,1,1.4,Tampere,Apartment,0,0,District heating,Fair,0,C,214
66,3,1,0,1,5,0,1,2,3.2,Kuopio,Apartment,0,1,District heating,New,0,B,158
52,2,5,1,0,3,0,1,1,5.2,Tampere,Apartment,1,1,District heating,Good,0,A,164
101,4,0,1,1,3,1,1,1,12.2,Lahti,Detached house,0,1,Air-source heat pump,Fair,1885,C,178
63,2,0,0,1,1,0,1,1,3.4,Helsinki,Apartment,0,0,District heating,Good,0,C,285
51,2,1,1,1,52,0,1,1,2.1,Helsinki,Apartment,0,0,District heating,Good,0,E,200
65,2,2,0,1,90,0,1,1,6.3,Turku,Apartment,0,0,District heating,Excellent,0,F,116
49,2,0,0,1,61,0,1,1,4.4,Espoo,Apartment,0,0,Electric heating,Good,0,F,129
76,4,0,0,1,23,0,1,1,13.6,Oulu,Detached house,0,1,Geothermal,Fair,510,C,111
115,3,0,1,2,9,0,2,3,3.8,Oulu,Terraced house,0,1,Electric heating,Excellent,280,B,244
36,1,1,1,0,1,0,1,1,1.5,Turku,Apartment,1,1,District heating,New,0,A,125
87,4,4,0,1,31,0,1,1,5.5,Tampere,Apartment,0,1,District heating,Fair,0,E,191
53,2,3,0,1,27,0,1,1,5.1,Vantaa,Apartment,1,1,District heating,Excellent,0,D,154
190,7,0,1,2,63,1,3,4,13.8,Lahti,Detached house,1,1,Wood heating,Good,3440,F,213
111,4,0,0,0,58,0,2,2,1.7,Jyväskylä,Apartment,0,0,District heating,Needs renovation,0,F,138
81,3,0,0,1,13,1,1,1,1.4,Tampere,Terraced house,0,0,Geothermal,Excellent,185,B,232
72,3,5,1,1,34,0,1,2,2.1,Tampere,Apartment,1,1,Air-source heat pump,Good,0,C,215
49,2,0,0,1,4,1,1,1,4.6,Helsinki,Apartment,0,1,Electric heating,Excellent,0,B,266
58,2,2,1,1,31,0,1,1,4.4,Oulu,Apartment,0,1,District heating,Fair,0,D,111
63,3,1,0,1,33,0,1,1,3.5,Vantaa,Apartment,0,1,District heating,Needs renovation,0,F,115
54,2,2,1,1,9,0,1,1,4.6,Jyväskylä,Apartment,0,1,District heating,Good,0,C,114
80,4,1,0,0,55,0,1,1,6.2,Helsinki,Apartment,0,0,District heating,Excellent,0,D,251
50,3,2,0,1,35,0,1,1,5.5,Helsinki,Apartment,0,1,District heating,Fair,0,E,175
30,2,0,0,0,43,0,1,1,2.1,Oulu,Apartment,0,0,Electric heating,Good,0,E,54
91,4,1,0,2,20,0,1,2,6.0,Tampere,Apartment,0,0,District heating,Fair,0,C,209
50,2,1,0,0,47,0,1,1,2.3,Helsinki,Apartment,0,1,District heating,Good,0,F,187
61,2,1,0,1,32,0,1,1,15.6,Vantaa,Apartment,0,1,District heating,Fair,0,D,120
82,4,3,0,1,35,0,1,1,2.4,Helsinki,Apartment,0,0,District heating,Needs renovation,0,E,272
175,7,0,1,2,21,1,3,3,5.0,Turku,Detached house,1,1,Electric heating,Good,1995,D,436
49,2,0,0,0,20,0,1,1,2.2,Helsinki,Apartment,0,1,Oil heating,Fair,0,D,192
137,5,0,1,1,46,1,2,2,5.5,Turku,Detached house,1,0,Electric heating,Needs renovation,1135,F,222
103,3,2,0,2,4,0,1,2,2.5,Helsinki,Apartment,0,1,District heating,Good,0,B,465
138,5,0,0,2,44,1,2,2,10.0,Espoo,Detached house,0,1,District heating,Good,1105,D,431
67,2,5,0,1,38,0,1,1,3.5,Tampere,Apartment,0,0,District heating,Good,0,D,173
45,1,0,1,1,84,0,1,1,9.1,Helsinki,Apartment,0,0,District heating,Needs renovation,0,F,98
78,3,9,1,1,22,0,1,1,5.6,Helsinki,Apartment,0,1,Air-source heat pump,Good,0,C,348
73,4,2,0,1,46,0,1,1,1.0,Tampere,Apartment,0,0,District heating,Fair,0,E,182
110,5,0,1,1,21,1,2,2,9.1,Espoo,Semi-detached house,0,1,Air-source heat pump,Good,690,C,440
72,4,5,0,1,18,0,1,1,4.7,Helsinki,Apartment,0,0,Electric heating,Excellent,0,C,331
85,3,2,0,1,42,0,1,2,4.5,Lahti,Apartment,0,0,Air-source heat pump,Needs renovation,0,E,95
130,5,0,1,3,46,1,2,3,3.5,Jyväskylä,Detached house,1,1,Electric heating,Fair,1095,E,232
66,3,0,0,2,53,1,1,1,2.4,Turku,Terraced house,1,1,District heating,Needs renovation,430,E,131
84,3,2,1,1,27,0,1,1,11.1,Helsinki,Apartment,0,1,District heating,Fair,0,D,272
77,4,0,1,1,26,1,1,1,4.4,Espoo,Semi-detached house,0,1,Electric heating,Fair,815,E,327
95,3,2,0,1,52,0,2,2,12.1,Vantaa,Apartment,0,1,Electric heating,Fair,0,E,177
74,3,1,0,1,48,0,1,1,5.4,Vantaa,Apartment,0,1,District heating,Fair,0,D,180
185,6,0,0,3,36,1,2,3,6.9,Jyväskylä,Detached house,1,1,Electric heating,Needs renovation,1705,E,299
128,5,0,1,1,25,0,2,2,4.4,Helsinki,Semi-detached house,1,1,District heating,Fair,310,C,497
127,5,1,1,1,32,0,1,1,8.5,Oulu,Apartment,0,1,District heating,Fair,0,D,189
102,4,0,1,2,5,1,2,2,2.6,Vantaa,Detached house,0,1,Electric heating,Excellent,780,A,347
39,2,1,1,2,17,0,1,1,6.8,Helsinki,Apartment,0,1,District heating,Excellent,0,D,193
89,3,6,1,1,33,0,1,1,8.1,Espoo,Apartment,0,1,District heating,Fair,0,D,280
144,5,0,1,2,12,1,3,3,6.8,Tampere,Detached house,1,1,Air-source heat pump,Good,1825,B,455
59,2,2,0,1,95,0,1,2,3.6,Turku,Apartment,0,1,District heating,Good,0,E,119
80,3,4,0,1,32,0,1,2,2.2,Lahti,Apartment,0,0,District heating,Good,0,D,124
85,3,5,0,0,17,0,2,2,6.1,Helsinki,Apartment,0,1,District heating,Needs renovation,0,C,278
107,4,0,0,1,42,1,2,2,18.9,Vantaa,Semi-detached house,1,1,Electric heating,Fair,480,F,165
93,4,6,0,1,7,0,1,1,8.0,Turku,Apartment,0,1,District heating,Excellent,0,A,208
108,4,2,0,1,38,0,1,2,4.1,Espoo,Apartment,1,1,District heating,Fair,0,E,350
57,2,1,0,2,48,0,1,1,2.2,Helsinki,Apartment,0,0,District heating,Fair,0,E,221
64,2,0,1,1,8,0,1,1,2.8,Oulu,Apartment,0,1,District heating,Good,0,A,140
89,3,0,1,1,16,1,1,1,6.0,Helsinki,Terraced house,0,1,District heating,Needs renovation,295,D,384
76,3,1,1,1,16,0,1,1,4.1,Helsinki,Apartment,0,1,District heating,Good,0,C,340
81,3,1,1,1,24,0,1,1,2.8,Turku,Apartment,0,1,District heating,Fair,0,D,175
85,3,0,1,1,28,1,2,2,3.2,Helsinki,Terraced house,0,0,District heating,Fair,155,D,339
51,2,0,0,0,77,0,1,2,5.6,Jyväskylä,Apartment,0,0,District heating,Good,0,F,72
103,4,0,0,2,64,1,2,2,6.1,Oulu,Detached house,0,1,Wood heating,Good,1560,G,182
34,1,2,0,1,17,0,1,1,1.6,Tampere,Apartment,0,1,District heating,Fair,0,C,100
40,2,1,1,1,22,0,1,1,10.2,Helsinki,Apartment,0,0,District heating,Fair,0,C,158
89,3,0,0,1,17,0,1,1,21.4,Espoo,Apartment,0,1,District heating,Excellent,0,A,226
42,1,4,0,1,29,0,1,1,4.9,Helsinki,Apartment,0,1,District heating,Good,0,C,196
95,4,1,0,1,70,0,1,2,2.4,Lahti,Apartment,0,1,District heating,Good,0,F,123
136,4,0,0,2,19,0,2,2,3.5,Lahti,Apartment,1,1,District heating,Excellent,0,C,210
61,3,0,0,0,34,0,1,1,2.4,Turku,Apartment,0,1,District heating,Good,0,D,120
46,2,3,0,1,54,0,1,1,4.0,Tampere,Apartment,0,1,Electric heating,Needs renovation,0,F,81
36,1,2,0,0,34,0,1,1,4.1,Helsinki,Apartment,0,1,District heating,Good,0,C,146
82,3,0,1,1,73,1,1,1,19.7,Pori,Detached house,0,1,Air-source heat pump,Good,1815,F,69
228,9,0,0,1,26,1,3,3,18.2,Helsinki,Detached house,1,1,Electric heating,Good,1240,E,755
52,2,2,1,0,37,0,1,1,4.4,Helsinki,Apartment,0,1,District heating,Good,0,D,213
49,2,1,0,1,63,0,1,1,2.5,Pori,Apartment,0,1,District heating,Fair,0,F,55
48,2,0,0,1,40,1,1,1,3.5,Turku,Apartment,0,1,District heating,Good,0,D,99
78,3,1,0,1,51,0,1,1,8.2,Vantaa,Apartment,0,0,District heating,Good,0,D,158
34,1,5,1,1,11,0,1,1,5.8,Espoo,Apartment,0,0,District heating,Good,0,C,149
49,2,3,0,1,18,0,1,1,2.9,Helsinki,Apartment,0,1,District heating,Fair,0,C,249
49,3,1,0,1,44,0,1,1,1.1,Tampere,Apartment,0,0,District heating,Excellent,0,D,134
37,1,4,1,1,12,0,1,1,14.1,Vantaa,Apartment,0,1,District heating,Good,0,C,100
58,3,1,0,1,37,0,1,1,3.8,Helsinki,Apartment,0,1,District heating,Fair,0,E,222
127,5,0,1,1,16,1,3,3,7.7,Tampere,Semi-detached house,1,1,District heating,Good,345,B,321
42,2,2,0,1,38,0,1,1,2.6,Oulu,Apartment,1,1,District heating,Fair,0,C,85
80,3,10,0,2,31,0,1,2,6.8,Vantaa,Apartment,1,1,District heating,Needs renovation,0,E,193
107,4,4,0,1,77,0,1,1,6.4,Helsinki,Apartment,0,1,District heating,Fair,0,G,347
102,4,0,1,2,32,1,2,2,7.7,Espoo,Semi-detached house,1,1,Electric heating,Fair,710,D,399
91,4,0,1,2,3,1,1,1,11.6,Vantaa,Detached house,0,1,Electric heating,New,925,C,271
139,5,0,0,1,62,1,2,3,4.3,Oulu,Detached house,1,1,District heating,Needs renovation,1495,F,181
93,4,3,0,1,8,0,1,1,2.3,Oulu,Apartment,0,1,District heating,Good,0,A,203
73,4,0,1,1,11,1,1,1,3.6,Pori,Detached house,0,1,Electric heating,Good,870,C,106
118,6,0,1,2,16,1,2,3,4.1,Espoo,Detached house,1,1,Geothermal,Excellent,1115,C,643
80,3,2,0,0,34,0,1,1,4.3,Helsinki,Apartment,0,1,District heating,Fair,0,D,265
79,2,3,0,0,40,0,1,1,1.5,Turku,Apartment,0,1,District heating,Fair,0,D,143
91,3,0,1,1,80,1,1,1,5.0,Oulu,Semi-detached house,1,1,District heating,Good,605,F,161
38,2,0,1,1,64,0,1,1,5.0,Oulu,Apartment,0,0,District heating,Good,0,E,62
146,5,0,0,2,58,1,3,4,4.4,Helsinki,Terraced house,1,1,District heating,Good,275,D,522
43,2,0,0,1,38,0,1,1,5.2,Jyväskylä,Apartment,0,1,Electric heating,Fair,0,D,74
58,3,1,0,1,32,0,1,1,4.5,Helsinki,Apartment,0,1,District heating,Good,0,C,265
107,4,0,1,2,51,1,2,3,3.0,Kuopio,Terraced house,0,1,Air-source heat pump,Needs renovation,235,E,128
102,5,3,0,1,48,0,1,2,2.4,Turku,Apartment,0,0,District heating,Good,0,D,199
105,5,0,1,0,46,1,2,2,6.1,Espoo,Semi-detached house,0,1,Oil heating,Fair,395,F,326
80,3,2,1,0,21,0,1,2,1.0,Helsinki,Apartment,0,1,District heating,Good,0,B,400
128,6,0,0,1,77,1,2,2,7.6,Turku,Detached house,1,1,Wood heating,Good,1010,G,243
46,2,4,0,1,43,0,1,1,1.0,Helsinki,Apartment,0,0,District heating,Needs renovation,0,D,195
74,2,2,0,1,71,0,1,1,5.4,Tampere,Apartment,0,0,District heating,Fair,0,F,172
39,1,1,1,1,66,0,1,1,1.4,Turku,Apartment,0,0,Air-source heat pump,Needs renovation,0,F,64
141,6,0,0,0,62,1,2,3,10.8,Tampere,Terraced house,1,1,Electric heating,Good,575,F,300
88,3,2,0,1,38,0,1,1,2.1,Helsinki,Apartment,0,1,District heating,Excellent,0,D,370
96,4,1,0,1,95,0,1,1,1.9,Jyväskylä,Apartment,0,0,Electric heating,Needs renovation,0,F,112
72,3,1,0,1,45,0,2,2,4.2,Turku,Apartment,0,1,District heating,Fair,0,E,146
111,5,0,1,2,5,1,2,3,1.9,Kuopio,Detached house,1,1,Electric heating,Good,1880,C,276
29,1,2,1,1,15,0,1,1,3.6,Tampere,Apartment,0,1,District heating,Excellent,0,B,94
82,4,0,0,2,47,1,1,2,8.8,Helsinki,Terraced house,0,1,Air-source heat pump,Good,270,F,296
162,5,0,1,2,69,1,2,3,8.9,Kuopio,Detached house,0,1,Oil heating,Good,1475,G,183
29,1,6,0,1,12,0,1,1,1.4,Helsinki,Apartment,0,1,District heating,Fair,0,C,160
56,2,3,1,2,31,0,1,1,6.6,Helsinki,Apartment,0,1,District heating,Fair,0,C,201
31,1,4,1,0,3,0,1,1,7.2,Helsinki,Apartment,0,1,District heating,Fair,0,B,134
81,3,8,0,1,36,0,1,1,3.3,Helsinki,Apartment,0,1,District heating,Good,0,E,381
63,2,6,0,1,50,0,1,2,4.9,Helsinki,Apartment,0,0,District heating,Needs renovation,0,F,181
176,7,0,1,1,29,1,2,3,16.2,Espoo,Detached house,1,1,District heating,Fair,685,D,577
27,1,1,0,0,19,0,1,1,3.2,Helsinki,Apartment,0,1,District heating,Good,0,C,124
85,4,1,0,0,3,0,1,1,3.2,Helsinki,Apartment,0,1,District heating,Good,0,C,374
58,2,4,1,1,1,0,1,1,4.8,Vantaa,Apartment,0,1,District heating,New,0,A,217
67,3,1,0,0,73,0,1,1,12.0,Vantaa,Apartment,0,1,District heating,Needs renovation,0,G,95
64,4,0,0,1,4,0,1,1,3.0,Jyväskylä,Apartment,0,1,District heating,Excellent,0,B,137
61,2,8,0,1,17,0,1,1,3.3,Lahti,Apartment,0,1,District heating,Good,0,D,107
70,2,1,1,0,9,0,1,1,1.1,Helsinki,Apartment,0,1,District heating,Good,0,C,320
192,8,0,1,3,5,1,3,4,12.3,Jyväskylä,Detached house,1,1,Electric heating,Good,1015,C,360
79,3,3,0,0,35,0,1,1,5.0,Helsinki,Apartment,0,1,District heating,Good,0,D,289
93,5,0,0,0,24,0,2,2,2.4,Turku,Apartment,0,1,Electric heating,Good,0,C,190
61,3,0,1,1,11,0,1,1,2.3,Tampere,Apartment,0,0,District heating,Good,0,C,179
57,2,3,1,1,22,0,1,1,2.0,Tampere,Apartment,0,1,District heating,Good,0,C,176
89,3,4,1,1,38,0,2,3,3.6,Tampere,Apartment,1,1,District heating,Fair,0,C,211
75,3,0,1,1,12,1,2,2,3.5,Oulu,Terraced house,0,1,Oil heating,Good,490,C,168
56,3,0,1,1,45,1,1,1,7.7,Helsinki,Terraced house,0,1,District heating,Fair,410,D,266
86,4,4,1,1,11,0,1,1,4.4,Helsinki,Apartment,0,1,District heating,Good,0,B,389
106,5,0,0,2,23,1,1,1,12.6,Vantaa,Detached house,1,1,District heating,Good,3795,D,318
93,3,4,0,2,18,0,2,2,2.4,Helsinki,Apartment,0,1,District heating,Excellent,0,C,426
67,4,2,0,1,6,0,1,1,6.6,Helsinki,Apartment,0,1,District heating,Good,0,B,287
30,2,3,0,1,40,0,1,1,11.4,Helsinki,Apartment,0,1,District heating,Good,0,C,107
69,3,4,1,1,21,0,1,1,10.0,Espoo,Apartment,0,1,Air-source heat pump,Excellent,0,B,238
41,1,0,0,1,20,0,1,1,5.9,Tampere,Apartment,0,0,District heating,Fair,0,D,91
154,6,0,1,2,62,1,3,3,7.5,Tampere,Detached house,1,1,Electric heating,Fair,1020,F,308
89,4,0,1,1,4,1,1,2,13.4,Tampere,Terraced house,0,1,District heating,Excellent,605,B,251
50,3,0,0,1,7,0,1,1,8.8,Vantaa,Apartment,0,1,District heating,Excellent,0,B,151
189,8,0,0,2,22,1,3,5,6.0,Pori,Detached house,1,1,Geothermal,Good,3145,B,309
37,2,1,0,1,29,0,1,1,17.4,Espoo,Apartment,0,0,Oil heating,Good,0,D,102
81,4,0,0,1,95,1,2,2,9.2,Jyväskylä,Terraced house,0,0,Electric heating,Needs renovation,245,G,85
64,2,2,0,1,17,0,1,1,24.8,Vantaa,Apartment,0,1,District heating,Needs renovation,0,C,106
54,3,2,0,1,21,0,1,1,5.8,Oulu,Apartment,0,1,District heating,Good,0,C,106
65,3,3,0,1,21,0,1,1,2.2,Helsinki,Apartment,0,1,District heating,Good,0,D,311
41,2,0,0,0,17,0,1,1,2.7,Tampere,Apartment,0,1,District heating,Excellent,0,B,128
79,3,3,1,2,10,0,1,1,3.0,Tampere,Apartment,1,1,District heating,Fair,0,B,260
104,4,0,1,1,14,0,1,1,6.1,Kuopio,Apartment,0,1,Electric heating,Fair,0,D,151
172,6,0,1,3,46,1,3,3,5.4,Oulu,Detached house,1,1,Electric heating,Good,2775,E,307
83,3,0,1,1,10,0,1,1,6.5,Oulu,Apartment,1,1,Air-source heat pump,Good,0,B,169
68,3,0,1,1,1,0,1,2,4.3,Helsinki,Apartment,0,1,District heating,New,0,A,327
44,1,2,0,0,29,0,1,1,7.5,Helsinki,Apartment,0,1,District heating,Needs renovation,0,D,107
46,3,4,0,1,26,0,1,1,8.0,Helsinki,Apartment,0,1,District heating,Excellent,0,C,206
139,5,0,1,1,2,1,2,2,10.2,Vantaa,Detached house,0,1,Geothermal,Excellent,1645,B,473
133,4,5,1,1,3,0,2,2,3.6,Helsinki,Apartment,0,1,District heating,Excellent,0,A,655
85,3,0,0,1,22,1,1,2,9.5,Vantaa,Detached house,1,1,Oil heating,Excellent,1820,D,315
93,3,1,1,2,19,0,1,1,6.9,Helsinki,Apartment,0,1,District heating,Fair,0,D,319
109,5,0,0,1,26,1,1,1,2.3,Turku,Terraced house,1,1,District heating,Fair,490,C,226
77,2,6,1,1,17,0,1,1,2.3,Helsinki,Apartment,0,1,District heating,Good,0,C,368
93,3,0,1,2,64,1,2,2,9.5,Lahti,Terraced house,0,1,Electric heating,Fair,815,F,104
92,4,0,1,1,23,0,2,2,2.7,Oulu,Apartment,0,1,District heating,Fair,0,D,180
50,2,0,0,1,15,0,1,1,4.6,Kuopio,Apartment,0,1,District heating,Good,0,C,99
71,2,2,1,1,11,0,1,1,4.5,Oulu,Apartment,0,1,District heating,Excellent,0,B,159
58,2,0,1,1,17,1,1,1,2.0,Pori,Apartment,0,1,District heating,Good,0,B,73
50,2,4,0,0,60,0,1,1,7.2,Helsinki,Apartment,0,1,Electric heating,Good,0,E,161
29,1,3,0,1,82,0,1,1,7.5,Vantaa,Apartment,0,0,District heating,Fair,0,F,64
170,7,0,1,3,25,1,3,3,6.5,Helsinki,Detached house,1,1,Air-source heat pump,Needs renovation,1775,D,790
214,7,0,0,2,20,1,3,3,12.1,Espoo,Detached house,1,1,Electric heating,Good,1330,C,711
58,2,1,0,1,43,0,1,1,3.0,Kuopio,Apartment,0,1,Electric heating,Good,0,D,103
91,4,4,0,0,35,0,1,1,1.2,Tampere,Apartment,0,1,District heating,Good,0,C,242
72,3,2,1,0,95,0,2,3,4.1,Helsinki,Apartment,0,0,District heating,Fair,0,E,231
166,6,0,1,1,4,1,3,3,3.2,Jyväskylä,Detached house,1,1,District heating,Excellent,1370,B,420
57,2,7,0,1,8,0,1,1,5.2,Vantaa,Apartment,0,1,District heating,Excellent,0,B,194
175,7,0,1,1,2,1,3,3,2.3,Tampere,Detached house,1,0,Air-source heat pump,New,910,A,596
67,3,0,1,1,12,1,1,2,3.6,Oulu,Terraced house,0,1,District heating,Excellent,200,B,149
97,5,4,0,1,39,0,1,1,6.1,Espoo,Apartment,0,1,District heating,Good,0,D,323
137,4,0,1,2,55,1,2,3,3.2,Jyväskylä,Detached house,0,1,Electric heating,Fair,1980,F,262
113,4,0,1,1,26,1,2,2,3.4,Pori,Detached house,1,1,Air-source heat pump,Good,1055,D,158
54,2,3,0,1,66,0,1,1,2.5,Pori,Apartment,0,0,District heating,Excellent,0,F,64
58,3,7,0,1,28,0,2,2,3.4,Helsinki,Apartment,0,1,District heating,Good,0,D,284
73,3,0,0,1,16,0,1,1,1.2,Jyväskylä,Apartment,1,1,District heating,Fair,0,E,155
62,2,0,1,1,13,1,1,2,4.0,Espoo,Apartment,0,1,District heating,Good,0,C,256
119,3,0,1,1,5,1,1,1,8.0,Espoo,Terraced house,0,0,District heating,Excellent,415,B,527
89,4,3,0,1,35,0,2,2,4.6,Helsinki,Apartment,0,1,District heating,Good,0,D,373
171,6,0,1,2,36,1,3,4,11.0,Vantaa,Detached house,1,1,District heating,Good,1785,D,430
54,2,0,1,1,31,0,1,1,4.0,Helsinki,Apartment,0,1,Electric heating,Needs renovation,0,F,154
64,3,2,0,1,30,0,2,2,9.2,Helsinki,Apartment,0,1,District heating,Good,0,E,244
51,2,1,1,1,33,0,1,1,7.7,Turku,Apartment,0,0,District heating,Needs renovation,0,D,80
56,2,3,1,0,23,0,1,1,4.9,Turku,Apartment,0,1,District heating,Good,0,C,123
94,3,5,0,1,19,0,2,2,3.2,Espoo,Apartment,0,1,District heating,Fair,0,D,380
74,3,0,1,2,8,1,1,1,8.0,Turku,Terraced house,0,1,Electric heating,Excellent,245,C,173
59,3,2,0,1,52,0,1,1,4.5,Helsinki,Apartment,0,1,District heating,Fair,0,E,211
109,4,0,1,2,33,1,2,2,16.1,Vantaa,Terraced house,1,1,Air-source heat pump,Fair,810,C,241
66,3,5,0,1,34,0,2,2,4.9,Helsinki,Apartment,0,1,District heating,Needs renovation,0,E,221
57,3,1,0,0,30,0,1,1,2.7,Helsinki,Apartment,0,0,District heating,Good,0,C,240
72,3,0,1,2,51,0,1,1,4.6,Kuopio,Semi-detached house,0,0,Oil heating,Good,390,F,104
27,1,0,0,0,89,1,1,1,1.9,Turku,Apartment,0,0,District heating,Excellent,0,E,57
26,1,1,1,0,30,0,1,1,2.0,Tampere,Apartment,0,1,District heating,Excellent,0,D,77
70,3,0,0,2,36,0,2,2,3.8,Oulu,Terraced house,0,1,District heating,Fair,335,D,117
187,7,0,1,2,20,1,2,3,9.9,Oulu,Detached house,1,1,Air-source heat pump,Excellent,2210,C,335
110,4,0,0,1,41,0,1,2,4.5,Helsinki,Apartment,0,1,District heating,Fair,0,E,349
114,4,0,1,2,16,1,2,2,3.6,Pori,Semi-detached house,1,1,Wood heating,Fair,740,D,187
94,4,1,0,1,80,0,1,1,22.9,Vantaa,Apartment,1,0,District heating,Fair,0,F,144
75,3,2,0,1,4,0,1,1,5.9,Lahti,Apartment,0,1,Electric heating,Excellent,0,B,127
128,6,0,1,2,38,1,2,2,14.5,Lahti,Detached house,0,1,Oil heating,Fair,1910,F,146
127,5,0,1,1,18,1,2,2,6.6,Kuopio,Detached house,1,1,District heating,Good,1420,D,237
54,2,2,1,0,34,0,1,1,2.9,Jyväskylä,Apartment,0,1,District heating,Excellent,0,C,106
57,3,1,1,0,10,0,1,1,4.0,Tampere,Apartment,0,1,District heating,Fair,0,C,162
69,3,2,0,1,48,0,1,1,3.0,Espoo,Apartment,0,0,District heating,Fair,0,E,203
62,3,2,1,0,9,0,2,2,8.7,Helsinki,Apartment,0,1,District heating,Fair,0,D,246
198,7,0,1,1,44,1,3,4,21.0,Oulu,Detached house,1,1,Geothermal,Excellent,3155,E,263
133,6,8,1,1,5,0,2,2,4.3,Helsinki,Apartment,0,1,District heating,Excellent,0,A,636
96,4,7,0,1,7,0,1,1,12.8,Espoo,Apartment,0,1,District heating,Excellent,0,B,378
67,3,1,0,0,41,0,1,1,6.8,Tampere,Apartment,0,0,District heating,Excellent,0,D,145
96,4,0,0,1,30,1,2,2,4.3,Kuopio,Terraced house,0,1,Geothermal,Good,610,D,206
57,2,4,0,0,72,0,1,1,8.0,Espoo,Apartment,0,0,District heating,Needs renovation,0,F,109
108,4,4,0,1,35,0,2,2,2.6,Espoo,Apartment,0,1,District heating,Good,0,D,366
63,3,0,1,1,52,0,1,1,3.4,Oulu,Apartment,0,0,Electric heating,Excellent,0,E,106
77,3,0,1,2,11,1,1,1,9.8,Helsinki,Semi-detached house,0,1,Electric heating,Fair,350,E,340
63,3,5,0,1,1,0,1,1,4.7,Oulu,Apartment,0,1,Geothermal,New,0,A,155
154,6,0,0,1,31,1,2,3,6.5,Vantaa,Detached house,1,1,Air-source heat pump,Fair,1665,D,406
151,6,0,1,2,49,1,2,3,6.1,Lahti,Detached house,1,1,Wood heating,Good,1350,E,214
110,4,2,1,1,1,0,1,1,3.4,Tampere,Apartment,1,1,District heating,New,0,A,377
89,4,1,0,1,3,0,1,2,2.7,Kuopio,Apartment,0,1,District heating,Good,0,C,184
34,2,1,1,1,4,0,1,1,7.8,Kuopio,Apartment,0,1,District heating,Good,0,C,68
63,2,6,0,0,52,0,1,1,2.8,Espoo,Apartment,0,1,District heating,Good,0,E,200
33,1,1,0,1,34,0,1,1,5.2,Helsinki,Apartment,0,1,Electric heating,Fair,0,D,149
43,2,1,1,0,33,0,1,1,5.9,Helsinki,Apartment,0,0,District heating,Needs renovation,0,E,133
62,3,2,1,0,11,0,1,1,4.7,Helsinki,Apartment,0,1,District heating,Good,0,B,277
73,3,0,0,1,38,1,1,1,3.2,Tampere,Terraced house,0,1,Electric heating,Fair,510,D,191
21,1,1,0,0,56,0,1,1,1.2,Turku,Apartment,0,0,District heating,Good,0,E,49
35,2,1,1,1,19,0,1,1,6.9,Tampere,Apartment,0,1,District heating,Excellent,0,A,98
94,4,0,1,1,4,1,2,3,7.4,Helsinki,Semi-detached house,1,0,District heating,Good,315,B,436
104,5,0,0,1,95,1,1,1,3.8,Helsinki,Terraced house,0,1,Oil heating,Needs renovation,225,G,307
27,1,3,1,1,21,0,1,1,17.0,Vantaa,Apartment,0,1,Geothermal,Excellent,0,B,81
54,2,1,0,2,89,0,1,1,0.9,Tampere,Apartment,0,0,Geothermal,Fair,0,G,151
56,2,1,1,0,25,0,1,1,2.9,Helsinki,Apartment,0,1,District heating,Excellent,0,D,239
102,4,1,1,1,1,0,1,1,3.4,Tampere,Apartment,0,1,District heating,New,0,B,322
86,3,1,0,1,95,0,1,2,3.3,Helsinki,Apartment,0,1,District heating,Good,0,F,330
55,2,1,0,1,53,0,1,1,9.9,Oulu,Apartment,0,1,District heating,Needs renovation,0,E,74
86,3,4,0,1,3,0,1,1,5.7,Pori,Apartment,0,1,District heating,Good,0,C,110
49,3,2,0,0,31,0,1,1,5.4,Helsinki,Apartment,0,1,District heating,Excellent,0,E,189
51,2,2,0,1,15,0,1,1,8.1,Helsinki,Apartment,0,1,District heating,Excellent,0,C,229
39,2,2,1,0,13,0,1,1,9.5,Vantaa,Apartment,0,1,District heating,Good,0,C,107
107,4,0,0,1,29,1,1,1,6.4,Espoo,Semi-detached house,0,1,Oil heating,Good,320,D,388
40,1,5,0,0,37,0,1,1,2.6,Helsinki,Apartment,0,0,District heating,Fair,0,E,138
33,2,1,0,0,15,0,1,1,10.4,Espoo,Apartment,0,0,Air-source heat pump,Needs renovation,0,D,99
63,3,2,0,0,21,0,1,1,1.2,Turku,Apartment,0,1,District heating,Fair,0,C,145
34,1,0,0,0,58,0,1,1,5.4,Jyväskylä,Apartment,0,1,District heating,Excellent,0,F,57
74,3,2,0,1,32,0,1,1,5.2,Espoo,Apartment,1,0,District heating,Excellent,0,C,230
146,6,0,1,1,29,1,2,2,7.8,Pori,Detached house,0,1,District heating,Good,2490,C,170
38,1,3,1,1,0,0,1,1,1.1,Tampere,Apartment,0,1,District heating,Excellent,0,B,146
120,6,0,0,1,0,1,2,2,6.7,Oulu,Detached house,0,1,Geothermal,Excellent,2095,B,318
187,7,0,0,1,64,1,2,4,8.0,Helsinki,Detached house,0,1,District heating,Needs renovation,920,F,590
50,2,3,0,1,34,0,1,1,5.6,Tampere,Apartment,0,1,Electric heating,Good,0,D,130
54,2,1,1,1,28,0,1,1,3.5,Vantaa,Apartment,0,0,District heating,Needs renovation,0,E,117
137,4,0,1,1,19,1,2,2,14.0,Jyväskylä,Detached house,1,0,Air-source heat pump,Good,1730,C,200
79,3,0,0,1,15,1,2,2,18.0,Espoo,Terraced house,0,1,Air-source heat pump,Excellent,375,C,293
116,5,0,0,2,23,1,2,3,14.1,Vantaa,Terraced house,0,1,Air-source heat pump,Fair,255,C,274
105,4,0,0,0,38,1,2,3,28.4,Vantaa,Detached house,1,1,Wood heating,Good,1010,E,179
67,2,0,0,0,20,1,1,1,2.2,Helsinki,Apartment,0,0,District heating,Good,0,D,247
32,1,1,0,1,95,0,1,1,6.1,Kuopio,Apartment,0,1,Electric heating,Fair,0,F,40
33,2,7,0,1,9,0,1,1,4.1,Tampere,Apartment,0,1,District heating,Good,0,B,114
59,3,3,0,1,72,0,2,2,1.1,Lahti,Apartment,0,1,District heating,Fair,0,G,77
98,3,0,0,1,16,0,2,3,2.5,Jyväskylä,Apartment,1,1,District heating,Fair,0,C,187
96,4,0,1,1,5,1,2,2,5.8,Kuopio,Semi-detached house,1,1,District heating,Excellent,915,B,196
63,2,4,0,1,60,0,1,1,16.8,Vantaa,Apartment,0,0,Oil heating,Fair,0,F,102
168,6,0,0,1,47,1,3,3,19.2,Lahti,Detached house,1,0,Electric heating,Fair,2250,E,178
64,3,4,1,1,22,0,1,1,2.1,Tampere,Apartment,1,0,District heating,Excellent,0,C,199
56,3,6,0,1,28,0,1,1,8.5,Helsinki,Apartment,0,0,District heating,Fair,0,D,209
78,3,0,0,1,42,0,1,2,10.8,Vantaa,Apartment,0,0,District heating,Good,0,E,165
98,3,0,1,1,66,1,1,2,10.6,Helsinki,Semi-detached house,0,1,Geothermal,Fair,325,D,320
124,5,5,0,2,18,0,2,3,14.6,Espoo,Apartment,0,1,District heating,Good,0,C,331
38,2,1,0,0,95,0,1,1,15.2,Espoo,Apartment,0,0,District heating,Fair,0,F,84
93,3,0,0,1,15,0,1,1,6.4,Turku,Terraced house,0,1,District heating,Good,285,C,181
166,6,0,0,1,5,1,2,4,3.5,Tampere,Semi-detached house,1,1,Air-source heat pump,Excellent,535,A,526
76,2,0,1,1,17,0,1,1,7.2,Espoo,Apartment,0,0,District heating,Fair,0,C,216
82,3,0,1,1,43,1,2,2,15.3,Espoo,Terraced house,0,1,Oil heating,Fair,500,F,231
89,3,4,0,1,26,0,1,1,1.5,Tampere,Apartment,0,1,District heating,Needs renovation,0,C,185
46,2,3,0,1,64,0,1,1,1.8,Turku,Apartment,0,0,District heating,Fair,0,G,90
49,2,3,0,1,18,0,1,1,7.2,Vantaa,Apartment,0,1,District heating,Good,0,C,146
63,2,3,1,0,17,0,1,2,7.2,Tampere,Apartment,0,1,Air-source heat pump,Good,0,C,171
89,4,2,1,1,32,0,2,3,4.2,Vantaa,Apartment,0,1,Geothermal,Excellent,0,C,234
101,4,2,1,2,17,0,2,2,9.1,Espoo,Apartment,1,1,District heating,Good,0,B,330
90,3,0,0,1,16,1,1,1,5.0,Jyväskylä,Terraced house,1,1,Air-source heat pump,Excellent,320,B,195
48,2,2,1,0,13,0,1,1,6.0,Oulu,Apartment,0,1,District heating,Fair,0,C,90
167,6,0,0,2,48,1,2,2,20.1,Jyväskylä,Detached house,0,1,Air-source heat pump,Needs renovation,2395,F,145
108,3,0,0,1,0,1,1,1,6.6,Lahti,Detached house,1,0,District heating,New,1510,A,223
102,4,0,1,1,22,1,1,1,3.5,Lahti,Terraced house,1,1,Air-source heat pump,Good,670,C,169
37,1,10,1,1,5,0,1,1,1.5,Tampere,Apartment,0,1,District heating,Excellent,0,B,149
38,1,3,1,1,38,0,1,1,2.0,Helsinki,Apartment,0,0,District heating,Needs renovation,0,D,134
57,3,1,1,1,16,0,1,1,19.0,Espoo,Apartment,0,0,District heating,Good,0,C,151
74,3,5,1,1,10,0,1,1,0.3,Oulu,Apartment,0,1,District heating,Good,0,C,197
41,1,3,0,0,30,0,1,1,4.8,Espoo,Apartment,0,1,District heating,Good,0,D,137
25,1,2,1,1,28,0,1,1,4.2,Helsinki,Apartment,0,0,District heating,Excellent,0,C,123
73,3,4,0,1,42,0,1,1,5.7,Helsinki,Apartment,0,1,District heating,Needs renovation,0,E,258
158,8,0,0,2,1,1,2,3,3.1,Helsinki,Detached house,1,1,Geothermal,New,1035,A,966
109,5,5,1,1,4,0,1,1,3.6,Espoo,Apartment,0,1,District heating,Good,0,B,432
48,2,2,0,1,47,0,1,1,5.4,Turku,Apartment,0,1,District heating,Fair,0,E,101
56,3,1,0,1,18,0,1,1,5.6,Jyväskylä,Apartment,1,0,Electric heating,Good,0,B,119
98,4,0,0,1,3,1,1,1,9.0,Espoo,Semi-detached house,1,1,Geothermal,Excellent,1295,A,462
53,3,2,1,1,13,0,1,1,8.4,Vantaa,Apartment,0,1,District heating,Fair,0,C,164
75,3,0,0,1,37,0,1,1,0.6,Pori,Apartment,0,0,District heating,Good,0,E,87
90,4,0,1,1,14,0,1,1,3.5,Oulu,Terraced house,0,1,District heating,Good,245,B,188
133,5,0,1,2,10,1,2,3,6.0,Oulu,Detached house,1,1,Electric heating,Excellent,1030,C,268
53,2,4,0,1,40,0,1,1,5.6,Vantaa,Apartment,0,0,Oil heating,Good,0,E,137
85,3,3,1,1,12,0,1,1,10.9,Espoo,Apartment,0,1,District heating,Good,0,D,272
84,4,0,0,1,3,1,1,1,9.3,Espoo,Terraced house,0,0,District heating,Good,280,B,355
132,5,2,1,1,37,0,2,3,2.6,Tampere,Apartment,0,1,Air-source heat pump,Fair,0,E,324
71,3,3,0,0,37,0,1,1,5.9,Helsinki,Apartment,0,1,District heating,Fair,0,D,230
113,5,0,0,2,56,0,2,3,12.5,Vantaa,Detached house,0,1,Air-source heat pump,Fair,800,E,220
25,1,0,0,1,37,0,1,1,1.8,Jyväskylä,Apartment,0,1,District heating,Good,0,E,49
92,4,0,0,1,20,1,2,2,5.3,Kuopio,Terraced house,0,1,District heating,Good,570,C,173
90,4,0,0,1,19,0,2,2,4.0,Pori,Apartment,0,1,District heating,Good,0,C,110
100,5,1,1,1,42,0,1,1,3.0,Tampere,Apartment,1,1,District heating,Good,0,D,243
66,3,2,0,1,39,0,1,1,3.5,Espoo,Apartment,0,1,District heating,Good,0,C,215
89,4,3,0,1,8,0,2,2,9.3,Jyväskylä,Apartment,0,1,District heating,Good,0,D,163
59,2,2,0,0,46,0,1,1,5.5,Espoo,Apartment,0,0,Electric heating,Fair,0,E,157
79,4,5,1,1,28,0,1,1,6.7,Jyväskylä,Apartment,0,0,District heating,Excellent,0,C,148
52,2,0,1,1,2,0,1,1,3.3,Tampere,Apartment,0,1,District heating,New,0,A,187
78,3,3,0,1,46,0,2,2,1.6,Turku,Apartment,0,1,District heating,Needs renovation,0,F,126
85,4,0,0,1,42,1,1,2,10.6,Espoo,Semi-detached house,0,1,Air-source heat pump,Good,465,D,291
71,3,1,1,0,48,0,1,2,11.9,Espoo,Apartment,0,1,District heating,Excellent,0,D,203
35,1,2,0,1,32,0,1,1,7.3,Helsinki,Apartment,0,1,District heating,Good,0,D,157
35,2,3,1,0,1,0,1,1,3.0,Vantaa,Apartment,0,1,District heating,New,0,A,136
92,4,2,1,1,6,0,1,1,7.3,Jyväskylä,Apartment,0,1,Air-source heat pump,Good,0,C,174
107,3,0,0,0,53,1,2,3,7.8,Vantaa,Detached house,0,0,Air-source heat pump,Fair,650,F,271
63,2,0,0,1,79,0,1,1,2.5,Kuopio,Apartment,0,0,District heating,Fair,0,F,73
115,4,0,0,2,48,1,2,2,4.1,Vantaa,Terraced house,1,0,Electric heating,Needs renovation,470,F,212
52,2,1,1,1,0,0,1,1,3.5,Helsinki,Apartment,1,1,District heating,Excellent,0,A,301
97,4,0,0,2,29,1,2,2,5.1,Lahti,Detached house,0,1,Air-source heat pump,Excellent,695,C,169
71,3,3,0,1,25,0,1,1,1.2,Turku,Apartment,0,0,Geothermal,Good,0,D,187
41,2,6,1,1,80,0,1,1,1.0,Turku,Apartment,0,1,Electric heating,Excellent,0,F,113
29,1,1,1,1,1,0,1,1,5.4,Espoo,Apartment,0,1,Air-source heat pump,Good,0,A,121
47,2,1,0,1,4,0,1,1,4.3,Tampere,Apartment,0,1,District heating,Excellent,0,B,165
83,3,1,0,1,95,0,1,1,4.1,Lahti,Apartment,0,0,District heating,Good,0,G,96
190,6,0,0,3,50,1,3,3,3.0,Tampere,Detached house,1,1,Air-source heat pump,Needs renovation,1035,F,340
70,3,0,0,1,56,0,1,1,1.3,Oulu,Apartment,0,0,Electric heating,Excellent,0,D,128
33,2,3,1,1,90,0,1,1,12.0,Vantaa,Apartment,0,0,District heating,Fair,0,E,70
115,4,0,1,1,45,1,2,2,1.8,Tampere,Terraced house,0,1,Oil heating,Fair,410,E,279
109,4,2,1,1,28,0,1,1,2.5,Helsinki,Apartment,0,1,District heating,Excellent,0,C,445
62,3,0,0,1,0,0,1,1,1.3,Turku,Apartment,0,1,District heating,New,0,B,189
43,2,1,1,0,17,0,1,1,1.2,Tampere,Apartment,0,1,District heating,Good,0,C,145
59,2,2,1,1,19,0,1,1,2.7,Helsinki,Apartment,0,1,District heating,Fair,0,D,263
54,2,1,1,1,29,0,1,1,6.6,Kuopio,Apartment,0,1,District heating,Good,0,C,97
81,3,3,1,1,48,0,1,1,3.0,Espoo,Apartment,0,1,District heating,Good,0,E,251
79,4,0,0,1,16,1,1,1,17.0,Espoo,Terraced house,0,1,Electric heating,Fair,385,E,231
43,2,5,0,1,33,0,1,1,5.5,Tampere,Apartment,0,1,District heating,Good,0,D,115
93,4,0,0,2,44,1,1,2,9.3,Tampere,Terraced house,0,1,Oil heating,Excellent,415,E,223
53,3,3,0,1,35,0,1,1,3.9,Oulu,Apartment,0,0,District heating,Good,0,C,104
51,2,1,0,1,32,0,1,1,0.6,Kuopio,Apartment,0,0,District heating,Excellent,0,C,119
33,1,0,1,1,24,0,1,1,1.2,Turku,Apartment,0,1,District heating,Good,0,D,87
57,3,4,0,1,2,0,1,1,3.0,Tampere,Apartment,0,1,District heating,New,0,B,188
120,5,7,0,1,24,0,2,2,2.7,Tampere,Apartment,0,0,District heating,Good,0,D,337
93,4,0,1,1,5,1,1,1,22.7,Tampere,Detached house,1,1,Air-source heat pump,New,2055,B,232
44,2,9,1,1,13,0,1,1,12.0,Oulu,Apartment,0,0,District heating,Excellent,0,C,91
92,3,2,1,1,41,0,1,1,3.3,Espoo,Apartment,0,1,District heating,Good,0,D,296
88,3,0,0,2,27,1,1,1,10.9,Oulu,Semi-detached house,0,0,Electric heating,Fair,320,D,137
47,2,1,1,1,7,0,1,1,3.3,Helsinki,Apartment,0,1,District heating,Excellent,0,B,255
62,2,2,1,1,29,0,1,1,6.5,Turku,Apartment,0,1,District heating,Needs renovation,0,F,101
81,3,0,1,1,13,1,1,2,6.9,Espoo,Terraced house,0,1,Wood heating,Fair,315,D,271
46,2,0,0,0,53,0,1,1,6.8,Oulu,Apartment,0,0,District heating,Good,0,E,65
87,3,0,0,1,25,1,1,1,8.4,Jyväskylä,Terraced house,0,1,Electric heating,Good,310,E,142
75,4,0,1,2,49,1,1,1,13.5,Oulu,Semi-detached house,0,1,Air-source heat pump,Fair,825,E,122
99,3,3,0,1,36,0,1,1,1.6,Helsinki,Apartment,0,1,District heating,Good,0,D,433
120,4,0,0,2,17,1,2,3,9.2,Oulu,Semi-detached house,0,1,Electric heating,Fair,650,D,202
114,4,0,0,2,0,1,2,2,5.8,Kuopio,Detached house,1,1,Electric heating,New,930,A,270
38,2,0,1,1,16,1,1,1,2.7,Lahti,Apartment,0,1,District heating,Fair,0,C,68
51,2,1,0,1,30,0,1,1,5.2,Tampere,Apartment,0,0,District heating,Good,0,C,130
67,3,9,1,1,5,0,1,1,8.3,Helsinki,Apartment,0,1,District heating,Excellent,0,B,312
72,3,5,0,1,17,0,1,1,4.9,Oulu,Apartment,0,0,District heating,Fair,0,B,132
71,3,0,0,1,22,1,1,1,7.6,Vantaa,Semi-detached house,0,1,Air-source heat pump,Good,365,B,191
136,5,6,1,1,5,0,2,2,13.5,Vantaa,Apartment,0,1,Geothermal,Good,0,B,382
123,5,0,0,3,15,1,2,2,7.7,Espoo,Terraced house,0,0,District heating,Good,535,C,428
172,7,0,1,1,24,1,3,5,5.6,Oulu,Detached house,1,1,Air-source heat pump,Good,1825,C,392
72,4,1,0,1,9,0,1,1,4.1,Espoo,Apartment,0,1,District heating,Good,0,C,311
60,2,4,0,0,32,0,1,1,6.3,Tampere,Apartment,0,1,District heating,Good,0,D,147
54,2,4,0,0,9,0,1,1,3.4,Helsinki,Apartment,0,1,District heating,Good,0,D,265
231,9,0,1,2,59,1,3,3,28.4,Espoo,Detached house,1,1,District heating,Fair,2815,E,509
34,1,4,1,1,12,0,1,1,6.7,Vantaa,Apartment,0,1,District heating,Excellent,0,B,107
44,1,4,0,0,41,0,1,1,5.0,Turku,Apartment,0,1,District heating,Good,0,D,85
102,4,0,0,1,59,0,2,2,3.7,Oulu,Apartment,1,0,District heating,Needs renovation,0,F,132
45,2,5,1,1,9,0,1,1,6.3,Espoo,Apartment,0,1,Geothermal,Excellent,0,B,184
69,3,4,1,1,8,0,1,2,3.7,Tampere,Apartment,0,1,District heating,Excellent,0,B,214
86,3,3,0,1,51,0,1,1,2.2,Turku,Apartment,0,0,District heating,Good,0,E,189
59,3,3,0,1,9,0,1,1,18.4,Vantaa,Apartment,1,0,District heating,Excellent,0,A,151
83,4,1,0,1,10,0,1,1,4.6,Helsinki,Apartment,0,1,District heating,Excellent,0,A,396
60,2,2,1,1,70,0,1,1,1.7,Tampere,Apartment,0,1,District heating,Good,0,F,164
84,3,0,0,2,29,0,2,2,8.1,Oulu,Terraced house,1,1,Wood heating,Good,270,D,149
63,3,0,1,1,40,0,1,1,4.9,Oulu,Apartment,0,0,District heating,Fair,0,D,105
130,5,0,1,3,70,1,3,4,5.4,Tampere,Detached house,0,1,Wood heating,Fair,775,G,302
35,2,3,0,1,16,0,1,1,3.1,Vantaa,Apartment,0,1,District heating,Good,0,C,106
59,3,0,0,0,28,0,1,1,4.5,Helsinki,Apartment,0,0,District heating,Good,0,C,197
86,4,8,0,0,16,0,1,1,3.9,Helsinki,Apartment,0,1,District heating,Fair,0,C,342
53,2,7,0,1,49,0,1,1,4.8,Helsinki,Apartment,0,0,District heating,Good,0,E,209
47,2,0,0,1,36,1,1,1,3.3,Helsinki,Apartment,0,1,District heating,Good,0,D,202
91,3,0,0,2,36,1,1,1,4.7,Tampere,Semi-detached house,0,1,Wood heating,Good,625,D,281
53,2,1,1,1,16,0,1,1,5.3,Kuopio,Apartment,0,1,District heating,Fair,0,D,102
29,1,0,0,0,23,0,1,1,4.6,Kuopio,Apartment,0,1,Geothermal,Good,0,B,54
151,6,0,1,1,0,1,2,2,14.6,Tampere,Detached house,1,1,Electric heating,New,1885,A,385
109,5,0,0,2,21,1,2,2,7.8,Espoo,Semi-detached house,0,1,District heating,Needs renovation,785,D,369
83,4,5,0,1,3,0,2,3,8.3,Helsinki,Apartment,0,1,District heating,Excellent,0,A,408
137,5,2,1,2,48,0,2,3,3.3,Oulu,Apartment,1,1,District heating,Fair,0,E,210
107,5,0,0,1,27,1,2,3,9.0,Espoo,Detached house,1,1,Electric heating,Good,1150,D,449
93,4,1,0,1,23,0,2,3,2.7,Jyväskylä,Apartment,0,1,District heating,Good,0,C,191
141,7,0,1,1,74,1,2,3,1.4,Lahti,Semi-detached house,0,1,District heating,Good,500,F,217
26,1,1,0,1,42,0,1,1,2.1,Turku,Apartment,0,1,District heating,Good,0,E,64
66,3,5,1,1,12,0,1,1,3.3,Oulu,Apartment,0,1,District heating,Fair,0,C,145
59,2,1,0,1,62,0,1,1,3.6,Lahti,Apartment,0,0,District heating,Fair,0,E,82
49,2,0,1,1,6,0,1,1,1.6,Helsinki,Apartment,0,1,District heating,Good,0,B,265
55,2,2,0,1,66,0,1,1,3.4,Jyväskylä,Apartment,0,1,District heating,Good,0,E,102
122,6,0,0,2,37,1,2,2,6.7,Helsinki,Terraced house,0,0,Electric heating,Good,480,D,575
59,2,1,1,1,4,0,1,1,3.7,Helsinki,Apartment,0,1,District heating,Good,0,B,291
94,4,0,1,1,23,1,2,2,8.7,Vantaa,Detached house,1,1,Geothermal,Excellent,650,B,261
47,2,7,1,1,22,0,1,1,3.2,Tampere,Apartment,0,1,District heating,Excellent,0,D,148
125,5,0,1,2,11,1,2,2,9.8,Tampere,Semi-detached house,1,1,Wood heating,Fair,590,F,265
44,2,4,1,0,5,0,1,1,5.8,Helsinki,Apartment,0,1,District heating,Excellent,0,C,212
152,6,0,1,2,10,1,2,2,10.6,Espoo,Semi-detached house,1,1,District heating,Good,635,B,581
35,2,1,0,0,39,0,1,1,3.4,Espoo,Apartment,0,1,District heating,Fair,0,E,101
87,4,2,0,1,83,0,2,2,4.4,Turku,Apartment,0,0,District heating,Needs renovation,0,G,116
164,6,0,0,3,25,1,2,3,18.0,Lahti,Detached house,1,1,Electric heating,Fair,2415,D,176
30,1,3,1,1,94,0,1,1,12.3,Turku,Apartment,0,1,District heating,Good,0,F,50
109,4,0,1,1,9,0,2,2,13.0,Vantaa,Apartment,1,1,Electric heating,Excellent,0,B,255
99,4,1,0,1,35,0,2,3,4.5,Lahti,Apartment,1,1,District heating,Fair,0,D,131
106,4,2,0,1,47,0,1,2,6.5,Espoo,Apartment,0,1,District heating,Fair,0,F,255
98,3,0,0,2,33,1,1,1,3.2,Kuopio,Terraced house,0,0,Electric heating,Good,210,E,143
26,1,6,1,0,1,0,1,1,4.0,Vantaa,Apartment,0,1,District heating,New,0,A,106
125,5,0,1,2,81,1,2,2,7.7,Jyväskylä,Semi-detached house,1,1,Electric heating,Excellent,965,G,222
104,3,0,0,2,51,1,2,2,8.6,Oulu,Semi-detached house,0,0,Oil heating,Good,620,F,139
74,3,1,1,0,24,0,1,1,3.0,Helsinki,Apartment,0,1,District heating,Good,0,C,294
93,4,0,0,1,10,1,1,1,3.1,Tampere,Terraced house,0,0,District heating,Good,325,C,285
86,4,0,0,1,83,0,2,2,2.7,Lahti,Semi-detached house,0,1,Wood heating,Good,545,F,132
106,4,3,0,1,30,0,1,1,2.9,Tampere,Apartment,1,0,District heating,Fair,0,D,231
112,4,1,0,1,33,0,2,2,3.9,Espoo,Apartment,0,1,District heating,Needs renovation,0,E,322
82,4,0,0,1,27,1,1,1,8.8,Kuopio,Apartment,0,1,District heating,Good,0,D,124
50,2,0,1,1,14,0,1,1,5.5,Espoo,Apartment,0,1,District heating,Good,0,C,170
117,4,0,1,1,13,1,1,1,1.6,Kuopio,Detached house,1,1,Air-source heat pump,Excellent,1555,B,228
76,4,0,0,2,13,1,2,2,5.5,Jyväskylä,Detached house,0,1,Air-source heat pump,Good,1415,B,178
32,1,3,1,1,37,0,1,1,8.5,Jyväskylä,Apartment,0,0,District heating,Needs renovation,0,E,42
75,3,2,0,1,32,0,1,1,3.5,Lahti,Apartment,0,1,District heating,Good,0,C,109
188,7,0,1,3,95,1,2,2,2.5,Lahti,Detached house,1,1,Geothermal,Fair,1590,G,243
66,2,0,1,1,0,0,1,1,5.3,Vantaa,Apartment,0,1,Air-source heat pump,New,0,B,215
92,3,0,0,1,40,1,2,2,12.7,Lahti,Detached house,1,1,District heating,Needs renovation,895,F,84
70,3,4,0,1,13,0,1,2,5.1,Oulu,Apartment,0,1,District heating,Excellent,0,B,156
111,4,0,0,2,50,1,2,3,10.9,Oulu,Detached house,1,1,Electric heating,Good,805,F,166
35,2,0,1,2,15,0,1,1,3.8,Kuopio,Apartment,0,0,District heating,Needs renovation,0,D,56
33,1,1,0,1,39,0,1,1,6.1,Vantaa,Apartment,0,1,Electric heating,Needs renovation,0,E,76
146,7,0,1,3,49,1,2,2,6.0,Pori,Detached house,0,1,Electric heating,Fair,2095,F,135
81,3,2,0,0,75,0,1,1,3.2,Jyväskylä,Apartment,0,0,District heating,Fair,0,F,123
88,3,0,1,2,13,1,2,2,16.0,Oulu,Detached house,0,1,District heating,Good,1555,C,165
33,1,3,0,1,3,0,1,1,10.2,Helsinki,Apartment,0,0,District heating,Fair,0,C,138
61,2,5,1,1,56,0,1,1,1.8,Turku,Apartment,0,1,District heating,Good,0,F,129
82,3,4,1,1,12,0,1,1,9.0,Vantaa,Apartment,0,1,District heating,Excellent,0,C,219
66,3,6,1,0,4,0,1,1,3.0,Turku,Apartment,0,1,District heating,Good,0,B,190
31,2,1,1,0,39,0,1,1,4.2,Turku,Apartment,0,1,District heating,Excellent,0,E,59
111,4,0,0,1,1,0,2,2,8.9,Vantaa,Apartment,0,1,Electric heating,New,0,A,295
115,4,0,0,1,24,1,2,3,7.8,Jyväskylä,Semi-detached house,0,1,Air-source heat pump,Fair,1115,D,236
79,3,3,1,1,36,0,1,1,3.9,Helsinki,Apartment,0,1,District heating,Good,0,D,293
105,4,0,0,2,81,1,1,1,2.3,Turku,Detached house,1,0,Wood heating,Good,830,F,242
69,2,2,1,1,31,0,1,2,2.2,Helsinki,Apartment,0,1,District heating,Fair,0,D,285
43,2,3,0,1,46,0,1,1,2.5,Helsinki,Apartment,0,1,District heating,Fair,0,E,189
55,2,0,0,1,40,1,1,1,4.8,Helsinki,Apartment,0,0,District heating,Good,0,D,213
56,2,3,0,0,62,0,1,1,12.7,Turku,Apartment,0,1,District heating,Good,0,F,79
88,5,0,0,1,20,1,1,1,19.3,Vantaa,Semi-detached house,0,1,Air-source heat pump,Good,890,C,218
93,4,0,0,1,23,1,1,1,2.6,Tampere,Semi-detached house,1,1,District heating,Good,625,E,239
155,6,0,0,2,41,1,2,2,2.7,Tampere,Detached house,0,1,Air-source heat pump,Needs renovation,1375,E,390
98,4,0,0,1,95,0,1,1,3.1,Pori,Apartment,0,0,District heating,Fair,0,F,78
58,2,3,1,1,56,0,1,1,5.7,Turku,Apartment,0,1,District heating,Fair,0,E,98
124,5,1,0,1,43,0,2,2,3.7,Tampere,Apartment,0,1,District heating,Fair,0,D,236
61,2,0,1,0,22,1,1,1,1.3,Tampere,Apartment,0,0,District heating,Excellent,0,C,168
111,5,0,0,2,24,1,3,3,6.2,Lahti,Detached house,1,1,Geothermal,Excellent,755,C,224
46,2,1,1,1,30,0,1,1,3.6,Tampere,Apartment,0,1,District heating,Good,0,C,133
46,2,0,1,1,64,0,1,1,4.0,Tampere,Apartment,0,0,District heating,Good,0,F,105
51,3,1,0,0,34,0,1,1,4.8,Tampere,Apartment,0,1,District heating,Needs renovation,0,E,86
100,5,5,1,1,1,0,1,1,8.3,Helsinki,Apartment,1,1,District heating,New,0,B,521
29,1,1,0,1,49,0,1,1,8.3,Kuopio,Apartment,0,1,Geothermal,Needs renovation,0,D,40
126,5,2,1,2,6,0,2,2,13.2,Vantaa,Apartment,0,1,District heating,Good,0,B,299
90,3,1,0,0,82,0,1,1,3.5,Helsinki,Apartment,0,1,District heating,Needs renovation,0,F,261
100,5,0,0,1,12,1,2,2,1.8,Kuopio,Semi-detached house,0,1,District heating,Fair,765,C,214
42,1,1,0,1,44,0,1,1,1.7,Tampere,Apartment,0,1,District heating,Good,0,F,119
47,2,1,0,0,27,0,1,1,9.6,Vantaa,Apartment,0,1,District heating,Good,0,C,116
69,2,1,0,1,35,0,1,1,7.5,Espoo,Apartment,0,1,District heating,Fair,0,D,194
126,5,0,0,2,20,0,1,1,18.2,Vantaa,Detached house,0,1,Geothermal,Good,960,C,261
100,5,0,1,1,22,1,2,2,3.9,Pori,Detached house,1,1,Geothermal,Fair,1265,C,143
64,2,2,1,1,18,0,1,1,3.8,Turku,Apartment,0,0,Electric heating,Excellent,0,B,158
48,2,1,1,0,12,0,1,1,4.1,Tampere,Apartment,0,1,District heating,Excellent,0,B,156
162,7,0,1,2,9,1,2,2,5.7,Oulu,Detached house,1,1,District heating,Good,1460,D,325
77,3,0,0,1,67,1,1,1,2.4,Tampere,Terraced house,0,0,District heating,Fair,335,E,191
44,2,3,0,0,33,0,1,1,3.0,Helsinki,Apartment,0,0,District heating,Good,0,C,191
55,3,9,1,0,14,0,1,1,8.0,Vantaa,Apartment,0,1,District heating,Excellent,0,B,164
96,4,1,1,2,29,0,1,1,3.3,Jyväskylä,Apartment,0,1,District heating,Good,0,D,170
119,5,0,0,2,34,1,1,2,12.8,Turku,Detached house,0,1,Geothermal,Good,1385,C,222
35,2,2,1,0,65,0,1,1,1.1,Turku,Apartment,0,0,District heating,Excellent,0,D,68
48,2,0,0,1,4,0,1,1,2.1,Jyväskylä,Apartment,0,1,District heating,New,0,A,119
49,2,7,0,0,84,0,1,1,3.6,Helsinki,Apartment,0,1,Electric heating,Fair,0,F,209
42,2,7,1,0,14,0,1,1,6.7,Helsinki,Apartment,0,1,District heating,Good,0,D,188
35,2,0,0,0,70,0,1,1,6.6,Turku,Apartment,0,1,District heating,Good,0,G,51
179,8,0,0,1,76,1,3,5,12.7,Kuopio,Detached house,1,1,Electric heating,Good,1875,G,208
108,4,0,0,1,23,0,1,1,12.6,Jyväskylä,Terraced house,0,1,Air-source heat pump,Excellent,215,C,183
107,4,0,0,1,23,1,2,2,10.0,Lahti,Detached house,0,1,District heating,Good,790,D,149
120,6,3,0,0,23,0,1,1,6.0,Helsinki,Apartment,0,1,District heating,Good,0,C,465
33,1,1,0,0,51,0,1,1,1.5,Tampere,Apartment,0,0,District heating,Good,0,E,78
89,3,0,0,1,24,1,2,2,2.4,Helsinki,Terraced house,1,1,District heating,Good,225,D,402
67,3,0,1,2,1,1,1,1,4.6,Jyväskylä,Terraced house,1,1,Geothermal,New,490,A,192
191,8,0,0,3,29,1,3,3,4.2,Kuopio,Detached house,1,1,Oil heating,Needs renovation,1060,D,252
125,6,4,0,1,72,0,2,2,5.1,Helsinki,Apartment,0,0,District heating,Good,0,G,393
64,2,2,1,1,30,0,1,1,7.9,Jyväskylä,Apartment,1,1,District heating,Fair,0,D,102
224,9,0,1,1,0,1,3,3,2.9,Tampere,Detached house,1,1,Electric heating,New,1200,A,756
61,2,3,1,1,54,0,1,1,4.5,Jyväskylä,Apartment,0,0,District heating,Good,0,E,100
38,2,1,1,0,5,0,1,1,6.8,Tampere,Apartment,0,1,District heating,New,0,B,116
102,4,5,0,1,47,0,1,1,4.8,Helsinki,Apartment,0,0,District heating,Good,0,D,366
69,2,2,0,1,30,0,1,1,2.8,Tampere,Apartment,0,1,Electric heating,Fair,0,D,172
167,6,0,1,2,15,1,2,2,4.4,Tampere,Detached house,0,1,Geothermal,Fair,2900,B,473
76,3,1,0,1,1,0,2,2,3.1,Lahti,Apartment,0,1,District heating,New,0,C,156
126,5,1,0,1,72,0,2,3,9.0,Lahti,Apartment,1,0,District heating,Fair,0,F,158
49,3,2,0,0,37,0,1,1,17.1,Helsinki,Apartment,0,1,Electric heating,Good,0,D,134
77,3,3,1,1,16,0,1,1,4.3,Helsinki,Apartment,0,1,District heating,Good,0,D,359
118,3,0,1,3,22,1,2,3,9.3,Tampere,Detached house,1,1,Geothermal,Good,1470,C,366
44,1,3,0,1,71,0,1,1,8.0,Espoo,Apartment,0,1,Electric heating,Fair,0,G,105
148,6,0,1,1,14,1,2,2,17.3,Espoo,Detached house,1,1,Air-source heat pump,Fair,655,C,374
80,4,1,1,1,0,0,2,3,2.8,Turku,Apartment,0,1,District heating,New,0,A,219
107,5,0,1,1,55,1,2,2,5.3,Helsinki,Terraced house,1,1,District heating,Good,240,F,415
71,2,2,1,1,33,0,1,2,6.8,Helsinki,Apartment,0,1,District heating,Excellent,0,D,282
35,1,5,1,1,20,0,1,1,3.4,Helsinki,Apartment,0,1,Electric heating,Fair,0,D,153
87,4,0,1,1,42,1,1,1,1.4,Lahti,Apartment,0,1,District heating,Good,0,D,140
43,2,3,0,1,70,0,1,1,4.0,Helsinki,Apartment,0,1,District heating,Fair,0,F,152
56,2,0,0,1,4,1,1,1,20.9,Vantaa,Terraced house,0,1,Air-source heat pump,Good,440,B,139
29,1,0,1,1,4,0,1,1,8.1,Lahti,Apartment,0,1,District heating,Good,0,B,46
52,2,0,0,1,60,0,1,1,2.0,Tampere,Apartment,0,1,District heating,Excellent,0,F,131
50,2,2,1,1,27,0,1,1,3.2,Tampere,Apartment,0,0,District heating,Needs renovation,0,D,100
152,5,0,0,1,41,1,2,3,4.8,Tampere,Detached house,1,1,Geothermal,Needs renovation,620,D,294
36,2,1,1,0,69,0,1,1,4.3,Helsinki,Apartment,0,0,District heating,Needs renovation,0,G,82
59,3,2,0,0,35,0,2,2,2.2,Tampere,Apartment,0,0,District heating,Fair,0,D,142
62,2,0,0,1,66,0,1,1,2.2,Tampere,Apartment,0,1,District heating,Needs renovation,0,F,96
173,7,0,1,2,22,1,3,4,3.6,Tampere,Detached house,1,1,District heating,Good,990,C,503
106,4,0,1,0,13,0,1,1,9.6,Espoo,Apartment,1,1,District heating,Excellent,0,B,348
62,3,0,0,1,26,0,1,1,3.2,Kuopio,Apartment,0,1,Geothermal,Needs renovation,0,D,80
85,3,0,0,1,35,0,1,1,5.6,Espoo,Apartment,0,1,District heating,Good,0,C,275
117,4,0,1,2,12,0,1,1,13.4,Vantaa,Apartment,0,1,District heating,Good,0,B,254
54,3,2,0,1,2,0,1,1,2.8,Oulu,Apartment,0,1,District heating,New,0,A,151
125,4,0,0,0,74,0,2,3,11.5,Turku,Semi-detached house,0,1,Oil heating,Needs renovation,525,G,133
78,3,2,1,1,62,0,1,1,2.6,Tampere,Apartment,0,1,District heating,Needs renovation,0,G,175
57,2,5,1,1,74,0,1,1,2.1,Kuopio,Apartment,0,1,Electric heating,Fair,0,F,80
96,4,2,0,1,95,0,2,2,3.9,Helsinki,Apartment,0,1,District heating,Excellent,0,E,361
88,3,1,0,1,1,0,2,2,1.2,Tampere,Apartment,0,0,District heating,Excellent,0,A,294
41,1,0,1,0,27,0,1,1,5.1,Vantaa,Apartment,0,0,District heating,Needs renovation,0,D,81
117,5,0,0,2,45,1,2,2,5.0,Jyväskylä,Detached house,1,0,Electric heating,Excellent,2240,D,232
74,3,0,0,2,44,1,1,1,11.7,Tampere,Terraced house,0,1,District heating,Fair,415,E,139
72,3,0,1,1,0,0,2,2,3.2,Espoo,Apartment,0,1,District heating,Excellent,0,B,284
66,4,5,0,0,33,0,1,2,1.7,Helsinki,Apartment,0,0,District heating,Needs renovation,0,D,243
104,4,1,0,2,10,0,2,3,6.8,Kuopio,Apartment,1,1,District heating,Fair,0,C,185
176,7,0,0,1,37,1,3,3,3.3,Pori,Detached house,1,1,Geothermal,Good,2160,C,214
86,5,0,0,3,62,1,2,2,9.6,Kuopio,Semi-detached house,0,1,Wood heating,Good,1260,G,138
156,7,0,0,2,39,1,2,2,20.1,Helsinki,Detached house,1,1,Geothermal,Needs renovation,1355,E,492
43,1,6,1,0,0,0,1,1,5.7,Helsinki,Apartment,0,0,District heating,Excellent,0,C,225
63,3,1,0,1,19,0,1,1,2.8,Oulu,Apartment,0,1,District heating,Excellent,0,B,144
114,4,2,1,1,21,0,2,3,5.7,Turku,Apartment,0,1,District heating,Excellent,0,C,257
77,3,1,0,0,46,0,1,1,3.2,Turku,Apartment,0,1,District heating,Excellent,0,D,158
50,2,1,0,1,26,0,1,1,1.3,Helsinki,Apartment,0,0,District heating,Good,0,C,236
54,2,3,0,0,42,0,1,1,1.4,Helsinki,Apartment,0,1,Electric heating,Fair,0,E,190
44,2,10,0,1,4,0,1,1,6.6,Helsinki,Apartment,0,1,District heating,Excellent,0,B,243
43,2,0,0,0,29,0,1,1,2.9,Tampere,Apartment,0,1,Geothermal,Fair,0,D,112
165,5,0,0,2,18,1,2,3,4.1,Pori,Detached house,1,1,Air-source heat pump,Needs renovation,1715,D,179
89,4,0,0,2,38,1,1,1,16.3,Espoo,Detached house,0,1,District heating,Fair,1085,E,285
76,2,3,0,2,10,0,1,1,2.5,Turku,Apartment,0,1,District heating,Fair,0,C,213
152,6,0,1,2,7,1,2,3,1.6,Pori,Detached house,1,1,Geothermal,Excellent,1580,B,216
68,3,2,1,0,12,0,1,1,5.7,Helsinki,Apartment,0,1,District heating,Good,0,B,268
55,2,3,1,1,27,0,1,1,2.5,Tampere,Apartment,0,1,District heating,Needs renovation,0,D,128
118,5,2,0,1,41,0,2,2,2.6,Turku,Apartment,1,0,District heating,Needs renovation,0,E,199
33,1,3,1,1,1,0,1,1,7.4,Helsinki,Apartment,0,1,District heating,New,0,B,179
87,4,2,1,1,49,0,2,2,2.3,Pori,Apartment,0,1,District heating,Good,0,E,107
102,5,5,1,0,28,0,2,2,4.3,Espoo,Apartment,0,1,District heating,Needs renovation,0,D,259
53,2,0,1,1,3,0,1,1,1.5,Kuopio,Apartment,1,1,District heating,Good,0,B,105
40,2,0,0,0,21,0,1,1,6.8,Espoo,Apartment,0,0,District heating,Fair,0,D,114
177,6,0,0,1,4,1,3,4,3.6,Lahti,Detached house,1,0,District heating,Excellent,1605,B,296
145,5,0,1,1,4,1,3,3,11.8,Vantaa,Detached house,1,1,Air-source heat pump,Excellent,1550,A,488
107,4,0,0,1,25,1,2,2,15.0,Turku,Semi-detached house,1,1,Electric heating,Good,1110,C,186
96,3,0,0,1,26,1,2,2,5.3,Tampere,Apartment,0,0,District heating,Good,0,C,235
93,3,12,0,1,34,0,2,2,14.5,Vantaa,Apartment,0,1,District heating,Good,0,D,221
198,9,0,1,1,71,1,3,4,16.7,Vantaa,Detached house,1,1,Wood heating,Fair,1920,G,343
46,2,1,0,1,52,0,1,1,2.1,Turku,Apartment,1,1,District heating,Fair,0,D,109
74,2,1,0,1,54,0,1,1,1.7,Lahti,Apartment,0,1,District heating,Fair,0,E,106
72,3,5,1,1,22,0,2,3,2.9,Turku,Apartment,0,0,District heating,Fair,0,D,198
45,2,2,0,1,31,0,1,1,1.5,Tampere,Apartment,0,1,District heating,Excellent,0,D,133
104,5,3,0,1,67,0,2,2,6.1,Jyväskylä,Apartment,1,1,District heating,Needs renovation,0,G,134
67,3,1,0,1,78,0,1,2,2.6,Pori,Apartment,1,0,District heating,Good,0,F,78
50,2,1,1,1,5,0,1,1,2.6,Kuopio,Apartment,0,1,District heating,Excellent,0,B,116
73,3,0,1,1,13,1,1,1,8.0,Helsinki,Terraced house,1,1,District heating,Good,415,C,392
69,3,0,1,1,7,0,1,1,5.7,Kuopio,Apartment,0,0,District heating,Fair,0,C,118
95,4,0,0,1,43,1,2,2,1.3,Pori,Terraced house,1,1,Air-source heat pump,Good,480,D,151
43,2,0,0,1,71,0,1,1,1.9,Lahti,Apartment,0,1,District heating,Good,0,F,59
33,1,1,0,0,26,0,1,1,2.5,Helsinki,Apartment,0,1,District heating,Good,0,C,152
50,2,3,1,1,34,0,1,1,4.2,Tampere,Apartment,0,0,District heating,Fair,0,E,111
58,3,5,0,1,85,0,1,1,2.9,Turku,Apartment,0,0,District heating,Needs renovation,0,F,90
123,4,0,0,2,46,1,2,2,13.4,Vantaa,Semi-detached house,1,1,Air-source heat pump,Needs renovation,1200,E,280
67,3,1,0,0,5,0,2,2,13.1,Espoo,Apartment,0,1,Electric heating,Good,0,A,220
25,1,0,1,0,42,0,1,1,1.6,Pori,Apartment,0,1,Air-source heat pump,Fair,0,E,31
78,3,4,0,0,85,0,1,1,5.1,Helsinki,Apartment,0,1,District heating,Good,0,F,241
69,3,2,0,0,59,0,1,1,4.3,Helsinki,Apartment,0,1,District heating,Excellent,0,D,244
115,5,2,1,2,21,0,2,3,1.0,Turku,Apartment,0,1,District heating,Good,0,D,288
145,6,0,0,2,20,1,3,3,15.0,Lahti,Detached house,1,1,Wood heating,Fair,1660,D,169
52,2,3,0,1,70,0,1,1,6.3,Helsinki,Apartment,0,0,District heating,Needs renovation,0,F,141
88,3,5,1,1,1,0,2,2,6.8,Helsinki,Apartment,1,1,District heating,New,0,A,486
62,3,3,0,0,27,0,1,1,6.0,Helsinki,Apartment,0,0,District heating,Fair,0,D,200
114,4,6,0,1,36,0,1,1,4.6,Tampere,Apartment,0,1,District heating,Good,0,E,274
37,2,2,1,1,1,0,1,1,3.6,Oulu,Apartment,0,1,District heating,New,0,B,105
45,2,4,1,1,7,0,1,1,7.6,Espoo,Apartment,0,1,Geothermal,Good,0,B,179
79,2,3,1,1,11,0,1,1,3.6,Helsinki,Apartment,0,1,Air-source heat pump,Good,0,A,394
167,7,0,0,2,21,0,2,4,4.1,Jyväskylä,Detached house,1,1,Oil heating,Needs renovation,1805,E,287
176,7,0,1,2,13,1,2,3,10.6,Espoo,Detached house,0,1,Electric heating,Fair,1510,C,630
65,2,3,0,0,29,0,1,1,4.2,Helsinki,Apartment,0,0,District heating,Good,0,C,252
52,2,7,0,0,37,0,1,1,3.5,Helsinki,Apartment,0,0,District heating,Excellent,0,D,214
107,5,0,0,2,54,1,2,3,7.6,Helsinki,Terraced house,1,1,District heating,Good,290,E,435
56,3,1,0,0,27,0,1,1,3.3,Turku,Apartment,0,1,Electric heating,Fair,0,C,112
44,2,0,0,1,68,0,1,1,6.9,Helsinki,Apartment,1,1,District heating,Fair,0,F,153
46,2,1,0,1,40,0,1,1,10.4,Espoo,Apartment,0,1,District heating,Needs renovation,0,F,97
136,5,0,0,1,23,1,1,2,17.8,Espoo,Detached house,1,0,Electric heating,Fair,965,C,371
130,6,0,1,1,23,1,2,2,6.4,Helsinki,Apartment,1,1,District heating,Fair,0,C,457
128,6,0,1,1,29,1,2,2,4.6,Turku,Detached house,0,1,Electric heating,Fair,1375,D,334
49,2,3,1,1,3,0,1,1,1.9,Lahti,Apartment,0,0,District heating,Excellent,0,B,101
36,2,2,1,1,23,0,1,1,3.6,Oulu,Apartment,0,1,District heating,Excellent,0,C,84
28,1,0,0,1,53,0,1,1,0.9,Helsinki,Apartment,0,0,Air-source heat pump,Fair,0,D,119
102,4,1,0,1,22,0,2,3,1.8,Tampere,Apartment,0,1,District heating,Good,0,C,287
88,4,1,0,0,50,0,2,2,3.1,Turku,Apartment,0,1,District heating,Needs renovation,0,E,133
27,1,4,0,1,3,0,1,1,4.7,Oulu,Apartment,0,0,Air-source heat pump,Good,0,B,72
54,2,1,0,1,78,0,1,1,5.4,Helsinki,Apartment,0,1,District heating,Needs renovation,0,G,169
144,6,0,0,1,69,1,1,1,9.3,Lahti,Detached house,1,1,District heating,Excellent,1625,E,188
50,3,0,0,0,41,1,1,1,3.7,Helsinki,Apartment,0,0,District heating,Fair,0,C,141
90,4,1,0,1,95,0,1,1,2.7,Tampere,Apartment,0,0,District heating,Fair,0,E,178
118,4,0,1,1,6,1,2,2,22.6,Espoo,Terraced house,0,1,Geothermal,Good,900,B,381
59,2,2,1,1,11,0,1,1,10.8,Oulu,Apartment,0,1,Air-source heat pump,Good,0,B,117
81,4,0,1,2,33,1,1,1,4.5,Jyväskylä,Semi-detached house,1,0,Electric heating,Good,1630,E,191
56,2,2,0,0,95,0,1,1,0.9,Tampere,Apartment,0,0,District heating,Good,0,F,130
122,5,0,0,2,33,1,2,2,7.0,Jyväskylä,Detached house,1,1,Air-source heat pump,Fair,1510,D,215
88,2,3,1,1,4,0,1,1,5.9,Helsinki,Apartment,1,1,District heating,Excellent,0,B,408
80,3,5,1,1,14,0,1,2,2.0,Turku,Apartment,0,0,District heating,Fair,0,C,208
100,4,1,1,1,65,0,2,3,10.4,Helsinki,Apartment,0,1,District heating,Fair,0,F,271
73,4,0,0,0,1,0,1,1,2.5,Helsinki,Apartment,0,1,District heating,New,0,A,358
83,4,0,1,3,17,1,2,2,5.0,Lahti,Detached house,0,1,District heating,Good,585,B,141
46,2,4,0,1,29,0,1,1,8.6,Vantaa,Apartment,0,1,Air-source heat pump,Needs renovation,0,D,96
126,4,0,0,2,64,1,2,2,3.5,Pori,Detached house,0,1,Air-source heat pump,Needs renovation,2115,F,121
37,1,5,1,0,13,0,1,1,2.1,Turku,Apartment,0,1,District heating,Excellent,0,C,109
92,4,0,1,1,95,1,1,1,2.7,Pori,Semi-detached house,1,1,District heating,Needs renovation,795,F,83
46,2,2,1,0,3,0,1,1,5.6,Tampere,Apartment,0,1,District heating,Excellent,0,B,134
87,4,0,1,1,36,1,1,1,4.2,Lahti,Semi-detached house,0,1,Air-source heat pump,Good,565,D,125
47,2,8,1,1,0,0,1,1,4.1,Helsinki,Apartment,0,1,District heating,New,0,B,286
95,3,0,0,2,5,1,2,2,5.5,Jyväskylä,Semi-detached house,1,1,Wood heating,Good,665,C,211
64,2,5,0,1,60,0,1,2,3.5,Helsinki,Apartment,0,0,District heating,Excellent,0,D,229
35,2,1,1,0,15,0,1,1,3.4,Oulu,Apartment,0,1,District heating,Good,0,C,76
112,5,0,1,2,1,1,1,1,15.6,Lahti,Detached house,0,1,Electric heating,New,1700,B,187
136,6,2,0,1,95,0,2,3,5.6,Tampere,Apartment,0,1,District heating,Good,0,E,268
51,2,4,0,1,9,0,1,1,3.3,Helsinki,Apartment,0,1,District heating,Excellent,0,B,279
89,4,3,0,1,31,0,1,1,2.5,Vantaa,Apartment,0,1,District heating,Good,0,C,235
106,4,0,0,1,53,1,2,2,13.5,Helsinki,Semi-detached house,0,1,Air-source heat pump,Needs renovation,675,E,323
108,5,0,0,2,48,0,2,2,4.3,Helsinki,Semi-detached house,0,1,Air-source heat pump,Good,280,D,410
81,2,3,1,0,22,0,1,1,14.1,Vantaa,Apartment,0,1,District heating,Excellent,0,E,205
102,3,6,1,1,8,0,1,2,3.1,Oulu,Apartment,1,1,District heating,Good,0,A,253
75,2,1,1,1,23,0,1,1,2.9,Turku,Apartment,0,0,District heating,Excellent,0,D,180
138,6,0,0,1,32,1,2,2,16.3,Jyväskylä,Detached house,1,1,Electric heating,Needs renovation,2395,E,171
119,5,0,1,2,61,1,3,4,11.9,Tampere,Detached house,0,1,Wood heating,Needs renovation,1070,G,244
63,3,4,1,0,48,0,1,1,6.9,Turku,Apartment,0,1,District heating,Excellent,0,D,123
35,2,0,1,1,28,0,1,1,1.4,Tampere,Apartment,0,1,Air-source heat pump,Good,0,D,107
78,4,0,0,1,27,0,1,1,3.2,Helsinki,Apartment,1,1,District heating,Good,0,C,318
80,3,5,1,1,8,0,1,1,8.9,Helsinki,Apartment,0,1,District heating,Good,0,A,334
100,4,2,0,1,59,0,1,1,3.0,Tampere,Apartment,0,0,District heating,Fair,0,F,189
118,5,0,1,2,32,1,2,3,3.2,Turku,Terraced house,1,1,Air-source heat pump,Fair,405,D,211
84,4,0,1,1,0,1,2,2,2.1,Oulu,Terraced house,0,1,Electric heating,New,555,A,218
50,2,6,0,1,56,0,1,1,1.1,Tampere,Apartment,0,1,District heating,Fair,0,E,138
100,3,2,0,1,23,0,2,3,1.1,Kuopio,Apartment,0,1,District heating,Good,0,C,201
99,3,0,1,1,3,1,1,2,25.7,Espoo,Detached house,0,1,Air-source heat pump,Good,2105,B,288
66,4,4,1,0,41,0,2,3,2.8,Helsinki,Apartment,0,1,District heating,Excellent,0,C,288
136,6,0,1,1,1,1,2,2,25.5,Vantaa,Semi-detached house,0,1,Air-source heat pump,New,1275,A,365
32,1,0,1,0,11,0,1,1,3.6,Helsinki,Apartment,0,1,District heating,Excellent,0,B,155
148,6,0,0,1,19,1,2,3,6.6,Oulu,Detached house,1,1,Electric heating,Fair,745,D,283
77,4,0,0,1,25,1,1,1,7.2,Vantaa,Terraced house,0,1,District heating,Fair,315,D,205
146,6,0,0,1,52,1,3,4,17.9,Vantaa,Detached house,0,1,Oil heating,Fair,1010,G,237
75,3,0,0,1,23,0,2,2,2.6,Kuopio,Apartment,0,1,District heating,Good,0,D,134
39,2,3,0,1,4,0,1,1,5.1,Jyväskylä,Apartment,0,1,District heating,Good,0,B,93
49,2,0,0,0,15,0,1,1,18.9,Vantaa,Apartment,0,1,District heating,Good,0,B,109
97,4,0,0,1,40,1,2,3,9.1,Tampere,Semi-detached house,0,1,Air-source heat pump,Needs renovation,600,C,171
44,1,8,1,1,1,0,1,1,6.7,Helsinki,Apartment,0,1,District heating,New,0,B,245
92,4,1,1,1,11,0,1,1,3.6,Oulu,Apartment,0,0,District heating,Good,0,C,183
58,3,2,1,1,4,0,1,1,1.9,Helsinki,Apartment,0,1,Electric heating,Good,0,B,312
126,5,0,0,1,34,1,2,2,8.1,Lahti,Semi-detached house,1,1,Air-source heat pump,Good,765,E,177
124,5,0,1,1,5,0,2,3,4.3,Helsinki,Detached house,1,1,Air-source heat pump,Excellent,730,A,713
57,3,2,0,1,22,0,1,1,1.9,Tampere,Apartment,0,0,District heating,Good,0,C,151
81,3,2,1,1,23,0,2,2,1.5,Helsinki,Apartment,0,1,District heating,Good,0,C,389
121,4,0,0,1,10,1,2,2,6.4,Oulu,Terraced house,1,1,District heating,Fair,325,B,208
76,3,1,1,1,14,0,2,2,16.3,Espoo,Apartment,0,1,District heating,Good,0,C,220
63,4,3,0,0,18,0,1,1,12.1,Helsinki,Apartment,1,1,District heating,Fair,0,D,178
53,2,1,0,1,6,0,1,1,9.3,Vantaa,Apartment,0,1,District heating,Good,0,C,153
95,3,0,0,2,16,1,2,2,5.3,Lahti,Terraced house,1,0,Electric heating,Good,520,B,171
126,5,0,1,1,23,0,2,2,13.2,Vantaa,Semi-detached house,0,1,Geothermal,Good,260,C,314
30,2,0,1,1,25,1,1,1,1.7,Jyväskylä,Apartment,0,0,Air-source heat pump,Needs renovation,0,C,53
59,3,7,0,1,68,0,1,1,5.0,Vantaa,Apartment,0,0,District heating,Good,0,G,140
27,1,1,0,1,44,0,1,1,18.8,Vantaa,Apartment,0,1,Electric heating,Fair,0,E,58
81,3,0,0,0,61,1,1,1,6.9,Helsinki,Apartment,0,0,Electric heating,Good,0,F,226
122,5,0,0,0,44,0,2,2,2.2,Helsinki,Apartment,0,0,District heating,Excellent,0,E,420
74,3,2,0,0,18,0,1,2,9.2,Espoo,Apartment,0,1,District heating,Excellent,0,C,239
34,1,4,0,0,18,0,1,1,2.3,Pori,Apartment,0,1,Geothermal,Excellent,0,B,53
109,4,0,0,1,55,1,2,2,3.7,Helsinki,Semi-detached house,1,0,Electric heating,Good,425,F,465
45,2,5,0,1,9,0,1,1,3.6,Helsinki,Apartment,0,0,District heating,Good,0,A,240
48,2,4,1,0,27,0,1,1,6.0,Tampere,Apartment,0,1,District heating,Good,0,C,130
52,3,1,1,1,33,0,1,1,3.0,Turku,Apartment,0,1,District heating,Good,0,D,129
69,3,4,1,1,29,0,1,1,2.5,Helsinki,Apartment,0,0,District heating,Fair,0,D,325
115,5,6,1,1,37,0,2,3,18.4,Espoo,Apartment,1,1,Electric heating,Needs renovation,0,E,207
73,3,3,1,0,23,0,1,1,3.1,Helsinki,Apartment,0,1,District heating,Fair,0,C,315
49,3,0,0,1,67,0,1,1,7.1,Helsinki,Apartment,0,0,District heating,Fair,0,E,160
53,3,8,0,1,10,0,2,2,11.6,Espoo,Apartment,0,1,District heating,Good,0,B,211
82,4,1,0,0,51,0,1,1,0.9,Tampere,Apartment,0,0,District heating,Needs renovation,0,F,147
55,2,0,0,0,35,0,1,1,4.2,Helsinki,Apartment,0,0,District heating,Fair,0,D,217
47,2,1,1,0,49,0,1,1,3.8,Helsinki,Apartment,0,0,District heating,Good,0,E,161
204,7,0,0,2,64,1,3,4,13.0,Jyväskylä,Detached house,1,0,Oil heating,Fair,2055,F,251
107,4,5,0,0,56,0,1,1,3.8,Helsinki,Apartment,0,0,District heating,Needs renovation,0,F,273
84,4,1,0,1,53,0,1,1,9.3,Helsinki,Apartment,0,1,District heating,Good,0,E,259
46,2,7,0,0,5,0,1,1,2.0,Jyväskylä,Apartment,1,0,District heating,Excellent,0,A,125
85,3,0,0,0,3,1,1,1,2.8,Tampere,Semi-detached house,0,1,Geothermal,New,355,A,294
115,5,0,1,2,79,1,1,1,12.4,Helsinki,Detached house,1,1,Electric heating,Fair,1465,G,431
55,3,2,1,0,5,0,1,1,2.3,Helsinki,Apartment,1,1,District heating,Good,0,B,274
177,7,0,0,1,60,1,3,4,3.9,Turku,Detached house,0,1,Electric heating,Good,695,F,310
114,4,4,1,1,5,0,2,2,9.6,Helsinki,Apartment,1,1,Electric heating,Excellent,0,B,510
51,2,6,0,0,9,0,1,1,3.7,Tampere,Apartment,0,1,District heating,Excellent,0,C,167
48,3,3,0,0,38,0,1,1,3.5,Helsinki,Apartment,0,1,District heating,Needs renovation,0,D,145
88,4,2,0,1,48,0,2,3,1.7,Lahti,Apartment,0,0,District heating,Needs renovation,0,E,102
39,2,2,1,1,16,0,1,1,4.5,Oulu,Apartment,1,1,Electric heating,Fair,0,D,77
92,5,0,0,1,28,1,1,1,9.5,Turku,Semi-detached house,0,1,Wood heating,Good,970,E,182
51,3,1,0,1,26,0,1,1,3.1,Pori,Apartment,0,0,District heating,Good,0,D,63
69,2,2,0,1,76,0,1,1,5.4,Turku,Apartment,0,1,District heating,Excellent,0,F,134
62,3,1,0,1,2,0,2,2,5.4,Kuopio,Apartment,0,1,District heating,New,0,A,131
42,1,1,0,0,36,0,1,1,4.4,Helsinki,Apartment,0,1,District heating,Fair,0,E,151
52,2,0,0,0,37,1,1,1,5.5,Espoo,Apartment,0,1,District heating,Good,0,D,158
80,3,0,0,0,0,0,1,1,1.7,Jyväskylä,Apartment,1,0,District heating,Excellent,0,A,197
46,2,4,0,0,46,0,1,1,8.0,Helsinki,Apartment,0,0,District heating,Good,0,E,158
45,2,0,0,1,77,1,1,1,3.5,Kuopio,Apartment,0,1,Electric heating,Good,0,F,65
106,4,4,0,1,5,0,1,1,3.1,Vantaa,Apartment,0,1,District heating,Good,0,A,315
43,2,2,1,1,35,0,1,1,6.6,Vantaa,Apartment,0,1,District heating,Fair,0,E,112
36,1,1,1,1,26,0,1,1,6.8,Turku,Apartment,0,0,District heating,Needs renovation,0,D,68
59,3,1,1,1,2,0,1,1,4.5,Tampere,Apartment,0,0,District heating,Excellent,0,C,175
95,4,1,1,1,75,0,1,1,1.9,Tampere,Apartment,1,0,District heating,Good,0,F,247
72,4,2,1,0,21,0,1,1,3.1,Tampere,Apartment,0,1,Geothermal,Fair,0,B,192
69,2,8,0,1,13,0,1,1,2.0,Helsinki,Apartment,1,1,District heating,Good,0,B,366
62,2,0,1,0,18,0,1,1,2.8,Tampere,Apartment,0,1,District heating,Good,0,C,153
66,2,3,1,1,11,0,1,1,4.9,Oulu,Apartment,1,1,District heating,Good,0,C,162
107,4,3,0,0,34,0,1,1,5.6,Helsinki,Apartment,0,1,District heating,Fair,0,E,343
89,3,2,1,1,14,0,1,1,11.3,Espoo,Apartment,0,1,District heating,Good,0,C,270
109,4,1,1,1,24,0,2,2,14.4,Vantaa,Apartment,0,1,Electric heating,Excellent,0,C,251
58,2,1,1,1,2,0,1,1,3.1,Tampere,Apartment,0,1,District heating,New,0,A,221
46,2,0,0,1,5,0,1,1,7.1,Tampere,Apartment,0,1,District heating,Excellent,0,C,132
39,2,1,1,0,33,0,1,1,9.4,Helsinki,Apartment,0,0,District heating,Good,0,C,131
88,4,0,1,1,56,1,2,2,5.5,Lahti,Detached house,0,0,Wood heating,Fair,850,E,115
120,6,0,0,1,25,1,2,3,6.1,Oulu,Detached house,1,1,District heating,Fair,1410,D,218
38,2,2,0,1,3,0,1,1,3.6,Helsinki,Apartment,0,1,District heating,Fair,0,C,196
155,5,0,1,3,9,1,3,4,5.2,Kuopio,Detached house,1,0,Geothermal,Excellent,1060,A,322
67,3,1,0,1,28,0,1,1,6.7,Lahti,Apartment,0,0,District heating,Fair,0,D,83
61,3,6,1,1,10,0,1,1,8.3,Vantaa,Apartment,0,1,District heating,Good,0,B,182
29,1,3,0,0,46,0,1,1,6.0,Espoo,Apartment,0,0,District heating,Good,0,E,88
67,4,5,0,0,30,0,1,1,6.4,Helsinki,Apartment,0,0,District heating,Good,0,E,225
62,2,3,0,1,5,0,1,1,2.1,Helsinki,Apartment,0,1,District heating,Excellent,0,B,346
49,2,0,1,2,19,1,1,1,3.9,Lahti,Terraced house,0,1,District heating,Fair,195,D,91
87,3,2,1,1,24,0,1,1,10.2,Helsinki,Apartment,0,1,District heating,Good,0,B,304
140,4,0,0,2,35,1,2,2,5.3,Lahti,Detached house,1,0,District heating,Excellent,2510,D,242
136,6,1,0,0,58,0,1,1,4.9,Helsinki,Apartment,1,1,Electric heating,Needs renovation,0,F,356
55,2,2,0,1,42,0,1,1,3.5,Turku,Apartment,0,0,District heating,Good,0,D,122
278,9,0,0,2,16,1,3,3,13.9,Vantaa,Detached house,1,1,Electric heating,Fair,2360,D,602
264,9,0,1,2,33,1,3,4,7.5,Tampere,Detached house,1,1,Air-source heat pump,Needs renovation,1650,E,548
146,6,0,1,2,15,1,2,2,9.5,Jyväskylä,Detached house,1,1,Geothermal,Fair,2260,C,299
48,2,0,0,1,16,0,1,1,5.7,Vantaa,Apartment,0,1,District heating,Excellent,0,C,149
67,3,0,1,1,14,1,1,1,5.4,Tampere,Terraced house,1,1,Air-source heat pump,Excellent,415,C,193
102,5,0,0,2,16,1,2,2,12.1,Espoo,Terraced house,1,1,Air-source heat pump,Excellent,465,B,435
110,3,0,0,1,40,0,2,2,6.2,Kuopio,Apartment,0,0,District heating,Fair,0,E,126
116,5,0,0,1,4,1,3,3,5.2,Jyväskylä,Semi-detached house,1,1,Electric heating,Excellent,685,B,228
84,3,0,0,0,44,1,2,2,11.6,Turku,Semi-detached house,0,1,Wood heating,Good,650,E,145
73,2,0,1,1,1,1,1,1,2.0,Helsinki,Apartment,0,1,District heating,New,0,A,425
126,5,0,0,2,29,1,1,1,9.3,Tampere,Detached house,1,0,Electric heating,Fair,2190,D,302
77,3,0,1,2,34,1,1,1,5.8,Turku,Semi-detached house,0,1,District heating,Fair,305,E,138
125,5,4,1,1,2,0,2,3,4.4,Tampere,Apartment,1,1,District heating,Excellent,0,B,438
58,3,1,0,0,39,0,1,1,3.6,Tampere,Apartment,0,1,Oil heating,Good,0,E,144
107,4,0,0,2,35,1,2,2,2.9,Lahti,Detached house,1,1,Oil heating,Good,1215,E,175
74,3,4,0,1,71,0,1,1,3.1,Helsinki,Apartment,0,1,District heating,Good,0,F,288
114,4,0,1,1,26,0,2,3,3.4,Lahti,Terraced house,1,1,Wood heating,Good,280,D,146
114,5,0,0,2,30,0,2,2,8.4,Jyväskylä,Semi-detached house,0,1,Air-source heat pump,Good,305,C,177
125,5,0,1,0,74,1,2,2,7.3,Oulu,Semi-detached house,1,1,District heating,Fair,870,E,220
97,4,2,0,1,39,0,1,1,5.6,Helsinki,Apartment,0,1,District heating,Good,0,D,354
39,2,0,1,1,12,0,1,1,2.6,Helsinki,Apartment,0,0,District heating,Good,0,C,181
119,4,2,0,1,32,0,2,2,6.6,Helsinki,Apartment,0,1,District heating,Fair,0,E,385
68,2,0,0,1,32,0,1,1,3.9,Espoo,Apartment,0,1,District heating,Fair,0,D,209
89,4,2,0,1,27,0,1,1,3.0,Oulu,Apartment,0,1,Air-source heat pump,Good,0,C,181
78,4,0,1,2,31,1,2,2,3.4,Helsinki,Terraced house,0,1,Electric heating,Fair,290,E,405
112,6,1,0,1,22,0,2,2,2.4,Oulu,Apartment,0,1,District heating,Fair,0,C,184
74,3,2,1,1,30,0,1,1,2.0,Jyväskylä,Apartment,0,1,District heating,Good,0,D,149
55,2,0,0,1,33,0,1,1,3.5,Helsinki,Apartment,1,0,District heating,Good,0,C,212
52,2,6,0,1,62,0,1,1,3.1,Helsinki,Apartment,0,1,District heating,Fair,0,G,201
123,4,0,0,2,18,1,1,1,6.2,Kuopio,Detached house,1,1,Air-source heat pump,Excellent,870,B,188
138,6,0,0,2,62,1,2,3,4.8,Pori,Semi-detached house,1,1,District heating,Good,910,F,156
50,3,2,0,1,44,0,1,1,2.8,Jyväskylä,Apartment,0,0,District heating,Fair,0,E,78
92,4,2,0,1,17,0,1,2,6.8,Espoo,Apartment,0,1,District heating,Fair,0,B,317
44,2,0,0,2,39,0,1,1,2.9,Helsinki,Apartment,0,1,District heating,Good,0,D,203
121,4,0,0,2,67,1,2,2,1.3,Kuopio,Detached house,1,1,Electric heating,Fair,2100,G,184
136,7,0,1,1,19,1,2,2,13.0,Tampere,Detached house,1,1,Air-source heat pump,Needs renovation,1635,D,280
96,4,2,0,1,12,0,1,2,7.1,Vantaa,Apartment,0,1,Air-source heat pump,Fair,0,B,265
70,3,0,0,2,39,1,2,2,8.3,Helsinki,Terraced house,0,1,District heating,Needs renovation,390,E,252
71,4,0,0,0,57,0,1,2,3.4,Helsinki,Apartment,0,0,District heating,Good,0,E,230
122,5,0,1,2,29,1,2,2,6.7,Turku,Detached house,1,1,Geothermal,Excellent,1230,C,290
94,4,0,0,1,43,1,2,2,5.0,Helsinki,Terraced house,1,1,Oil heating,Good,215,E,382
126,5,0,0,2,41,1,2,2,4.3,Jyväskylä,Detached house,1,1,District heating,Good,1635,D,219
145,5,0,1,2,15,1,2,2,17.2,Kuopio,Detached house,1,1,Electric heating,Good,1360,D,201
46,2,1,0,1,31,0,1,1,5.3,Helsinki,Apartment,0,1,District heating,Fair,0,D,176
64,3,0,0,1,10,0,1,1,3.3,Kuopio,Apartment,0,0,District heating,Good,0,A,120
80,4,1,1,1,0,0,1,1,9.3,Oulu,Apartment,1,1,Geothermal,New,0,A,179
113,5,4,0,1,28,0,1,2,6.8,Turku,Apartment,0,1,District heating,Good,0,D,238
112,4,0,0,1,23,1,2,2,1.5,Tampere,Terraced house,1,1,Electric heating,Good,490,D,330
54,3,1,0,1,10,0,1,1,5.6,Espoo,Apartment,0,1,District heating,Good,0,C,214
133,6,0,0,2,12,1,2,2,12.9,Vantaa,Detached house,1,1,Geothermal,Good,1080,C,393
79,3,3,0,1,58,0,1,1,4.2,Tampere,Apartment,0,1,District heating,Good,0,F,163
104,4,0,0,2,24,1,3,3,5.7,Helsinki,Semi-detached house,0,1,Air-source heat pump,Fair,425,C,444
80,4,0,1,1,26,1,1,1,10.3,Vantaa,Semi-detached house,1,1,Air-source heat pump,Fair,725,C,232
52,2,1,0,1,8,0,1,1,3.4,Espoo,Apartment,0,1,District heating,Good,0,C,213
47,2,8,1,0,10,0,1,1,5.6,Helsinki,Apartment,0,1,Electric heating,Good,0,B,221
150,6,0,1,1,43,1,2,2,2.6,Jyväskylä,Detached house,1,0,Oil heating,Excellent,1730,E,285
35,1,5,1,1,27,0,1,1,1.8,Turku,Apartment,0,1,District heating,Needs renovation,0,D,82
131,5,0,1,1,11,1,2,2,11.1,Turku,Terraced house,1,1,Air-source heat pump,Good,785,B,269
211,8,0,1,2,22,1,3,4,8.8,Vantaa,Detached house,1,1,District heating,Good,975,D,471
109,4,0,0,2,28,1,2,3,5.2,Tampere,Terraced house,1,1,District heating,Good,360,D,290
51,2,4,1,0,0,0,1,1,1.6,Tampere,Apartment,0,1,District heating,New,0,A,178
59,2,2,0,0,47,0,1,1,9.1,Helsinki,Apartment,0,0,District heating,Good,0,E,183
29,1,3,0,0,77,0,1,1,3.5,Helsinki,Apartment,1,1,District heating,Fair,0,F,89
33,2,1,0,1,53,0,1,1,4.2,Jyväskylä,Apartment,0,0,Air-source heat pump,Needs renovation,0,F,41
33,1,2,0,1,56,0,1,1,2.8,Turku,Apartment,0,0,Electric heating,Good,0,E,80
51,3,5,0,1,20,0,1,1,10.0,Espoo,Apartment,0,1,District heating,Excellent,0,B,192
60,2,4,1,0,0,0,1,1,3.1,Helsinki,Apartment,0,1,Electric heating,New,0,A,338
25,1,5,0,0,22,0,1,1,2.7,Helsinki,Apartment,1,0,District heating,Fair,0,C,107
61,2,0,1,1,29,1,1,1,18.0,Vantaa,Terraced house,0,1,Electric heating,Good,195,E,142
34,2,0,1,1,34,0,1,1,11.7,Vantaa,Apartment,0,0,District heating,Fair,0,F,68
37,2,6,0,0,38,0,1,1,2.4,Helsinki,Apartment,0,1,District heating,Excellent,0,C,160
82,4,4,0,1,15,0,1,1,10.0,Helsinki,Apartment,0,1,Electric heating,Needs renovation,0,C,262
59,3,3,1,0,79,0,1,1,5.6,Helsinki,Apartment,0,1,Electric heating,Fair,0,G,143
98,5,2,0,0,52,0,1,1,2.0,Helsinki,Apartment,0,1,District heating,Good,0,C,340
122,5,0,0,1,14,1,2,2,7.4,Oulu,Detached house,0,1,Air-source heat pump,Fair,885,C,215
177,7,0,0,2,95,1,3,3,3.8,Tampere,Detached house,1,1,Electric heating,Good,650,F,347
65,3,0,1,1,48,0,1,1,3.9,Vantaa,Apartment,0,1,District heating,Good,0,D,156
100,3,0,0,1,5,0,1,2,5.6,Tampere,Apartment,1,1,District heating,Good,0,D,247
97,4,0,0,1,25,1,2,2,2.7,Tampere,Terraced house,1,1,District heating,Needs renovation,180,E,187
131,5,0,0,1,48,1,2,3,2.0,Tampere,Semi-detached house,1,1,District heating,Fair,430,E,291
25,1,3,0,1,21,0,1,1,3.1,Helsinki,Apartment,0,1,District heating,Fair,0,D,135
103,4,0,1,2,1,1,2,2,9.7,Espoo,Terraced house,0,1,Electric heating,Good,475,C,403
93,4,0,1,2,4,1,1,1,7.0,Helsinki,Semi-detached house,0,1,District heating,Good,265,B,455
31,2,4,1,0,0,0,1,1,3.2,Helsinki,Apartment,0,1,District heating,New,0,A,187
95,4,3,1,0,54,0,1,1,6.9,Jyväskylä,Apartment,0,0,District heating,Good,0,E,141
47,2,2,0,0,38,0,1,1,4.1,Oulu,Apartment,0,1,Geothermal,Fair,0,D,74
49,2,3,0,1,29,0,1,1,16.5,Vantaa,Apartment,0,1,Electric heating,Excellent,0,C,108
64,3,0,0,0,30,1,2,2,18.6,Oulu,Terraced house,0,0,District heating,Fair,345,D,79
53,3,4,0,0,43,0,1,1,1.5,Jyväskylä,Apartment,0,1,District heating,Fair,0,E,87
60,2,3,0,1,23,0,1,1,2.0,Lahti,Apartment,0,1,District heating,Good,0,C,110
138,5,0,0,2,59,1,2,3,9.1,Vantaa,Detached house,1,1,Air-source heat pump,Needs renovation,1030,F,275
122,5,0,0,1,38,0,2,3,5.5,Vantaa,Apartment,0,0,District heating,Needs renovation,0,E,192
146,5,0,0,2,41,1,3,3,11.3,Oulu,Detached house,1,1,Air-source heat pump,Fair,1310,E,231
191,7,0,1,2,19,1,3,5,8.3,Oulu,Detached house,1,1,Air-source heat pump,Good,3095,D,431
80,3,0,0,1,35,0,1,1,2.1,Kuopio,Apartment,0,0,Electric heating,Fair,0,D,121
109,5,0,0,1,4,1,2,2,16.6,Vantaa,Terraced house,0,1,District heating,Good,465,B,324
43,2,0,0,1,78,1,1,1,13.5,Helsinki,Apartment,0,1,Electric heating,Good,0,E,129
83,3,0,1,1,31,1,1,1,10.4,Vantaa,Terraced house,0,1,District heating,Good,310,E,217
125,5,0,0,2,3,1,2,3,3.3,Tampere,Detached house,1,1,Air-source heat pump,Excellent,960,B,364
40,2,2,1,1,7,0,1,1,2.7,Tampere,Apartment,0,1,District heating,Excellent,0,B,139
125,5,0,0,2,21,1,2,2,3.6,Pori,Detached house,1,1,Wood heating,Fair,1095,E,150
50,2,1,0,1,20,0,1,1,3.7,Jyväskylä,Apartment,0,0,Air-source heat pump,Fair,0,C,109
108,5,0,1,1,1,1,1,1,3.1,Helsinki,Apartment,0,1,District heating,Excellent,0,C,466
44,2,8,0,1,19,0,1,1,2.1,Turku,Apartment,0,1,District heating,Good,0,D,120
66,2,0,1,0,15,0,1,1,2.8,Turku,Apartment,0,0,District heating,Good,0,C,143
90,3,0,1,1,71,1,2,3,9.6,Jyväskylä,Detached house,0,1,Electric heating,Fair,1080,G,145
77,4,0,1,3,25,1,1,1,4.0,Oulu,Detached house,0,1,District heating,Good,1655,D,185
98,4,0,0,2,47,1,1,1,11.2,Espoo,Detached house,0,1,Oil heating,Excellent,830,F,338
148,6,0,0,2,5,1,2,2,4.2,Lahti,Detached house,1,1,Electric heating,Good,1480,C,226
47,3,1,0,1,64,0,1,1,12.8,Espoo,Apartment,0,0,Electric heating,Fair,0,E,114
110,4,3,0,1,22,0,1,1,2.3,Jyväskylä,Apartment,0,1,District heating,Good,0,C,209
105,3,0,0,1,28,0,1,1,2.1,Pori,Apartment,0,1,District heating,Good,0,C,110
85,4,4,1,1,8,0,2,2,7.0,Helsinki,Apartment,0,1,District heating,Good,0,A,388
29,1,7,1,0,2,0,1,1,4.8,Tampere,Apartment,0,1,District heating,Excellent,0,B,100
120,4,0,1,2,31,1,2,2,11.8,Espoo,Semi-detached house,0,1,District heating,Good,1495,E,448
74,3,2,1,1,3,0,1,1,10.6,Vantaa,Apartment,0,1,District heating,Fair,0,C,192
84,3,0,0,1,41,0,1,1,1.1,Lahti,Apartment,0,0,District heating,Fair,0,D,112
117,6,0,1,2,16,1,2,2,16.3,Espoo,Semi-detached house,0,1,District heating,Good,810,C,458
49,3,0,1,1,19,0,1,1,8.7,Vantaa,Apartment,0,1,District heating,Fair,0,D,111
132,5,0,0,2,52,0,2,2,1.0,Jyväskylä,Apartment,1,1,District heating,Good,0,E,238
62,3,1,0,1,45,0,2,2,5.8,Tampere,Apartment,0,1,District heating,Needs renovation,0,F,108
39,2,0,0,1,32,1,1,1,2.4,Lahti,Apartment,0,0,District heating,Good,0,D,69
59,2,2,0,1,5,0,1,1,2.2,Jyväskylä,Apartment,0,1,District heating,Excellent,0,B,149
99,5,2,0,1,23,0,1,2,3.1,Helsinki,Apartment,0,1,District heating,Excellent,0,B,486
140,5,0,1,0,1,1,2,3,1.7,Kuopio,Detached house,1,1,District heating,New,1490,A,350
83,4,0,1,1,15,0,1,1,6.3,Helsinki,Apartment,0,1,District heating,Fair,0,B,312
110,4,0,1,1,19,1,1,1,2.9,Oulu,Detached house,0,0,Electric heating,Good,1025,C,244
43,2,1,0,0,17,0,1,1,3.7,Pori,Apartment,0,1,District heating,Needs renovation,0,C,42
60,3,1,0,1,5,0,1,1,10.4,Espoo,Apartment,0,1,District heating,New,0,B,231
44,1,6,1,1,11,0,1,1,8.5,Espoo,Apartment,0,1,District heating,Excellent,0,B,196
44,1,0,0,1,35,1,1,1,6.1,Pori,Apartment,0,0,District heating,Good,0,D,47
71,3,0,0,1,30,0,2,2,1.4,Kuopio,Apartment,0,1,District heating,Good,0,D,136
59,3,3,0,1,16,0,1,1,1.9,Helsinki,Apartment,0,1,District heating,Excellent,0,C,312
77,4,0,1,1,16,1,2,2,2.5,Turku,Semi-detached house,0,1,District heating,Good,1090,D,261
56,2,5,1,1,0,0,1,1,4.9,Helsinki,Apartment,0,1,District heating,New,0,B,324
105,5,0,0,2,57,1,2,2,4.5,Jyväskylä,Detached house,1,1,Wood heating,Needs renovation,2205,G,163
84,3,0,0,1,3,0,1,1,0.8,Pori,Apartment,0,0,District heating,Excellent,0,A,120
32,2,5,0,0,27,0,1,1,5.1,Tampere,Apartment,0,1,District heating,Good,0,D,87
55,3,1,1,1,22,0,1,1,2.9,Jyväskylä,Apartment,1,0,District heating,Fair,0,C,102
55,2,4,1,1,28,0,1,1,2.1,Helsinki,Apartment,1,1,District heating,Good,0,D,281
26,1,2,1,1,20,0,1,1,8.7,Espoo,Apartment,1,0,District heating,Excellent,0,D,104
24,1,1,1,0,22,0,1,1,5.9,Turku,Apartment,0,0,District heating,Good,0,B,53
63,2,0,0,0,95,0,1,1,14.6,Helsinki,Apartment,0,0,District heating,Needs renovation,0,G,117
40,2,3,0,1,4,0,1,1,6.4,Turku,Apartment,0,0,Air-source heat pump,Good,0,B,99
102,4,0,1,1,15,1,1,1,18.9,Espoo,Terraced house,1,1,Electric heating,Fair,405,D,295
96,5,2,1,0,44,0,1,1,28.2,Helsinki,Apartment,0,0,District heating,Needs renovation,0,E,127
30,1,3,1,1,22,0,1,1,5.2,Turku,Apartment,0,0,Electric heating,Fair,0,C,77
39,1,5,0,0,53,0,1,1,4.3,Helsinki,Apartment,0,0,District heating,Fair,0,E,119
77,3,2,0,1,46,0,1,1,1.4,Turku,Apartment,0,0,Air-source heat pump,Good,0,D,161
85,4,4,0,1,33,0,2,2,1.9,Helsinki,Apartment,1,1,District heating,Good,0,D,433
106,5,0,1,1,17,1,1,1,1.5,Pori,Apartment,0,0,Electric heating,Good,0,C,140
53,2,1,1,0,24,0,1,1,6.8,Vantaa,Apartment,0,0,Air-source heat pump,Good,0,C,143
27,1,3,1,1,13,0,1,1,7.3,Espoo,Apartment,0,0,District heating,Excellent,0,B,109
120,4,4,0,2,52,0,2,2,2.8,Kuopio,Apartment,0,1,District heating,Good,0,F,170
81,4,0,0,1,28,0,1,2,3.9,Espoo,Terraced house,0,1,Geothermal,Good,145,C,338
54,2,3,0,1,30,0,1,1,6.6,Oulu,Apartment,0,1,Electric heating,Excellent,0,C,112
64,3,3,1,1,47,0,1,1,7.9,Espoo,Apartment,0,0,District heating,Needs renovation,0,F,143
43,2,2,0,0,0,0,1,1,4.8,Oulu,Apartment,1,1,District heating,New,0,A,114
139,6,3,0,1,47,0,3,3,1.8,Kuopio,Apartment,0,1,District heating,Needs renovation,0,E,177
33,1,4,0,0,34,0,1,1,4.5,Helsinki,Apartment,0,1,District heating,Excellent,0,D,132
200,7,0,1,0,0,0,3,3,6.2,Oulu,Detached house,0,1,Electric heating,New,1245,B,454
133,5,0,1,1,16,1,2,2,3.4,Oulu,Semi-detached house,1,0,Oil heating,Excellent,660,C,250
77,3,0,0,1,22,0,2,2,3.2,Turku,Apartment,0,0,District heating,Fair,0,C,155
44,1,1,0,0,22,0,1,1,8.1,Tampere,Apartment,0,1,District heating,Fair,0,D,100
35,1,4,1,1,25,0,1,1,1.7,Helsinki,Apartment,0,0,District heating,Good,0,C,189
168,6,0,1,2,69,0,3,4,15.3,Lahti,Detached house,1,1,Electric heating,Good,2500,G,190
199,8,0,0,2,95,1,3,5,11.8,Helsinki,Detached house,1,1,District heating,Good,2465,G,811
102,3,0,1,1,18,0,1,1,4.3,Tampere,Apartment,1,0,District heating,Good,0,B,244
78,3,0,0,1,29,1,2,2,3.0,Oulu,Apartment,0,0,Geothermal,Fair,0,C,139
105,3,0,0,2,14,1,2,3,1.4,Oulu,Terraced house,0,1,District heating,Good,610,C,224
163,6,0,0,1,0,1,3,3,14.3,Oulu,Detached house,0,1,Electric heating,New,2535,B,364
133,4,0,1,1,19,1,1,1,15.9,Espoo,Semi-detached house,1,0,Electric heating,Good,1325,C,475
103,3,1,1,1,43,0,1,1,3.9,Helsinki,Apartment,0,1,Air-source heat pump,Good,0,C,371
59,3,2,1,1,12,0,1,1,4.2,Jyväskylä,Apartment,0,1,District heating,Good,0,B,123
64,3,3,1,1,5,0,2,2,18.1,Espoo,Apartment,1,1,District heating,Excellent,0,B,229
81,3,0,1,2,36,1,2,2,4.9,Lahti,Terraced house,1,0,District heating,Fair,475,D,118
140,6,0,0,3,5,1,2,2,5.0,Pori,Detached house,1,1,Geothermal,Excellent,1670,B,218
99,3,4,0,0,4,0,1,1,2.1,Tampere,Apartment,0,1,District heating,Fair,0,B,257
34,2,3,0,0,35,0,1,1,6.2,Helsinki,Apartment,0,1,District heating,Good,0,E,122
75,3,0,1,0,3,1,1,1,1.1,Helsinki,Apartment,0,1,District heating,Good,0,B,357
97,4,0,0,2,42,1,2,2,6.8,Jyväskylä,Detached house,1,1,Electric heating,Needs renovation,2080,E,178
77,3,1,0,1,16,0,1,1,1.5,Espoo,Apartment,0,1,Geothermal,Good,0,B,285
42,1,0,1,0,85,0,1,1,4.4,Turku,Apartment,0,1,District heating,Fair,0,E,51
175,7,0,0,2,15,1,3,4,8.9,Espoo,Detached house,1,1,Geothermal,Excellent,1195,B,713
129,6,0,1,1,1,0,2,2,3.9,Oulu,Apartment,1,1,District heating,New,0,B,267
60,3,0,1,1,44,1,1,1,7.4,Tampere,Apartment,0,1,District heating,Good,0,E,144
68,3,2,1,1,23,0,1,1,1.7,Lahti,Apartment,0,1,District heating,Good,0,C,126
98,4,2,0,0,15,0,2,2,1.8,Helsinki,Apartment,0,1,District heating,Fair,0,C,401
99,3,4,1,1,19,0,1,1,3.9,Vantaa,Apartment,0,0,District heating,Good,0,C,258
71,3,11,0,1,25,0,2,2,2.4,Tampere,Apartment,0,0,District heating,Good,0,C,219
44,2,0,1,1,27,0,1,1,2.7,Oulu,Apartment,0,0,District heating,Fair,0,D,87
53,3,2,0,1,23,0,2,2,3.0,Helsinki,Apartment,0,1,District heating,Good,0,C,259
61,2,0,1,1,40,0,1,1,3.0,Lahti,Apartment,0,1,District heating,Excellent,0,C,99
110,5,0,1,1,4,0,1,1,2.6,Pori,Apartment,1,1,District heating,Good,0,A,148
82,4,2,0,1,16,0,1,1,3.0,Oulu,Apartment,0,1,District heating,Good,0,B,162
70,3,1,0,0,8,0,1,1,5.8,Vantaa,Apartment,0,1,District heating,Good,0,B,190
99,4,0,1,2,53,1,2,2,17.2,Vantaa,Terraced house,0,0,Electric heating,Needs renovation,265,F,149
92,5,0,0,0,26,0,2,2,16.9,Vantaa,Apartment,0,1,District heating,Fair,0,C,194
65,4,0,0,1,48,1,1,1,6.7,Jyväskylä,Terraced house,1,1,Electric heating,Fair,320,E,121
52,2,1,1,1,5,0,1,1,5.1,Espoo,Apartment,0,1,District heating,Excellent,0,A,213
71,2,0,1,0,1,0,1,1,4.7,Vantaa,Apartment,0,1,Electric heating,New,0,B,196
55,2,4,1,1,1,0,1,1,4.6,Tampere,Apartment,0,1,District heating,New,0,A,204
107,4,0,0,1,24,1,2,2,4.5,Kuopio,Detached house,1,0,Air-source heat pump,Good,1125,E,204
49,2,4,0,0,83,0,1,1,1.7,Pori,Apartment,0,0,District heating,Fair,0,G,47
59,3,0,1,0,90,0,1,1,2.9,Helsinki,Apartment,0,0,District heating,Fair,0,F,216
38,2,0,1,0,4,0,1,1,8.1,Espoo,Apartment,0,1,District heating,Excellent,0,A,150
29,1,2,0,0,1,0,1,1,3.4,Turku,Apartment,0,1,District heating,New,0,B,77
76,3,0,0,1,0,0,1,1,22.1,Vantaa,Apartment,0,1,District heating,New,0,A,183
46,2,1,0,0,65,0,1,1,5.8,Helsinki,Apartment,0,0,District heating,Good,0,F,138
86,3,2,0,1,76,0,1,1,2.6,Lahti,Apartment,0,0,District heating,Fair,0,G,87
60,2,3,1,0,20,0,1,1,19.5,Espoo,Apartment,0,1,District heating,Good,0,C,177
58,3,2,0,0,0,0,1,1,0.9,Oulu,Apartment,0,1,District heating,Good,0,B,140
50,3,2,0,1,17,0,1,1,7.2,Espoo,Apartment,0,1,Air-source heat pump,Needs renovation,0,C,192
72,2,3,0,1,36,0,1,1,2.7,Helsinki,Apartment,1,0,District heating,Good,0,C,273
104,5,0,0,1,26,1,2,3,7.3,Helsinki,Semi-detached house,1,1,Air-source heat pump,Needs renovation,385,D,380
130,5,0,1,1,6,0,2,3,3.6,Vantaa,Apartment,0,0,District heating,Excellent,0,A,351
59,2,1,0,1,33,0,1,1,4.9,Oulu,Apartment,0,0,District heating,Fair,0,E,94
143,6,0,1,2,0,1,2,3,5.2,Kuopio,Detached house,1,1,Air-source heat pump,New,1090,A,327
132,6,0,0,2,21,1,2,2,14.9,Vantaa,Semi-detached house,1,1,Geothermal,Good,1095,C,381
62,3,0,0,1,43,0,1,1,1.5,Oulu,Apartment,0,1,District heating,Needs renovation,0,E,89
83,4,0,1,1,1,1,1,1,10.5,Vantaa,Semi-detached house,1,1,Electric heating,Excellent,475,B,280
99,5,2,1,1,95,0,1,2,3.8,Helsinki,Apartment,0,0,District heating,Needs renovation,0,F,287
48,2,0,1,1,28,0,1,1,5.7,Helsinki,Apartment,0,1,District heating,Good,0,E,185
51,2,0,0,1,36,0,1,1,2.4,Helsinki,Apartment,0,1,District heating,Good,0,C,205
96,4,1,0,1,72,0,2,2,4.1,Oulu,Apartment,1,0,Electric heating,Good,0,F,147
67,2,2,0,1,43,0,1,1,1.2,Vantaa,Apartment,0,0,District heating,Excellent,0,D,188
61,2,1,0,1,17,0,1,1,2.7,Helsinki,Apartment,0,1,District heating,Excellent,0,B,288
90,4,1,1,1,2,0,1,1,1.8,Oulu,Apartment,0,1,Electric heating,Excellent,0,C,212
81,3,0,1,1,34,1,2,2,10.0,Tampere,Semi-detached house,1,1,District heating,Fair,520,E,229
89,3,1,0,1,27,0,1,1,3.2,Pori,Apartment,0,1,Electric heating,Excellent,0,C,117
76,3,2,0,1,70,0,1,2,3.5,Kuopio,Apartment,0,0,District heating,Needs renovation,0,G,77
54,2,6,0,0,91,0,1,1,3.3,Helsinki,Apartment,0,1,District heating,Needs renovation,0,G,164
121,5,0,0,3,14,1,2,2,6.8,Tampere,Detached house,1,1,Electric heating,Good,970,C,341
131,4,0,1,3,8,1,3,4,5.8,Turku,Detached house,1,0,Oil heating,Fair,1100,D,283
61,3,0,1,1,10,0,1,1,8.2,Espoo,Apartment,0,0,District heating,Good,0,B,209
188,8,0,0,2,35,1,3,3,14.8,Helsinki,Detached house,1,1,Air-source heat pump,Good,1000,C,643
46,2,0,0,0,44,0,1,1,2.6,Helsinki,Apartment,0,1,District heating,Fair,0,E,149
34,1,3,0,0,59,0,1,1,2.1,Helsinki,Apartment,0,0,Electric heating,Fair,0,E,116
25,1,3,0,1,2,0,1,1,4.7,Oulu,Apartment,0,1,District heating,New,0,A,68
110,5,0,0,1,9,1,2,3,6.3,Espoo,Detached house,0,1,District heating,Excellent,1540,C,555
116,5,0,1,1,5,1,1,2,14.1,Vantaa,Semi-detached house,1,1,Electric heating,Excellent,1280,C,326
30,2,4,0,0,44,0,1,1,8.4,Helsinki,Apartment,0,1,District heating,Fair,0,D,102
180,7,0,1,1,21,1,3,4,6.8,Oulu,Detached house,1,1,Wood heating,Good,2125,E,325
104,4,0,1,2,62,1,2,2,17.7,Espoo,Detached house,1,0,Electric heating,Needs renovation,2240,F,301
122,4,0,1,3,8,1,2,2,15.5,Espoo,Semi-detached house,1,1,Electric heating,Good,1365,C,481
43,2,1,1,2,4,0,1,1,7.4,Oulu,Apartment,0,1,District heating,Excellent,0,B,98
113,5,3,0,1,5,0,2,2,7.9,Turku,Apartment,0,1,District heating,Good,0,C,260
76,4,0,1,1,0,0,1,1,1.3,Tampere,Apartment,0,1,Electric heating,Excellent,0,A,269
66,2,1,0,1,52,0,1,1,3.8,Helsinki,Apartment,0,1,District heating,Good,0,E,252
35,2,0,1,0,13,0,1,1,6.6,Oulu,Apartment,0,1,Geothermal,Fair,0,C,63
70,3,3,1,1,16,0,1,2,1.0,Tampere,Apartment,0,1,District heating,Fair,0,D,209
177,7,0,1,1,24,1,3,4,4.1,Tampere,Detached house,1,0,Air-source heat pump,Good,2555,D,519
28,1,2,1,0,33,0,1,1,3.1,Oulu,Apartment,0,1,District heating,Fair,0,D,57
100,4,0,1,1,26,1,2,2,4.4,Tampere,Detached house,0,0,Electric heating,Needs renovation,1695,C,275
38,1,1,1,1,18,0,1,1,7.4,Vantaa,Apartment,1,0,District heating,Good,0,E,114
40,2,3,0,1,83,0,1,1,4.0,Tampere,Apartment,0,0,Air-source heat pump,Needs renovation,0,F,82
92,4,0,1,2,13,1,1,1,4.2,Jyväskylä,Terraced house,0,0,Electric heating,Excellent,855,C,189
118,5,0,0,2,63,1,2,3,8.3,Helsinki,Semi-detached house,1,1,District heating,Good,945,E,450
97,3,1,0,1,34,0,1,1,3.5,Helsinki,Apartment,0,1,District heating,Good,0,D,369
146,5,0,1,1,15,1,2,3,10.3,Tampere,Detached house,1,1,Oil heating,Excellent,1215,B,373
75,3,1,0,0,22,0,1,1,5.8,Helsinki,Apartment,0,0,District heating,Good,0,C,280
113,5,0,0,2,22,1,2,2,8.5,Oulu,Detached house,0,0,District heating,Fair,1160,E,185
107,5,0,1,1,40,1,2,2,10.0,Espoo,Terraced house,1,1,District heating,Needs renovation,620,D,366
31,2,7,1,1,12,0,1,1,2.1,Helsinki,Apartment,0,1,District heating,Fair,0,C,182
160,7,0,1,1,5,1,2,3,5.2,Espoo,Semi-detached house,1,1,District heating,Good,690,A,648
68,3,7,1,1,51,0,1,1,1.9,Helsinki,Apartment,0,1,District heating,Needs renovation,0,E,221
88,4,0,1,1,23,0,1,1,3.2,Turku,Apartment,0,0,District heating,Excellent,0,C,182
51,2,1,0,1,22,0,1,1,7.0,Lahti,Apartment,0,0,District heating,Excellent,0,C,82
49,2,6,1,0,46,0,1,1,4.2,Helsinki,Apartment,0,0,District heating,Needs renovation,0,E,141
97,5,8,0,1,71,0,2,2,2.4,Helsinki,Apartment,1,1,Air-source heat pump,Needs renovation,0,G,321
56,2,3,1,1,10,0,1,1,4.0,Helsinki,Apartment,0,1,District heating,Fair,0,C,264
52,2,0,1,1,10,0,1,1,3.3,Tampere,Apartment,1,0,District heating,Fair,0,B,143
41,2,5,1,0,25,0,1,1,15.1,Helsinki,Apartment,0,1,District heating,Fair,0,D,116
69,3,0,1,2,47,1,1,2,11.1,Oulu,Terraced house,0,0,Air-source heat pump,Needs renovation,420,E,81
98,4,0,0,1,82,1,2,2,13.9,Tampere,Terraced house,1,0,Wood heating,Fair,435,G,177
78,4,0,1,1,77,1,2,2,9.2,Vantaa,Detached house,0,1,Electric heating,Excellent,1235,F,261
67,2,5,1,1,28,0,1,1,3.4,Helsinki,Apartment,0,0,District heating,Fair,0,C,261
77,4,0,1,1,15,0,1,1,2.6,Jyväskylä,Apartment,1,1,District heating,Good,0,B,184
64,3,3,0,1,20,0,1,1,3.4,Tampere,Apartment,0,0,District heating,Good,0,C,198
86,4,3,1,0,33,0,1,1,2.5,Helsinki,Apartment,0,0,District heating,Good,0,E,319
90,4,0,1,1,0,1,1,1,12.0,Helsinki,Terraced house,0,1,District heating,New,255,A,413
50,2,4,0,1,45,0,1,1,2.3,Turku,Apartment,0,1,District heating,Needs renovation,0,F,80
81,3,2,1,1,5,0,1,1,3.3,Jyväskylä,Apartment,0,1,District heating,Excellent,0,B,177
47,3,5,0,0,14,0,1,1,2.9,Helsinki,Apartment,0,1,District heating,Fair,0,C,235
97,4,0,0,3,20,1,1,2,3.8,Turku,Detached house,0,1,Air-source heat pump,Good,750,C,249
76,4,0,0,2,53,1,1,1,7.3,Espoo,Terraced house,1,1,District heating,Fair,470,E,271
58,3,0,1,1,12,1,1,1,5.7,Helsinki,Terraced house,0,1,District heating,Excellent,240,D,298
64,3,4,1,1,13,0,1,1,22.5,Vantaa,Apartment,0,0,District heating,Fair,0,D,147
74,4,3,0,1,14,0,2,2,2.8,Jyväskylä,Apartment,0,1,Air-source heat pump,Excellent,0,B,176
36,2,3,0,1,46,0,1,1,2.1,Jyväskylä,Apartment,0,1,District heating,Good,0,C,73
83,3,2,0,1,35,0,2,2,7.8,Vantaa,Apartment,1,1,District heating,Good,0,D,222
74,4,2,0,1,19,0,1,1,3.5,Espoo,Apartment,0,1,District heating,Fair,0,C,253
46,2,7,0,0,25,0,1,1,3.8,Tampere,Apartment,0,1,District heating,Good,0,C,136
46,3,1,0,1,32,0,1,1,7.4,Vantaa,Apartment,0,1,District heating,Needs renovation,0,D,100
89,3,0,0,1,3,0,1,2,6.4,Espoo,Apartment,0,1,District heating,Good,0,B,317
110,4,2,1,1,5,0,1,1,8.9,Espoo,Apartment,0,1,District heating,Good,0,B,356
126,5,0,0,2,40,1,2,3,9.4,Espoo,Detached house,0,1,Geothermal,Good,1130,D,472
43,1,7,1,1,14,0,1,1,1.1,Turku,Apartment,0,1,District heating,Excellent,0,B,129
96,4,0,0,1,6,1,1,2,3.4,Turku,Terraced house,0,1,Electric heating,Excellent,175,C,226
41,2,4,0,0,95,0,1,1,5.3,Helsinki,Apartment,0,0,District heating,Excellent,0,E,140
55,2,0,0,1,29,1,1,1,10.7,Espoo,Apartment,0,0,District heating,Good,0,C,166
49,3,1,0,0,59,0,2,2,7.5,Helsinki,Apartment,1,1,District heating,Good,0,E,158
60,3,3,0,1,43,0,1,1,4.7,Tampere,Apartment,0,1,District heating,Good,0,D,125
87,4,0,0,2,42,1,2,3,4.4,Turku,Semi-detached house,1,1,Electric heating,Needs renovation,760,E,184
56,2,2,0,1,36,0,1,1,8.2,Vantaa,Apartment,0,1,District heating,Fair,0,D,119
96,5,1,1,1,47,0,1,1,6.6,Oulu,Apartment,0,1,District heating,Needs renovation,0,F,118
75,3,1,1,1,0,0,1,1,2.9,Jyväskylä,Apartment,0,1,District heating,New,0,A,188
67,3,0,0,2,9,1,1,1,10.4,Espoo,Terraced house,0,0,District heating,Good,360,B,281
129,4,1,0,1,15,0,2,2,2.2,Helsinki,Apartment,0,1,District heating,Fair,0,D,516
35,2,0,0,1,24,0,1,1,3.9,Kuopio,Apartment,0,1,District heating,Good,0,D,65
131,6,0,0,2,77,0,3,4,11.7,Espoo,Detached house,0,1,Electric heating,Good,730,G,340
61,3,6,0,1,6,0,1,1,4.2,Oulu,Apartment,0,1,District heating,Excellent,0,B,150
52,2,2,0,1,30,0,1,2,4.3,Jyväskylä,Apartment,0,1,District heating,Good,0,D,95
83,3,0,1,1,51,1,2,2,6.2,Kuopio,Detached house,0,0,Electric heating,Good,1645,E,160
53,3,6,1,1,27,0,1,1,7.5,Helsinki,Apartment,0,1,District heating,Good,0,C,210
129,6,0,1,2,29,1,3,4,9.6,Turku,Detached house,1,1,Air-source heat pump,Good,980,C,284
36,2,4,1,0,21,0,1,1,13.0,Helsinki,Apartment,0,1,District heating,Fair,0,C,127
88,4,0,0,1,29,1,1,2,6.5,Tampere,Detached house,1,1,Electric heating,Good,1425,D,318
81,3,1,0,1,22,0,1,1,1.8,Tampere,Apartment,0,1,District heating,Excellent,0,C,233
93,4,2,0,0,27,0,1,1,2.8,Espoo,Apartment,0,0,District heating,Good,0,C,284
57,3,2,0,1,34,0,1,1,1.7,Tampere,Apartment,0,0,District heating,Fair,0,D,161
111,4,3,0,0,67,0,1,2,1.9,Helsinki,Apartment,0,0,District heating,Needs renovation,0,F,372
58,2,0,0,1,0,0,1,1,2.6,Oulu,Apartment,0,1,Electric heating,New,0,A,138
92,3,4,0,0,41,0,1,2,2.6,Helsinki,Apartment,0,1,Electric heating,Good,0,C,328
122,5,0,1,2,15,1,2,2,18.9,Jyväskylä,Semi-detached house,0,1,Air-source heat pump,Good,970,C,183
76,3,2,1,1,5,0,1,2,2.3,Lahti,Apartment,1,1,District heating,Excellent,0,B,166
147,5,0,1,2,25,1,2,2,14.2,Jyväskylä,Detached house,0,1,District heating,Good,1090,D,203
120,5,3,1,1,0,0,1,2,2.7,Oulu,Apartment,1,1,District heating,New,0,B,318
77,4,6,0,0,12,0,2,2,1.6,Tampere,Apartment,0,1,District heating,Excellent,0,A,256
113,5,0,0,1,27,1,2,2,17.8,Vantaa,Apartment,0,0,District heating,Fair,0,C,245
81,3,1,0,1,12,0,1,1,3.4,Jyväskylä,Apartment,0,1,District heating,Good,0,B,174
76,3,6,0,0,57,0,1,1,3.5,Tampere,Apartment,0,0,District heating,Good,0,E,176
103,4,1,0,1,79,0,1,2,4.1,Helsinki,Apartment,0,0,District heating,Good,0,F,323
46,3,1,0,0,15,0,1,1,2.5,Helsinki,Apartment,0,1,District heating,Excellent,0,C,232
87,4,2,0,1,40,0,1,2,4.2,Turku,Apartment,0,1,Electric heating,Good,0,D,161
70,3,7,0,1,34,0,1,1,5.5,Helsinki,Apartment,0,1,District heating,Fair,0,D,233
92,3,0,1,1,2,0,2,2,4.6,Oulu,Apartment,0,1,District heating,Excellent,0,B,184
72,3,4,0,1,32,0,1,1,5.8,Turku,Apartment,0,1,District heating,Good,0,D,160
73,2,2,0,1,50,0,1,1,8.4,Jyväskylä,Apartment,0,0,Air-source heat pump,Fair,0,D,109
243,9,0,0,2,46,1,3,4,19.6,Espoo,Detached house,1,1,Electric heating,Good,1650,D,588
72,3,5,1,0,36,0,1,1,6.4,Turku,Apartment,0,0,District heating,Good,0,D,143
103,5,0,1,2,17,1,2,3,2.4,Kuopio,Terraced house,0,1,District heating,Needs renovation,490,D,147
87,4,2,0,1,23,0,1,1,3.1,Oulu,Apartment,1,0,District heating,Fair,0,C,161
26,1,0,1,0,58,1,1,1,1.6,Tampere,Apartment,0,1,District heating,Needs renovation,0,F,55
175,6,0,0,2,20,1,2,2,17.8,Vantaa,Detached house,1,1,Geothermal,Good,2950,B,460
68,2,0,1,1,8,1,1,1,2.7,Turku,Terraced house,0,1,District heating,Good,185,C,167
88,4,0,0,1,60,0,1,2,6.8,Turku,Detached house,0,1,Air-source heat pump,Good,390,E,145
119,6,0,0,2,50,1,2,3,11.2,Lahti,Detached house,1,1,Air-source heat pump,Fair,1080,F,119
123,5,2,0,0,38,0,2,2,9.5,Kuopio,Apartment,0,1,District heating,Fair,0,E,143
37,2,0,1,1,1,0,1,1,1.7,Jyväskylä,Apartment,0,1,District heating,New,0,B,97
89,3,0,0,3,20,1,1,1,13.6,Espoo,Detached house,1,1,Wood heating,Good,1575,C,425
50,2,8,0,1,4,0,1,1,10.0,Oulu,Apartment,0,1,Geothermal,Good,0,B,105
84,4,2,1,1,54,0,2,2,7.2,Turku,Apartment,1,1,District heating,Fair,0,E,143
63,2,2,1,1,63,0,1,1,2.2,Jyväskylä,Apartment,0,1,District heating,Fair,0,F,132
93,3,0,0,2,32,1,1,2,3.0,Tampere,Terraced house,1,1,District heating,Fair,275,C,217
64,3,0,0,1,5,0,1,1,1.8,Helsinki,Apartment,0,0,District heating,Good,0,B,300
70,2,3,1,1,33,0,1,1,3.7,Vantaa,Apartment,0,1,District heating,Good,0,D,162
105,3,0,0,1,25,1,2,2,2.2,Tampere,Terraced house,0,1,District heating,Good,275,D,272
37,2,0,1,1,6,0,1,1,12.1,Oulu,Apartment,0,0,Electric heating,Excellent,0,A,67
69,4,0,1,1,10,0,2,2,2.3,Helsinki,Apartment,0,1,District heating,Fair,0,B,294
52,3,4,0,1,26,0,1,1,3.6,Oulu,Apartment,0,1,District heating,Needs renovation,0,D,87
84,4,0,0,1,16,0,1,1,8.4,Vantaa,Apartment,0,1,District heating,Good,0,C,211
96,4,1,0,1,23,0,1,1,2.0,Oulu,Apartment,0,1,District heating,Excellent,0,C,203
94,4,0,0,1,92,1,2,2,12.7,Vantaa,Detached house,1,1,Wood heating,Needs renovation,1060,G,172
38,1,2,1,0,6,0,1,1,2.2,Helsinki,Apartment,0,1,Electric heating,Good,0,B,189
83,3,0,1,2,14,1,1,1,5.1,Kuopio,Semi-detached house,1,1,Electric heating,Good,990,C,163
62,3,2,0,1,80,0,1,1,3.5,Helsinki,Apartment,0,0,District heating,Fair,0,G,204
51,2,4,0,0,13,0,1,1,5.3,Helsinki,Apartment,0,1,District heating,Good,0,C,235
50,2,9,0,0,44,0,1,1,1.9,Tampere,Apartment,0,0,District heating,Fair,0,F,113
182,7,0,1,3,1,1,3,3,3.3,Jyväskylä,Detached house,1,0,Geothermal,New,720,B,416
92,5,0,0,1,23,0,2,2,3.9,Helsinki,Apartment,0,0,District heating,Good,0,C,356
97,4,0,0,1,27,1,1,1,3.9,Turku,Terraced house,1,1,Oil heating,Good,380,E,201
49,2,0,0,0,36,0,1,1,2.2,Tampere,Apartment,0,1,District heating,Fair,0,D,106
67,3,4,0,1,91,0,1,1,8.6,Turku,Apartment,0,0,Electric heating,Good,0,F,99
87,4,0,0,1,30,0,2,2,10.5,Espoo,Apartment,0,1,District heating,Good,0,D,260
69,4,1,0,1,11,0,1,1,3.2,Oulu,Apartment,0,0,District heating,Excellent,0,B,157
23,1,0,1,0,23,0,1,1,2.1,Tampere,Apartment,0,1,District heating,Fair,0,C,60
98,4,0,1,2,28,1,2,2,7.2,Turku,Detached house,0,1,Air-source heat pump,Good,1095,D,232
75,3,0,0,1,1,1,1,1,6.2,Turku,Terraced house,1,1,Air-source heat pump,New,500,B,216
92,4,1,0,1,11,0,1,1,3.6,Tampere,Apartment,0,1,District heating,Excellent,0,B,277
93,4,0,1,1,13,0,1,1,25.5,Oulu,Terraced house,1,1,District heating,Good,680,C,127
72,2,1,1,1,69,0,1,1,7.2,Oulu,Apartment,0,1,District heating,Fair,0,F,99
48,2,0,0,0,69,0,1,1,2.3,Espoo,Apartment,0,0,District heating,Fair,0,G,118
85,4,0,1,1,26,1,2,2,7.4,Espoo,Detached house,1,1,Wood heating,Fair,845,E,334
75,3,0,0,1,41,1,1,1,3.4,Tampere,Terraced house,1,1,Electric heating,Good,280,E,201
100,5,0,1,1,8,1,2,2,3.1,Oulu,Terraced house,0,1,Air-source heat pump,Good,440,C,265
92,5,0,1,2,59,1,1,1,3.9,Tampere,Detached house,0,1,Electric heating,Needs renovation,885,F,230
167,8,0,1,2,31,1,3,4,6.4,Tampere,Detached house,1,1,Electric heating,Fair,2015,D,434
141,6,0,1,2,23,1,2,2,23.9,Espoo,Detached house,1,1,Oil heating,Good,1380,E,406
34,2,1,1,1,44,0,1,1,3.4,Pori,Apartment,0,0,District heating,Good,0,D,42
39,1,0,0,0,76,0,1,1,7.6,Helsinki,Apartment,0,1,District heating,Excellent,0,D,130
177,7,0,1,2,6,1,3,4,20.9,Vantaa,Detached house,0,1,Electric heating,Fair,2550,C,412
34,1,4,1,0,45,0,1,1,3.4,Turku,Apartment,0,0,Oil heating,Excellent,0,E,71
112,5,0,0,1,3,0,1,1,10.4,Helsinki,Semi-detached house,1,1,Air-source heat pump,Fair,485,C,526
82,4,1,0,0,38,0,1,1,4.4,Helsinki,Apartment,1,0,Air-source heat pump,Needs renovation,0,D,284
95,5,0,1,1,8,1,1,1,10.0,Turku,Detached house,0,1,District heating,Good,2770,C,261
85,3,5,0,1,27,0,1,1,5.4,Lahti,Apartment,0,1,District heating,Good,0,D,117
90,3,2,1,1,2,0,1,2,2.3,Espoo,Apartment,0,1,District heating,New,0,A,392
99,3,0,0,2,5,0,2,2,15.0,Espoo,Semi-detached house,1,1,Air-source heat pump,Good,815,C,340
47,2,1,1,1,57,0,1,1,1.3,Turku,Apartment,0,1,District heating,Fair,0,F,91
43,2,1,0,1,40,0,1,1,3.4,Vantaa,Apartment,0,1,District heating,Good,0,D,119
145,7,0,0,1,95,1,3,3,25.1,Vantaa,Semi-detached house,0,0,Electric heating,Needs renovation,1370,F,190
155,7,0,0,3,48,1,3,4,18.1,Vantaa,Detached house,1,1,Electric heating,Excellent,1510,D,400
81,4,2,0,1,43,0,1,1,3.7,Helsinki,Apartment,0,1,Air-source heat pump,Excellent,0,D,331
87,3,10,1,0,62,0,1,2,2.9,Helsinki,Apartment,0,1,District heating,Good,0,E,361
122,6,0,0,1,10,1,2,3,1.3,Tampere,Semi-detached house,1,1,District heating,Fair,435,C,372
119,4,9,0,0,0,0,1,2,3.5,Helsinki,Apartment,0,1,District heating,Excellent,0,A,595
43,2,0,1,1,95,0,1,1,1.3,Lahti,Apartment,0,0,District heating,Good,0,F,65
56,2,0,1,1,40,0,1,1,2.4,Tampere,Apartment,0,1,District heating,Fair,0,D,136
54,2,4,0,2,37,0,1,1,4.2,Helsinki,Apartment,0,1,Air-source heat pump,Excellent,0,C,270
121,5,0,0,1,67,1,2,2,3.6,Tampere,Detached house,0,1,Electric heating,Good,540,F,275
51,2,3,0,1,32,0,1,1,3.2,Jyväskylä,Apartment,0,1,District heating,Fair,0,E,98
69,3,3,1,1,19,0,1,1,21.5,Vantaa,Apartment,0,1,Electric heating,Good,0,D,156
51,3,0,1,0,5,0,1,1,5.1,Vantaa,Apartment,0,1,District heating,New,0,A,166
81,3,6,1,1,14,0,1,1,4.8,Helsinki,Apartment,0,1,District heating,Good,0,B,377
58,3,6,0,1,19,0,1,1,2.6,Kuopio,Apartment,0,1,District heating,Fair,0,C,107
112,4,0,1,2,12,0,2,2,12.5,Vantaa,Terraced house,0,1,District heating,Good,525,C,320
88,4,3,1,1,4,0,1,1,2.2,Tampere,Apartment,0,1,District heating,Excellent,0,B,289
50,2,1,0,0,74,0,1,1,1.2,Helsinki,Apartment,0,0,District heating,Good,0,F,191
82,3,0,1,2,2,1,1,1,13.0,Helsinki,Terraced house,1,0,Air-source heat pump,New,310,A,418
58,2,1,0,0,39,0,1,2,2.4,Tampere,Apartment,0,0,District heating,Needs renovation,0,E,108
69,3,0,1,1,24,0,1,1,3.2,Turku,Apartment,0,0,District heating,Excellent,0,E,156
61,3,0,0,0,20,1,1,1,13.3,Espoo,Apartment,0,1,District heating,Good,0,C,167
95,3,2,1,2,54,0,2,2,2.5,Helsinki,Apartment,0,0,Air-source heat pump,Needs renovation,0,E,295
68,2,4,0,0,56,0,1,1,10.0,Espoo,Apartment,0,0,District heating,Fair,0,E,179
98,5,0,1,1,1,1,2,2,7.9,Turku,Terraced house,0,1,District heating,Good,470,B,255
57,3,0,0,1,39,0,1,1,6.8,Jyväskylä,Apartment,0,1,District heating,Good,0,D,92
74,2,0,0,1,41,1,1,1,3.8,Jyväskylä,Semi-detached house,0,0,Geothermal,Excellent,370,C,161
61,3,4,0,0,64,0,1,1,1.2,Turku,Apartment,0,1,District heating,Good,0,E,116
23,1,5,1,0,9,0,1,1,1.1,Tampere,Apartment,0,1,District heating,Excellent,0,B,91
55,2,3,0,1,17,0,1,1,2.9,Oulu,Apartment,0,1,District heating,Fair,0,B,115
68,3,0,1,0,1,1,1,1,3.3,Kuopio,Apartment,0,1,District heating,Excellent,0,A,138
124,5,0,0,1,95,0,1,2,5.0,Lahti,Semi-detached house,1,0,Air-source heat pump,Good,410,F,133
67,3,6,0,1,92,0,1,1,2.5,Turku,Apartment,0,0,Electric heating,Excellent,0,E,161
36,1,2,1,1,2,0,1,1,2.7,Tampere,Apartment,0,1,Electric heating,New,0,A,150
94,4,10,0,1,60,0,1,1,1.2,Turku,Apartment,0,1,District heating,Needs renovation,0,F,160
72,3,12,0,0,31,0,1,1,1.6,Helsinki,Apartment,0,0,District heating,Needs renovation,0,D,255
133,5,0,1,1,20,1,3,4,6.2,Kuopio,Detached house,1,0,Air-source heat pump,Excellent,1545,B,262
76,3,1,1,1,70,0,1,1,6.2,Lahti,Apartment,0,1,District heating,Fair,0,G,80
85,4,0,0,1,18,1,1,1,9.3,Espoo,Semi-detached house,0,1,District heating,Fair,665,C,355
108,4,0,0,2,12,1,1,1,17.2,Espoo,Semi-detached house,0,1,Electric heating,Excellent,1430,D,404
109,5,0,0,2,39,1,3,3,20.6,Helsinki,Detached house,1,1,District heating,Fair,550,E,321
93,4,0,1,1,18,0,2,2,3.4,Tampere,Apartment,0,1,District heating,Good,0,D,244
141,6,0,1,3,9,1,2,2,4.3,Lahti,Detached house,1,1,Electric heating,Excellent,1315,C,230
66,2,3,0,1,18,0,1,1,3.0,Lahti,Apartment,0,1,District heating,Good,0,D,108
59,3,0,0,1,22,1,1,1,7.0,Helsinki,Apartment,0,1,District heating,Excellent,0,C,244
239,9,0,0,2,39,1,3,4,26.7,Vantaa,Detached house,1,1,Oil heating,Good,850,E,377
61,3,1,0,0,55,0,1,1,5.0,Helsinki,Apartment,0,1,Oil heating,Fair,0,F,180
54,3,3,0,0,21,0,1,2,3.9,Helsinki,Apartment,0,0,District heating,Good,0,C,242
73,2,0,1,3,36,1,1,1,5.4,Kuopio,Detached house,0,1,Air-source heat pump,Good,1350,C,146
62,2,0,0,1,15,1,1,1,3.4,Pori,Apartment,0,1,District heating,Good,0,B,84
100,4,1,0,1,50,0,1,2,16.4,Helsinki,Apartment,0,0,District heating,Good,0,D,257
74,3,0,0,2,25,1,1,1,7.0,Espoo,Terraced house,1,1,Electric heating,Good,740,C,376
84,4,7,1,1,3,0,1,1,2.3,Tampere,Apartment,0,1,District heating,Excellent,0,A,294
107,4,0,0,2,81,1,2,2,26.2,Vantaa,Detached house,0,1,District heating,Excellent,1415,F,174
60,2,7,0,1,0,0,1,1,8.2,Espoo,Apartment,0,1,District heating,Excellent,0,B,237
45,2,2,0,0,48,0,1,1,2.9,Espoo,Apartment,0,0,District heating,Needs renovation,0,F,102
32,1,3,1,1,14,0,1,1,3.5,Tampere,Apartment,0,1,District heating,Excellent,0,C,109
34,2,1,0,0,19,0,1,1,3.9,Helsinki,Apartment,0,1,District heating,Good,0,C,147
98,5,2,0,0,53,0,1,2,3.4,Helsinki,Apartment,0,1,Electric heating,Good,0,E,338
58,2,7,0,1,68,0,1,1,4.3,Lahti,Apartment,0,1,District heating,Good,0,E,84
127,5,0,1,1,10,1,1,1,7.3,Oulu,Terraced house,1,1,Air-source heat pump,Good,330,C,262
113,5,0,1,2,5,1,1,1,11.1,Helsinki,Detached house,1,1,Electric heating,New,990,B,547
63,3,1,0,1,17,0,1,1,6.4,Helsinki,Apartment,0,0,District heating,Good,0,C,279
69,3,3,0,1,21,0,1,1,1.2,Helsinki,Apartment,0,1,District heating,Good,0,D,350
87,4,0,0,2,50,1,2,2,3.1,Lahti,Detached house,1,1,Air-source heat pump,Good,590,E,132
77,3,0,0,1,80,1,1,1,5.8,Helsinki,Terraced house,0,1,Oil heating,Good,330,F,288
92,3,4,1,1,55,0,2,2,5.3,Vantaa,Apartment,0,1,District heating,Needs renovation,0,F,165
84,2,3,0,1,0,0,1,1,3.5,Turku,Apartment,0,0,District heating,Good,0,C,193
73,2,1,0,0,53,0,1,1,8.4,Turku,Apartment,0,1,Electric heating,Good,0,E,120
48,3,2,1,1,3,0,1,1,2.3,Kuopio,Apartment,0,1,District heating,New,0,B,114
62,2,4,0,1,95,0,1,1,1.7,Pori,Apartment,0,0,District heating,Needs renovation,0,F,49
99,5,0,0,0,1,1,2,2,2.8,Helsinki,Semi-detached house,0,1,Electric heating,New,505,B,572
75,4,1,1,1,30,0,1,2,2.5,Tampere,Apartment,0,0,District heating,Needs renovation,0,D,204
47,2,3,0,1,61,0,1,1,1.4,Oulu,Apartment,0,1,District heating,Needs renovation,0,E,65
140,5,0,1,1,17,1,2,3,13.7,Espoo,Semi-detached house,1,1,District heating,Good,745,D,516
55,2,2,0,1,50,0,1,1,5.1,Helsinki,Apartment,0,0,District heating,Good,0,E,216
68,3,4,1,0,33,0,1,1,2.2,Tampere,Apartment,0,1,District heating,Good,0,C,161
40,2,1,1,0,21,0,1,1,1.1,Turku,Apartment,0,1,District heating,Fair,0,D,97
39,2,1,1,1,6,0,1,1,3.1,Espoo,Apartment,0,1,Electric heating,Good,0,D,173
88,3,1,0,1,33,0,1,2,2.8,Oulu,Apartment,0,0,District heating,Fair,0,E,152
150,6,0,0,2,95,1,2,2,10.8,Kuopio,Detached house,0,1,District heating,Fair,1770,F,171
57,2,0,0,0,10,1,1,1,9.9,Helsinki,Apartment,0,1,District heating,Excellent,0,B,217
153,6,0,0,0,42,1,2,2,2.7,Kuopio,Semi-detached house,1,1,Air-source heat pump,Good,1495,D,272
92,4,0,0,2,48,1,2,2,16.5,Helsinki,Detached house,1,1,Air-source heat pump,Good,1355,E,368
92,5,0,0,1,18,1,1,1,2.8,Oulu,Semi-detached house,1,0,Geothermal,Good,890,C,220
52,3,0,1,1,40,1,1,1,9.1,Espoo,Terraced house,0,1,District heating,Good,320,D,193
31,2,1,0,1,38,0,1,1,2.7,Helsinki,Apartment,0,1,District heating,Excellent,0,D,146
136,5,0,1,1,18,1,2,3,18.4,Pori,Detached house,1,1,Geothermal,Fair,2750,D,132
93,4,3,0,0,13,0,1,1,2.2,Turku,Apartment,0,1,District heating,Good,0,C,230
91,4,2,0,0,22,0,1,1,2.6,Helsinki,Apartment,0,0,District heating,Good,0,C,399
151,6,0,1,1,36,1,1,2,4.1,Helsinki,Detached house,1,1,Air-source heat pump,Good,530,D,582
104,5,0,0,2,15,0,2,2,4.5,Espoo,Terraced house,0,1,Electric heating,Good,315,C,392
42,1,0,0,1,6,1,1,1,1.1,Lahti,Apartment,0,0,District heating,Excellent,0,B,85
56,3,0,1,0,13,0,1,1,1.9,Lahti,Apartment,0,1,District heating,Good,0,C,95
61,3,1,0,1,0,0,1,1,1.3,Kuopio,Apartment,0,1,District heating,New,0,A,154
137,5,2,0,1,4,0,2,2,3.2,Tampere,Apartment,1,1,District heating,Good,0,C,409
53,3,8,1,0,10,0,1,1,4.9,Helsinki,Apartment,0,1,District heating,Good,0,D,254
63,3,4,1,1,24,0,1,1,0.7,Tampere,Apartment,0,1,District heating,Fair,0,D,167
89,5,1,1,1,31,0,2,2,4.6,Turku,Apartment,0,1,Electric heating,Fair,0,D,151
64,3,0,0,1,23,1,2,2,3.4,Oulu,Apartment,0,0,District heating,Excellent,0,C,133
124,6,0,1,1,1,1,2,3,6.7,Oulu,Detached house,1,1,Air-source heat pump,New,1935,A,352
110,5,0,1,3,29,1,2,2,2.9,Oulu,Detached house,0,1,Geothermal,Fair,1150,C,251
76,4,2,0,1,23,0,2,2,1.9,Jyväskylä,Apartment,0,1,District heating,Fair,0,E,155
24,1,4,1,1,2,0,1,1,1.4,Oulu,Apartment,0,1,District heating,New,0,A,79
51,2,0,0,1,14,1,1,1,1.4,Lahti,Apartment,0,1,District heating,Good,0,C,91
85,3,0,1,2,16,1,2,2,5.2,Espoo,Terraced house,0,1,Wood heating,Good,330,E,345
81,3,7,0,1,31,0,1,1,2.2,Helsinki,Apartment,0,1,District heating,Fair,0,D,315
75,3,2,0,0,95,0,1,1,1.9,Turku,Apartment,0,1,District heating,Good,0,F,154
23,1,9,0,1,25,0,1,1,8.0,Tampere,Apartment,0,1,District heating,Needs renovation,0,D,64
75,4,0,1,3,1,1,2,2,13.2,Vantaa,Terraced house,1,1,District heating,New,555,A,285
91,4,0,0,1,4,1,2,2,1.8,Pori,Terraced house,1,1,Electric heating,Good,620,C,136
42,1,2,0,1,15,0,1,1,1.8,Lahti,Apartment,0,1,Air-source heat pump,Good,0,C,82
26,1,1,1,2,26,0,1,1,14.7,Espoo,Apartment,0,0,District heating,Needs renovation,0,D,80
85,4,0,0,2,4,1,2,2,6.3,Lahti,Terraced house,1,1,Electric heating,New,375,B,147
88,3,1,0,1,49,0,1,1,11.1,Vantaa,Apartment,0,0,District heating,Good,0,E,178
43,2,0,0,1,47,0,1,1,2.0,Lahti,Apartment,0,0,Electric heating,Fair,0,F,60
217,8,0,0,1,53,1,3,3,2.9,Turku,Detached house,1,1,Oil heating,Good,1830,F,477
34,1,7,1,1,1,0,1,1,7.0,Helsinki,Apartment,0,1,Air-source heat pump,New,0,A,229
102,4,0,0,1,11,1,1,1,14.9,Helsinki,Semi-detached house,1,1,Electric heating,Fair,850,C,396
64,3,0,0,1,41,0,1,1,5.2,Vantaa,Apartment,0,0,Oil heating,Good,0,D,150
155,5,0,0,2,95,1,2,2,24.9,Espoo,Detached house,0,1,Electric heating,Good,760,F,340
168,7,0,0,2,26,1,3,4,11.9,Lahti,Detached house,1,1,Air-source heat pump,Good,1120,C,243
111,4,0,1,2,16,1,2,2,5.8,Lahti,Detached house,1,1,Wood heating,Good,1205,C,163
125,5,2,1,0,35,0,1,1,1.0,Turku,Apartment,0,1,District heating,Fair,0,D,241
70,3,6,0,0,46,0,2,2,2.4,Helsinki,Apartment,0,1,District heating,Needs renovation,0,E,221
194,8,0,0,1,32,1,3,4,7.8,Lahti,Detached house,1,1,Wood heating,Good,2430,F,279
76,3,6,0,1,29,0,1,1,3.9,Helsinki,Apartment,0,1,District heating,Fair,0,D,317
78,3,0,1,0,11,1,1,1,7.1,Espoo,Terraced house,1,1,District heating,Fair,475,D,309
64,3,5,1,1,11,0,1,1,1.4,Turku,Apartment,0,0,District heating,Excellent,0,B,196
95,4,0,1,1,11,0,1,1,1.9,Tampere,Apartment,0,1,District heating,Good,0,C,269
86,4,0,0,1,3,1,2,2,9.5,Pori,Detached house,0,1,Air-source heat pump,Excellent,1625,B,142
102,4,6,0,1,37,0,1,1,6.8,Espoo,Apartment,0,0,Oil heating,Good,0,D,295
59,2,0,0,0,20,0,1,1,2.2,Helsinki,Apartment,0,0,District heating,Fair,0,C,261
55,2,3,0,0,32,0,1,2,4.0,Helsinki,Apartment,0,1,District heating,Good,0,D,201
37,2,0,0,0,23,0,1,1,6.3,Helsinki,Apartment,0,0,District heating,Good,0,B,147
59,3,0,0,0,42,0,1,1,1.5,Helsinki,Apartment,0,1,District heating,Fair,0,D,214
111,6,4,1,1,23,0,2,2,8.0,Espoo,Apartment,1,1,District heating,Needs renovation,0,C,319
81,3,0,0,2,30,1,1,1,13.3,Vantaa,Terraced house,0,0,Oil heating,Good,655,E,207
119,4,0,1,2,4,1,1,1,5.2,Espoo,Detached house,0,1,Air-source heat pump,Excellent,1045,B,629
136,5,0,1,3,82,1,2,2,2.1,Jyväskylä,Detached house,1,1,Wood heating,Fair,1075,F,227
47,3,0,1,0,26,0,1,1,5.0,Jyväskylä,Apartment,0,1,District heating,Good,0,C,82
87,3,0,0,2,44,1,1,1,19.8,Espoo,Detached house,0,1,District heating,Good,1005,E,241
82,3,0,1,1,1,0,2,2,4.7,Turku,Apartment,0,1,District heating,New,0,B,204
43,2,3,0,1,76,0,1,1,0.8,Turku,Apartment,0,0,Oil heating,Needs renovation,0,G,78
91,4,0,1,2,9,1,1,1,20.3,Vantaa,Detached house,0,1,Electric heating,Good,1470,C,243
72,3,4,1,1,15,0,1,1,10.8,Vantaa,Apartment,0,0,District heating,Needs renovation,0,C,148
122,6,0,1,1,75,1,2,3,4.2,Pori,Terraced house,0,1,Electric heating,Needs renovation,660,G,96
59,2,0,1,1,18,0,1,1,3.1,Helsinki,Apartment,0,1,Electric heating,Excellent,0,C,290
101,4,0,0,2,32,1,1,1,4.0,Tampere,Detached house,0,1,Electric heating,Needs renovation,1445,D,265
98,3,2,1,0,5,0,2,2,1.9,Tampere,Apartment,0,1,Electric heating,Excellent,0,A,303
120,5,0,0,1,69,1,2,3,4.1,Jyväskylä,Terraced house,1,1,Wood heating,Good,455,F,205
104,4,0,0,2,4,1,2,2,6.5,Jyväskylä,Detached house,0,0,Electric heating,Excellent,2125,A,226
119,4,0,0,2,55,1,2,2,7.8,Vantaa,Terraced house,1,1,Air-source heat pump,Fair,415,E,265
102,3,2,0,1,38,0,1,1,2.2,Helsinki,Apartment,0,1,District heating,Good,0,D,395
105,3,0,0,1,29,1,2,3,2.1,Jyväskylä,Terraced house,1,1,Wood heating,Fair,220,F,183
30,1,9,0,1,25,0,1,1,5.6,Espoo,Apartment,0,1,District heating,Good,0,C,129
59,2,0,0,1,86,0,1,1,1.4,Jyväskylä,Apartment,0,1,District heating,Good,0,F,96
49,2,7,1,0,33,0,1,1,3.2,Helsinki,Apartment,0,1,District heating,Excellent,0,D,219
68,3,3,0,0,24,0,1,1,3.3,Helsinki,Apartment,0,1,District heating,Needs renovation,0,D,222
58,2,1,1,0,34,0,1,1,2.0,Tampere,Apartment,0,1,Air-source heat pump,Excellent,0,D,156
49,2,0,0,0,56,1,1,1,2.8,Helsinki,Apartment,0,1,Electric heating,Fair,0,E,161
74,3,0,1,2,54,1,1,1,4.4,Kuopio,Detached house,0,1,Wood heating,Needs renovation,2935,F,120
118,4,0,1,1,15,1,2,2,5.1,Jyväskylä,Semi-detached house,1,0,Electric heating,Good,605,C,225
66,2,2,1,1,1,0,1,1,2.1,Jyväskylä,Apartment,0,1,District heating,New,0,A,158
53,2,0,1,1,88,0,1,1,1.5,Jyväskylä,Apartment,0,0,District heating,Excellent,0,E,87
31,2,3,1,0,40,0,1,1,5.6,Helsinki,Apartment,0,1,District heating,Fair,0,D,114
73,2,2,0,1,23,0,1,1,5.8,Helsinki,Apartment,1,0,District heating,Fair,0,C,280
47,2,0,0,0,15,1,1,1,2.5,Tampere,Apartment,0,1,District heating,Good,0,D,129
90,3,0,0,1,17,0,2,2,5.6,Helsinki,Apartment,0,1,District heating,Excellent,0,C,353
116,4,0,1,1,27,1,2,3,4.8,Oulu,Detached house,0,1,Electric heating,Good,1800,D,217
80,3,0,0,2,29,1,1,1,7.4,Tampere,Terraced house,0,1,Air-source heat pump,Excellent,150,C,191
37,2,1,1,0,0,0,1,1,3.1,Tampere,Apartment,0,1,District heating,New,0,A,121
53,2,5,0,1,13,0,1,1,3.9,Kuopio,Apartment,0,1,District heating,Excellent,0,B,122
53,2,0,0,1,27,1,1,1,3.8,Vantaa,Apartment,0,1,District heating,Good,0,B,137
81,4,9,1,1,21,0,1,1,2.8,Helsinki,Apartment,0,1,District heating,Good,0,D,380
63,3,2,0,0,12,0,1,1,1.4,Helsinki,Apartment,0,1,District heating,Good,0,C,297
127,4,0,1,1,61,1,2,2,15.5,Vantaa,Detached house,0,0,Oil heating,Good,1290,F,216
54,3,4,0,1,39,0,1,1,3.6,Vantaa,Apartment,0,0,District heating,Needs renovation,0,D,115
43,2,0,0,1,32,0,1,1,12.0,Espoo,Apartment,0,1,District heating,Needs renovation,0,C,117
62,3,0,1,1,17,0,1,1,12.3,Tampere,Terraced house,1,1,Air-source heat pump,Good,160,B,140
154,6,0,0,1,2,1,2,4,2.8,Lahti,Detached house,0,1,District heating,Excellent,1440,C,311
58,3,0,1,0,2,0,1,1,8.4,Helsinki,Apartment,0,1,District heating,New,0,B,234
105,4,0,1,2,1,1,1,1,5.2,Helsinki,Terraced house,0,1,Electric heating,New,235,B,474
114,6,0,1,1,34,1,2,2,2.7,Vantaa,Terraced house,0,1,District heating,Excellent,395,D,336
62,3,1,0,1,3,0,1,1,2.7,Helsinki,Apartment,0,1,District heating,Excellent,0,A,334
97,3,0,0,0,16,1,1,1,4.7,Oulu,Detached house,1,0,District heating,Good,2040,D,243
78,2,0,0,1,46,1,1,1,12.7,Espoo,Terraced house,0,1,District heating,Good,525,E,234
78,4,3,1,1,30,0,2,2,13.4,Vantaa,Apartment,0,1,District heating,Fair,0,D,203
70,2,3,0,1,10,0,1,1,4.1,Oulu,Apartment,0,1,District heating,Excellent,0,B,163
73,2,0,1,1,39,0,1,1,2.6,Turku,Apartment,0,0,District heating,Fair,0,E,125
57,3,1,0,0,52,0,1,1,1.7,Helsinki,Apartment,0,0,District heating,Excellent,0,D,222
78,4,0,0,2,12,1,1,1,15.6,Jyväskylä,Terraced house,0,1,Geothermal,Excellent,620,A,161
36,2,2,0,1,62,0,1,1,8.1,Helsinki,Apartment,0,0,Electric heating,Good,0,F,123
54,2,8,1,1,2,0,1,1,9.5,Espoo,Apartment,0,1,District heating,New,0,A,255
59,2,0,1,1,33,1,1,1,2.8,Oulu,Apartment,0,0,District heating,Fair,0,D,101
112,5,0,0,1,31,1,3,3,18.2,Espoo,Terraced house,1,1,Air-source heat pump,Fair,250,E,324
40,1,2,1,0,32,0,1,1,3.3,Helsinki,Apartment,0,1,District heating,Fair,0,D,191
43,1,0,0,1,44,0,1,1,1.4,Jyväskylä,Apartment,0,1,District heating,Good,0,D,83
85,3,0,1,1,33,1,2,2,4.0,Helsinki,Terraced house,0,1,District heating,Needs renovation,295,D,351
37,2,3,0,2,23,0,1,1,5.2,Helsinki,Apartment,0,1,District heating,Good,0,B,199
31,2,3,1,2,14,0,1,1,2.0,Helsinki,Apartment,0,1,District heating,Good,0,C,184
38,2,0,1,0,12,0,1,1,2.9,Tampere,Apartment,0,1,District heating,Good,0,B,111
119,5,0,0,3,17,1,2,3,11.1,Helsinki,Detached house,1,1,Wood heating,Needs renovation,1240,D,503
32,1,1,1,0,18,0,1,1,2.8,Tampere,Apartment,0,1,District heating,Excellent,0,C,112
111,4,0,1,2,4,1,1,1,8.9,Oulu,Detached house,1,1,Air-source heat pump,Good,865,C,204
43,1,2,1,0,15,0,1,1,3.1,Tampere,Apartment,0,0,District heating,Fair,0,C,114
108,4,4,0,1,18,0,2,2,4.2,Helsinki,Apartment,0,1,District heating,Fair,0,C,450
214,9,0,1,1,22,0,3,4,21.0,Vantaa,Detached house,1,1,Geothermal,Good,1160,D,476
60,2,3,0,1,22,0,1,2,3.2,Helsinki,Apartment,0,1,District heating,Excellent,0,C,270
123,4,2,0,1,15,0,2,3,8.8,Jyväskylä,Apartment,0,1,District heating,Good,0,B,201
102,4,0,1,2,19,1,2,3,5.5,Helsinki,Terraced house,0,0,District heating,Fair,180,E,409
59,2,6,0,0,79,0,1,1,3.1,Helsinki,Apartment,0,1,District heating,Needs renovation,0,G,174
123,6,0,1,2,32,0,1,1,5.8,Turku,Terraced house,1,1,District heating,Needs renovation,205,E,226
137,5,0,0,1,18,1,1,2,7.8,Tampere,Detached house,0,1,Air-source heat pump,Good,1470,C,330
56,2,5,0,1,30,0,1,1,12.2,Helsinki,Apartment,0,1,Electric heating,Fair,0,E,225
87,3,0,1,0,13,1,2,2,2.7,Lahti,Terraced house,0,1,Air-source heat pump,Good,505,C,165
173,7,0,0,1,18,1,2,4,8.7,Kuopio,Detached house,1,1,Electric heating,Good,1760,C,252
130,4,3,0,1,50,0,2,2,7.1,Oulu,Apartment,0,1,District heating,Good,0,E,192
64,3,0,0,1,51,0,1,1,3.4,Turku,Apartment,1,1,District heating,Fair,0,E,126
108,5,0,0,2,4,1,1,2,14.3,Espoo,Terraced house,0,1,Air-source heat pump,Excellent,540,B,463
67,3,0,0,1,26,1,1,1,7.1,Helsinki,Apartment,1,1,District heating,Fair,0,C,266
46,3,1,0,2,7,0,1,1,3.0,Espoo,Apartment,0,0,District heating,Excellent,0,A,208
134,5,0,1,0,16,1,2,2,12.8,Espoo,Detached house,1,1,Wood heating,Excellent,1625,C,596
69,3,0,0,2,19,1,1,1,10.6,Helsinki,Semi-detached house,0,0,Geothermal,Excellent,390,C,308
179,7,0,0,2,51,1,2,3,4.4,Helsinki,Detached house,1,1,Electric heating,Needs renovation,735,F,597
57,3,0,1,1,75,0,1,1,2.0,Turku,Apartment,0,0,District heating,Fair,0,F,115
91,4,1,0,0,19,0,1,1,11.4,Helsinki,Apartment,0,1,District heating,Good,0,C,320
27,1,4,0,1,2,0,1,1,7.9,Vantaa,Apartment,0,1,District heating,Excellent,0,C,94
99,4,0,0,1,23,1,1,1,19.3,Helsinki,Detached house,1,1,Air-source heat pump,Fair,695,D,358
102,4,0,1,1,28,1,1,1,19.4,Espoo,Detached house,1,0,Wood heating,Fair,960,D,365
78,3,0,1,2,22,1,1,1,14.8,Espoo,Detached house,1,1,Electric heating,Excellent,1410,C,349
52,2,1,0,1,1,0,1,1,3.4,Helsinki,Apartment,0,1,District heating,New,0,A,305
155,6,0,0,3,26,0,2,3,6.6,Helsinki,Detached house,1,1,Oil heating,Fair,1070,E,561
41,2,3,0,0,31,0,1,1,4.4,Helsinki,Apartment,0,1,District heating,Good,0,D,158
123,5,0,0,3,39,1,2,2,4.8,Oulu,Semi-detached house,0,1,Oil heating,Good,650,F,176
156,6,0,0,2,1,1,2,3,7.7,Vantaa,Semi-detached house,1,1,Electric heating,New,380,A,472
38,1,4,0,1,23,0,1,1,4.4,Espoo,Apartment,0,1,District heating,Good,0,D,142
62,3,2,1,1,81,0,1,1,5.4,Helsinki,Apartment,0,1,District heating,Fair,0,E,206
88,3,0,1,1,3,1,1,2,3.2,Helsinki,Terraced house,0,1,District heating,Good,320,B,512
122,6,0,1,2,0,1,2,2,1.7,Helsinki,Semi-detached house,1,1,District heating,New,695,A,850
77,2,3,1,1,41,0,1,1,3.7,Helsinki,Apartment,0,1,District heating,Good,0,E,269
71,3,4,0,2,1,0,1,1,16.9,Vantaa,Apartment,0,1,District heating,New,0,B,208
50,2,0,1,1,7,0,1,1,12.8,Vantaa,Apartment,0,1,District heating,Excellent,0,B,138
40,1,0,1,0,32,0,1,1,2.7,Jyväskylä,Apartment,0,0,District heating,Good,0,D,83
80,4,3,0,1,67,0,1,1,3.1,Jyväskylä,Apartment,0,1,District heating,Fair,0,F,110
80,3,2,1,0,42,0,1,1,13.3,Vantaa,Apartment,0,0,District heating,Good,0,E,156
86,4,2,0,0,78,0,1,2,3.7,Tampere,Apartment,0,0,Geothermal,Fair,0,F,151
47,3,0,0,1,63,0,1,1,10.5,Helsinki,Apartment,0,1,District heating,Good,0,E,143
106,5,0,0,2,19,1,2,3,4.2,Tampere,Semi-detached house,0,1,Air-source heat pump,Good,525,C,272
104,4,0,0,3,4,1,2,2,2.0,Turku,Detached house,0,1,Wood heating,Good,1445,C,275
28,1,0,1,1,25,1,1,1,2.9,Oulu,Apartment,0,1,District heating,Good,0,D,65
114,5,0,0,1,42,0,1,1,3.6,Helsinki,Terraced house,0,1,District heating,Good,180,E,420
36,1,0,0,0,68,0,1,1,3.1,Turku,Apartment,0,1,District heating,Good,0,F,76
67,3,6,1,0,36,0,1,1,3.8,Helsinki,Apartment,0,1,District heating,Needs renovation,0,D,222
60,2,2,1,2,31,0,1,1,3.2,Pori,Apartment,0,1,District heating,Good,0,D,77
174,6,0,1,2,15,1,3,5,20.5,Lahti,Detached house,1,1,Electric heating,Good,2435,C,212
85,4,8,0,1,85,0,1,1,1.9,Turku,Apartment,0,1,District heating,Fair,0,F,165
122,5,0,0,1,43,1,2,3,7.7,Jyväskylä,Detached house,1,1,District heating,Fair,1955,F,206
35,2,8,0,1,37,0,1,1,2.7,Tampere,Apartment,0,1,District heating,Good,0,C,111
51,2,1,1,1,28,0,1,1,3.1,Tampere,Apartment,0,1,District heating,Good,0,D,137
62,2,0,0,1,24,0,1,1,10.2,Vantaa,Apartment,0,1,District heating,Good,0,D,149
89,3,0,1,3,2,1,1,1,3.6,Tampere,Detached house,0,1,Air-source heat pump,New,505,A,291
110,5,0,0,2,64,1,2,3,12.8,Turku,Detached house,1,1,Oil heating,Fair,2975,G,209
51,3,1,0,1,43,0,1,1,16.7,Helsinki,Apartment,0,1,District heating,Good,0,C,161
66,3,5,1,1,16,0,2,2,1.6,Jyväskylä,Apartment,0,0,District heating,Good,0,C,167
54,2,0,1,1,3,1,1,1,12.7,Oulu,Terraced house,0,1,Air-source heat pump,Excellent,505,A,124
54,3,0,1,0,12,0,1,1,8.9,Espoo,Apartment,0,0,Air-source heat pump,Fair,0,B,167
92,4,2,1,0,33,0,2,2,2.9,Helsinki,Apartment,0,0,District heating,Excellent,0,C,380
44,1,4,0,1,64,0,1,1,5.5,Espoo,Apartment,0,0,District heating,Needs renovation,0,F,111
50,3,3,0,0,16,0,1,1,3.9,Helsinki,Apartment,0,1,District heating,Excellent,0,B,238
135,5,2,0,2,53,0,2,3,6.2,Helsinki,Apartment,1,0,District heating,Needs renovation,0,F,404
84,3,2,1,1,7,0,1,1,2.6,Tampere,Apartment,0,1,District heating,Good,0,C,254
88,4,0,1,2,51,1,1,1,23.0,Oulu,Semi-detached house,0,1,Oil heating,Fair,585,G,89
151,7,0,1,1,22,1,2,2,3.2,Turku,Semi-detached house,1,1,Air-source heat pump,Good,720,C,348
68,3,0,0,1,19,0,2,2,8.5,Kuopio,Apartment,1,1,District heating,Fair,0,C,98
39,1,1,0,2,57,0,1,1,4.7,Lahti,Apartment,0,1,District heating,Needs renovation,0,F,40
117,4,0,0,2,50,1,2,2,9.5,Vantaa,Terraced house,1,1,District heating,Good,410,E,249
63,3,1,0,1,5,0,1,1,8.5,Helsinki,Apartment,1,1,District heating,Good,0,A,277
77,3,4,1,1,29,0,1,1,9.5,Espoo,Apartment,0,0,District heating,Excellent,0,D,242
161,6,0,1,1,4,1,2,2,11.8,Helsinki,Semi-detached house,1,1,Geothermal,Fair,1195,C,708
66,3,0,0,1,67,1,1,1,25.8,Vantaa,Terraced house,0,0,Electric heating,Fair,585,F,118
85,4,0,1,2,27,1,1,1,12.6,Vantaa,Terraced house,0,1,District heating,Excellent,700,D,245
94,4,0,0,1,24,1,1,2,5.9,Helsinki,Semi-detached house,0,1,District heating,Fair,375,E,368
75,3,3,1,1,8,0,1,1,5.6,Espoo,Apartment,1,1,Electric heating,Fair,0,C,266
35,1,2,1,0,54,0,1,1,3.6,Jyväskylä,Apartment,0,1,District heating,Excellent,0,E,64
106,4,0,1,1,27,0,2,2,20.7,Helsinki,Terraced house,1,1,District heating,Good,260,D,408
64,2,4,0,0,3,0,1,1,6.9,Espoo,Apartment,1,1,Electric heating,Excellent,0,B,289
129,5,0,1,2,13,1,2,3,8.7,Helsinki,Semi-detached house,1,1,Electric heating,Fair,780,D,564
50,3,1,0,0,9,0,1,1,17.6,Vantaa,Apartment,0,1,District heating,Good,0,B,106
98,4,3,0,1,32,0,1,1,5.1,Jyväskylä,Apartment,0,0,District heating,Good,0,C,171
35,1,3,0,0,6,0,1,1,1.7,Turku,Apartment,0,1,District heating,Good,0,C,92
49,3,6,1,1,58,0,1,1,6.4,Espoo,Apartment,0,1,District heating,Fair,0,F,164
104,3,5,1,1,25,0,2,3,7.1,Vantaa,Apartment,0,0,District heating,Good,0,D,256
83,4,1,0,0,5,0,1,1,5.5,Lahti,Apartment,0,1,District heating,Good,0,B,135
61,2,0,0,1,2,0,1,1,9.5,Turku,Apartment,0,1,District heating,Excellent,0,B,143
81,3,8,0,1,12,0,1,1,3.4,Helsinki,Apartment,0,1,District heating,Good,0,C,398
68,3,0,1,1,27,0,1,1,14.9,Espoo,Apartment,0,0,District heating,Fair,0,D,145
113,4,3,1,2,64,0,1,1,1.5,Lahti,Apartment,1,1,District heating,Needs renovation,0,F,120
100,4,0,1,2,36,1,1,1,13.6,Jyväskylä,Detached house,0,1,Air-source heat pump,Good,1215,D,154
94,4,0,1,3,15,1,1,1,2.8,Turku,Detached house,0,1,Geothermal,Excellent,1415,B,278
92,3,0,0,1,11,1,2,2,6.0,Oulu,Terraced house,1,1,Electric heating,Excellent,180,C,185
54,2,8,1,1,29,0,1,1,2.5,Turku,Apartment,0,0,District heating,Fair,0,D,128
39,1,0,1,0,39,0,1,1,4.6,Oulu,Apartment,0,0,District heating,Needs renovation,0,E,52
106,4,0,1,1,1,1,2,2,20.4,Helsinki,Terraced house,1,1,District heating,New,665,B,497
64,2,0,1,1,42,0,1,1,4.7,Lahti,Apartment,1,0,District heating,Fair,0,E,71
103,4,0,1,2,7,1,2,2,4.8,Jyväskylä,Detached house,0,1,Geothermal,Excellent,850,B,254
109,4,0,0,1,22,1,2,3,2.0,Tampere,Apartment,0,1,District heating,Good,0,C,304
57,3,8,1,1,5,0,1,1,1.8,Tampere,Apartment,1,1,District heating,Excellent,0,A,221
43,2,3,0,0,21,0,1,1,3.1,Helsinki,Apartment,0,1,Electric heating,Good,0,C,199
105,4,0,0,1,63,0,2,3,3.2,Oulu,Terraced house,1,1,District heating,Needs renovation,315,F,117
89,4,0,1,1,13,1,1,2,27.3,Vantaa,Semi-detached house,0,1,District heating,Needs renovation,645,C,168
77,2,0,1,1,37,1,1,1,6.5,Helsinki,Terraced house,0,1,Air-source heat pump,Needs renovation,280,E,299
98,4,0,0,1,32,1,2,2,2.0,Helsinki,Apartment,0,0,District heating,Fair,0,C,381
161,6,0,0,2,62,1,2,4,11.6,Kuopio,Detached house,1,1,Electric heating,Fair,2440,D,226
76,3,0,1,2,18,1,1,1,6.5,Pori,Detached house,1,0,District heating,Excellent,810,C,101
56,2,3,0,0,33,0,1,1,5.0,Helsinki,Apartment,0,1,District heating,Fair,0,D,211
38,2,3,1,1,58,0,1,1,3.7,Tampere,Apartment,0,1,District heating,Good,0,E,92
53,2,2,1,1,25,0,1,1,8.7,Turku,Apartment,1,1,District heating,Good,0,D,110
108,4,3,0,1,36,0,2,2,1.5,Tampere,Apartment,0,1,District heating,Good,0,C,291
79,4,0,0,1,95,1,2,2,2.3,Lahti,Terraced house,0,1,District heating,Needs renovation,330,G,86
96,4,1,0,2,29,0,1,1,1.3,Helsinki,Apartment,0,1,District heating,Fair,0,C,453
107,4,0,0,2,24,1,1,1,4.3,Jyväskylä,Detached house,0,0,Wood heating,Fair,1335,D,200
172,6,0,0,3,34,1,2,3,2.6,Turku,Detached house,1,1,Electric heating,Needs renovation,1310,F,342
44,2,3,1,0,16,0,1,1,5.4,Vantaa,Apartment,0,1,District heating,Needs renovation,0,D,108
88,2,5,0,0,29,0,1,1,11.9,Tampere,Apartment,0,0,District heating,Good,0,C,169
134,6,0,0,2,30,1,2,2,4.2,Oulu,Detached house,1,1,Electric heating,Fair,1740,E,274
102,3,0,1,1,2,0,1,1,5.2,Oulu,Apartment,0,1,District heating,New,0,B,215
99,4,1,1,2,3,0,1,1,4.6,Vantaa,Apartment,0,0,Electric heating,New,0,B,302
84,3,3,0,0,80,0,1,1,1.9,Tampere,Apartment,0,1,District heating,Needs renovation,0,F,141
70,2,2,1,1,59,0,1,1,12.1,Espoo,Apartment,1,1,Electric heating,Fair,0,G,187
101,5,0,0,1,62,1,1,1,2.4,Lahti,Detached house,0,1,Wood heating,Fair,1490,G,140
113,5,0,1,1,25,1,2,2,10.7,Kuopio,Detached house,0,1,Electric heating,Excellent,1500,D,189
77,3,1,0,1,48,0,1,1,8.9,Jyväskylä,Apartment,0,1,District heating,Good,0,D,105
51,2,1,1,1,8,0,1,1,2.7,Oulu,Apartment,0,1,Geothermal,Excellent,0,B,127
101,4,0,1,1,79,1,2,2,5.9,Kuopio,Detached house,0,1,Wood heating,Fair,870,G,138
87,4,2,1,1,6,0,2,3,12.4,Espoo,Apartment,1,1,District heating,Excellent,0,B,301
124,5,0,0,1,81,0,1,2,1.5,Lahti,Apartment,0,1,District heating,Excellent,0,E,167
60,2,4,0,0,1,0,1,1,5.3,Helsinki,Apartment,0,0,District heating,New,0,A,310
62,3,9,0,1,5,0,1,1,4.6,Helsinki,Apartment,0,1,District heating,Excellent,0,B,318
97,5,0,1,1,25,1,1,1,13.1,Espoo,Semi-detached house,1,1,District heating,Needs renovation,295,D,293
186,7,0,1,2,18,1,3,4,19.8,Espoo,Detached house,1,1,Electric heating,Excellent,2800,C,595
153,6,0,1,2,9,1,2,3,3.9,Turku,Detached house,1,1,Air-source heat pump,Excellent,1315,B,410
47,3,1,0,1,37,0,1,1,3.2,Helsinki,Apartment,0,1,District heating,Good,0,D,204
43,2,1,0,1,47,0,1,1,4.6,Jyväskylä,Apartment,0,1,Electric heating,Good,0,E,79
85,2,0,0,0,54,0,1,1,1.6,Helsinki,Apartment,1,1,District heating,Fair,0,E,271
50,2,1,0,2,32,0,1,1,3.7,Turku,Apartment,0,1,District heating,Fair,0,C,114
210,9,0,0,2,59,1,3,3,3.2,Tampere,Detached house,1,1,Oil heating,Needs renovation,1240,F,356
29,1,2,0,0,32,0,1,1,3.3,Helsinki,Apartment,0,1,Electric heating,Fair,0,D,109
141,6,0,0,1,12,1,3,3,6.3,Tampere,Semi-detached house,0,1,District heating,Good,815,C,422
61,3,0,0,1,16,0,1,1,6.3,Vantaa,Apartment,1,1,District heating,Fair,0,C,147
80,3,5,1,1,22,0,1,1,6.1,Vantaa,Apartment,0,1,District heating,Fair,0,C,211
83,3,0,1,1,13,0,2,2,13.2,Vantaa,Terraced house,1,1,Wood heating,Fair,190,D,177
63,2,0,1,1,4,0,1,1,4.0,Oulu,Apartment,0,0,District heating,New,0,A,139
74,4,0,0,1,20,1,2,2,5.9,Jyväskylä,Terraced house,1,1,Electric heating,Excellent,540,C,150
107,4,2,0,1,22,0,2,2,2.1,Kuopio,Apartment,0,0,District heating,Good,0,C,187
47,2,4,1,0,54,0,1,1,2.7,Helsinki,Apartment,0,0,District heating,Good,0,E,189
38,2,2,0,1,2,0,1,1,7.4,Kuopio,Apartment,0,1,Air-source heat pump,New,0,A,89
36,2,1,0,1,4,0,1,1,1.2,Turku,Apartment,0,1,District heating,Good,0,C,111
92,4,0,0,1,28,1,1,1,1.9,Turku,Terraced house,1,1,Geothermal,Fair,235,C,192
87,3,1,0,1,66,0,1,1,9.2,Helsinki,Apartment,0,1,District heating,Good,0,F,261
78,3,0,0,1,50,1,1,1,9.1,Kuopio,Semi-detached house,0,1,District heating,Fair,755,D,125
52,2,1,0,0,12,0,1,1,1.8,Helsinki,Apartment,0,1,District heating,Fair,0,C,261
68,2,0,0,1,26,0,1,1,17.2,Espoo,Apartment,0,1,District heating,Needs renovation,0,D,135
55,2,4,1,1,0,0,1,1,13.4,Helsinki,Apartment,0,1,District heating,New,0,A,248
55,2,1,1,1,45,0,1,1,6.2,Oulu,Apartment,0,0,Oil heating,Good,0,E,91
111,5,0,0,1,25,1,2,3,2.8,Lahti,Terraced house,1,0,Oil heating,Good,640,D,183
45,1,0,1,1,16,0,1,1,6.4,Turku,Apartment,0,1,District heating,Good,0,C,106
126,5,0,0,2,10,0,3,3,11.8,Espoo,Detached house,1,1,Electric heating,Good,875,C,465
100,4,0,1,1,42,1,2,3,11.2,Vantaa,Semi-detached house,0,0,District heating,Needs renovation,945,E,241
67,3,1,0,1,18,0,1,1,4.4,Jyväskylä,Apartment,1,1,Geothermal,Fair,0,C,126
94,4,0,0,3,37,0,2,2,9.9,Espoo,Detached house,0,1,District heating,Good,770,E,309
167,7,0,0,1,18,1,3,3,19.2,Espoo,Detached house,1,1,Air-source heat pump,Good,1600,C,526
87,3,0,0,1,16,1,1,1,8.3,Espoo,Apartment,1,1,Electric heating,Good,0,C,309
95,4,0,0,1,52,1,1,1,6.8,Jyväskylä,Semi-detached house,1,1,Air-source heat pump,Good,870,E,155
72,3,1,0,1,29,0,1,1,7.4,Espoo,Apartment,0,0,District heating,Needs renovation,0,E,174
57,2,1,0,1,4,0,1,1,4.3,Helsinki,Apartment,0,1,District heating,Good,0,B,246
71,3,0,1,1,47,1,1,1,2.6,Turku,Terraced house,0,1,District heating,Fair,295,D,129
86,4,0,0,2,10,1,2,2,13.1,Turku,Detached house,1,1,Geothermal,Good,1535,B,219
78,4,0,0,2,43,1,2,2,16.1,Tampere,Detached house,0,1,Air-source heat pump,Good,2285,E,185
94,5,7,0,1,18,0,1,2,4.9,Espoo,Apartment,0,1,District heating,Good,0,B,365
93,3,0,0,1,19,0,1,1,3.9,Jyväskylä,Apartment,0,0,Air-source heat pump,Good,0,B,165
65,3,0,0,1,35,0,1,1,2.2,Kuopio,Apartment,0,1,District heating,Fair,0,D,103
108,4,0,1,1,21,1,2,3,9.8,Oulu,Terraced house,0,1,Air-source heat pump,Fair,225,C,181
79,4,9,1,0,26,0,1,1,2.2,Helsinki,Apartment,0,1,District heating,Fair,0,C,314
83,3,1,1,0,20,0,1,1,8.4,Espoo,Apartment,0,1,District heating,Good,0,D,271
41,1,3,0,1,36,0,1,1,12.2,Vantaa,Apartment,0,0,Electric heating,Excellent,0,D,92
53,2,6,0,1,0,0,1,1,6.9,Turku,Apartment,0,1,District heating,New,0,A,142
88,4,1,0,1,60,0,1,1,2.0,Tampere,Apartment,0,0,District heating,Excellent,0,D,211
52,2,2,0,1,52,0,1,1,2.4,Helsinki,Apartment,0,0,District heating,Fair,0,E,211
72,3,2,0,1,34,0,1,2,7.6,Lahti,Apartment,0,1,District heating,Good,0,D,95
119,5,0,0,2,20,1,2,2,11.8,Turku,Detached house,0,1,Electric heating,Fair,1190,C,233
37,2,3,0,1,15,0,1,1,5.1,Vantaa,Apartment,0,1,District heating,Good,0,D,109
102,4,0,0,0,50,0,1,1,2.2,Turku,Apartment,0,1,District heating,Fair,0,E,158
57,3,3,1,1,24,0,1,1,2.6,Helsinki,Apartment,0,1,District heating,Good,0,C,261
36,2,0,1,1,2,0,1,1,1.4,Tampere,Apartment,0,1,District heating,New,0,A,144
47,2,7,1,1,14,0,1,1,4.1,Vantaa,Apartment,0,1,District heating,Fair,0,D,140
43,2,4,0,0,23,0,1,1,7.7,Espoo,Apartment,0,0,District heating,Excellent,0,D,153
79,2,0,1,1,19,1,1,1,3.4,Helsinki,Semi-detached house,0,1,Electric heating,Excellent,470,C,409
63,2,4,1,1,25,0,1,1,1.5,Jyväskylä,Apartment,0,1,District heating,Good,0,D,147
55,2,0,0,1,27,1,1,1,11.9,Espoo,Terraced house,0,0,District heating,Good,420,D,230
70,3,3,1,1,29,0,2,2,5.9,Tampere,Apartment,0,1,District heating,Excellent,0,C,195
89,4,0,0,1,47,1,1,1,4.9,Tampere,Terraced house,0,1,Electric heating,Excellent,355,E,237
62,2,0,0,1,4,0,1,1,4.5,Helsinki,Apartment,0,0,District heating,Fair,0,C,235
119,6,0,0,2,21,1,2,2,5.6,Espoo,Terraced house,1,1,Air-source heat pump,Fair,305,C,468
40,2,2,1,0,39,0,1,1,2.0,Tampere,Apartment,0,1,District heating,Needs renovation,0,E,78
138,4,0,0,1,17,0,2,3,5.2,Tampere,Apartment,1,1,District heating,Good,0,C,330
71,2,1,0,1,45,0,1,1,3.4,Lahti,Apartment,0,0,Electric heating,Needs renovation,0,E,82
106,4,0,0,1,23,1,2,2,28.7,Espoo,Detached house,1,0,Air-source heat pump,Fair,1670,D,367
110,3,0,0,2,9,1,2,3,7.1,Pori,Detached house,1,1,Electric heating,Excellent,1430,C,141
111,4,0,0,2,39,1,2,3,4.0,Pori,Detached house,1,1,Air-source heat pump,Excellent,870,C,136
58,2,0,0,1,32,0,1,1,3.2,Jyväskylä,Apartment,0,0,District heating,Fair,0,D,90
77,2,2,0,1,29,0,1,1,7.1,Espoo,Apartment,0,1,District heating,Good,0,C,267
78,3,2,1,1,60,0,2,2,9.6,Helsinki,Apartment,0,1,District heating,Needs renovation,0,F,191
183,7,0,0,2,33,1,3,4,1.5,Jyväskylä,Detached house,0,1,Electric heating,Good,3515,C,388
54,2,0,1,0,17,0,1,1,2.7,Turku,Apartment,0,1,District heating,Excellent,0,B,123
55,2,7,0,1,37,0,1,1,7.9,Helsinki,Apartment,0,0,Electric heating,Good,0,D,217
75,2,0,1,1,1,0,1,1,3.1,Oulu,Apartment,0,1,District heating,New,0,B,168
48,2,0,0,1,22,0,1,1,1.1,Helsinki,Apartment,0,0,District heating,Fair,0,B,212
49,2,2,0,1,85,0,1,1,1.9,Tampere,Apartment,0,0,District heating,Fair,0,E,128
109,5,0,1,1,26,1,1,1,3.7,Turku,Detached house,0,1,Wood heating,Excellent,1235,D,235
38,2,4,0,0,8,0,1,1,11.7,Helsinki,Apartment,0,1,District heating,Excellent,0,B,147
88,4,2,0,1,68,0,2,2,2.7,Tampere,Apartment,0,1,District heating,Fair,0,F,198
67,3,1,1,1,48,0,1,1,1.4,Helsinki,Apartment,0,1,District heating,Excellent,0,D,277
59,3,3,0,0,26,0,1,1,9.9,Helsinki,Apartment,0,0,Electric heating,Fair,0,C,186
75,3,1,0,1,40,0,1,1,6.1,Helsinki,Apartment,0,1,District heating,Good,0,F,257
86,4,1,1,0,2,0,1,1,7.7,Helsinki,Apartment,1,1,District heating,Excellent,0,C,343
65,3,2,0,1,88,0,1,2,3.1,Turku,Apartment,0,0,District heating,Needs renovation,0,F,107
58,3,6,1,0,27,0,1,1,3.0,Helsinki,Apartment,1,1,District heating,Good,0,E,275
169,6,0,1,2,24,1,3,5,7.7,Pori,Detached house,1,1,Geothermal,Excellent,1485,B,213
63,2,1,1,0,23,0,1,1,4.6,Pori,Apartment,0,0,District heating,Excellent,0,C,78
90,4,0,0,1,35,0,2,2,2.7,Jyväskylä,Apartment,0,0,District heating,Fair,0,D,142
81,3,5,1,0,12,0,1,1,7.3,Helsinki,Apartment,0,1,District heating,Fair,0,C,296
40,1,0,0,0,64,0,1,1,10.9,Espoo,Apartment,0,0,District heating,Fair,0,F,82
54,3,1,1,1,12,0,1,1,9.3,Espoo,Apartment,0,1,District heating,Excellent,0,B,204
94,4,0,1,1,20,1,1,1,14.4,Espoo,Semi-detached house,0,1,District heating,Good,485,D,308
43,2,1,0,0,52,0,1,1,5.4,Helsinki,Apartment,0,1,District heating,Fair,0,E,135
72,3,1,0,0,2,0,1,1,1.3,Turku,Apartment,0,0,District heating,New,0,A,189
33,1,5,1,1,10,0,1,1,3.6,Lahti,Apartment,0,1,Electric heating,Good,0,B,67
58,3,1,0,1,18,0,1,1,3.4,Oulu,Apartment,0,1,District heating,Excellent,0,C,136
65,3,0,0,0,28,1,1,1,23.1,Vantaa,Apartment,0,1,District heating,Good,0,D,114
32,2,7,1,1,9,0,1,1,2.5,Lahti,Apartment,0,0,Air-source heat pump,Good,0,B,68
60,4,9,0,0,19,0,1,1,12.3,Helsinki,Apartment,0,1,District heating,Good,0,E,233
98,3,0,1,2,0,1,1,1,4.3,Espoo,Detached house,0,1,District heating,Excellent,1610,B,608
149,5,0,0,2,20,1,3,3,5.2,Oulu,Detached house,1,1,Electric heating,Good,3425,E,322
97,3,1,0,1,12,0,2,3,9.0,Vantaa,Apartment,0,1,District heating,Good,0,B,268
68,3,6,0,1,2,0,1,1,3.9,Helsinki,Apartment,1,1,District heating,Good,0,B,370
115,5,0,0,1,0,1,2,2,23.2,Espoo,Detached house,1,1,Geothermal,New,1205,A,465
72,2,3,0,0,1,0,1,1,4.1,Helsinki,Apartment,0,0,District heating,New,0,A,326
86,4,3,0,1,33,0,1,1,4.1,Oulu,Apartment,0,0,District heating,Fair,0,D,147
95,3,0,1,1,27,1,2,2,3.8,Tampere,Terraced house,0,1,Electric heating,Good,350,C,259
150,7,0,0,2,54,1,2,2,8.2,Oulu,Detached house,1,0,Oil heating,Needs renovation,1115,G,226
106,3,2,1,1,2,0,1,2,4.2,Vantaa,Apartment,0,1,District heating,Good,0,C,289
65,3,3,0,0,63,0,1,1,4.0,Helsinki,Apartment,1,0,District heating,Fair,0,D,199
88,4,3,1,1,65,0,2,2,3.6,Oulu,Apartment,1,1,District heating,Needs renovation,0,G,109
42,2,6,0,1,27,0,1,1,8.0,Espoo,Apartment,0,1,District heating,Fair,0,D,152
26,1,4,1,1,51,0,1,1,6.7,Turku,Apartment,0,1,District heating,Fair,0,E,57
73,3,0,0,1,30,1,2,2,8.5,Tampere,Terraced house,1,1,District heating,Good,265,C,192
51,2,2,0,1,22,0,1,1,1.4,Jyväskylä,Apartment,0,1,District heating,Fair,0,D,112
41,2,1,1,1,26,0,1,1,3.2,Oulu,Apartment,0,1,District heating,Fair,0,D,89
100,4,0,1,1,41,1,2,2,8.4,Vantaa,Terraced house,0,1,Air-source heat pump,Good,290,D,259
68,4,1,0,0,36,0,1,1,2.1,Helsinki,Apartment,0,0,District heating,Excellent,0,C,290
145,7,0,1,3,24,1,3,4,13.0,Helsinki,Detached house,0,0,District heating,Good,1070,C,604
58,2,0,0,1,95,1,1,1,3.6,Lahti,Apartment,0,1,Electric heating,Fair,0,F,67
47,2,1,0,0,33,0,1,1,2.2,Tampere,Apartment,0,0,Electric heating,Needs renovation,0,E,94
130,5,0,1,2,46,1,3,3,2.6,Helsinki,Detached house,0,0,Electric heating,Good,630,D,563
57,3,2,1,1,2,0,1,1,4.0,Espoo,Apartment,0,1,District heating,New,0,B,251
74,3,3,0,1,13,0,1,1,4.2,Pori,Apartment,0,1,District heating,Good,0,C,93
80,2,0,1,0,12,0,1,1,4.9,Helsinki,Apartment,0,1,District heating,Fair,0,D,271
135,4,3,0,1,57,0,1,1,1.2,Lahti,Apartment,0,1,District heating,Fair,0,D,169
47,2,2,0,0,47,0,1,1,12.1,Vantaa,Apartment,0,0,District heating,Fair,0,E,89
56,3,1,0,0,14,0,2,2,9.2,Espoo,Apartment,0,1,District heating,Fair,0,C,177
68,3,0,0,1,27,1,1,1,3.6,Helsinki,Terraced house,0,1,District heating,Excellent,295,C,338
24,1,2,1,0,21,0,1,1,6.1,Jyväskylä,Apartment,0,0,Electric heating,Fair,0,D,39
104,5,0,1,2,18,1,2,3,5.3,Oulu,Semi-detached house,0,1,District heating,Fair,530,C,182
83,4,0,0,0,35,1,1,1,7.8,Tampere,Apartment,0,1,District heating,Needs renovation,0,D,152
69,3,1,0,1,8,0,1,1,4.0,Pori,Apartment,0,1,Geothermal,Excellent,0,A,101
131,4,0,0,2,9,1,2,3,12.1,Vantaa,Detached house,1,1,District heating,Good,1710,C,361
68,2,1,0,1,3,0,1,1,1.5,Helsinki,Apartment,1,1,District heating,New,0,A,357
88,4,2,1,1,22,0,2,2,3.1,Jyväskylä,Apartment,0,1,District heating,Good,0,D,176
122,5,0,0,1,5,1,1,2,1.5,Helsinki,Terraced house,0,1,Electric heating,Excellent,220,B,623
83,4,0,1,1,16,1,1,2,22.4,Espoo,Semi-detached house,0,1,Oil heating,Good,1560,C,346
130,5,0,0,2,9,1,2,3,1.7,Kuopio,Detached house,1,1,Electric heating,Excellent,1155,C,251
65,3,0,0,0,58,0,1,1,7.2,Turku,Apartment,0,0,District heating,Needs renovation,0,F,78
47,2,3,1,1,30,0,1,1,1.3,Jyväskylä,Apartment,0,1,Air-source heat pump,Good,0,D,101
107,4,0,0,2,30,0,2,3,15.7,Kuopio,Detached house,0,1,Electric heating,Good,1530,C,153
129,5,0,1,2,3,0,1,1,9.6,Espoo,Terraced house,0,1,District heating,Excellent,715,B,604
106,4,0,0,1,65,1,2,2,4.9,Vantaa,Terraced house,0,1,Electric heating,Needs renovation,225,F,174
96,4,0,1,2,73,1,2,2,5.8,Jyväskylä,Terraced house,0,0,Electric heating,Good,660,E,172
109,4,0,1,1,23,1,2,2,3.3,Tampere,Terraced house,0,0,District heating,Good,400,B,313
130,5,0,0,2,95,1,3,3,10.0,Jyväskylä,Detached house,0,1,Oil heating,Needs renovation,1630,G,181
59,3,1,1,0,4,0,1,1,3.6,Helsinki,Apartment,0,1,District heating,Good,0,B,272
96,3,0,0,2,36,1,1,1,10.0,Tampere,Terraced house,1,1,Air-source heat pump,Good,730,D,221
148,6,0,0,0,39,1,2,2,7.1,Oulu,Detached house,0,1,Oil heating,Good,720,F,182
25,1,0,0,1,54,1,1,1,6.9,Helsinki,Apartment,0,0,District heating,Needs renovation,0,F,97
83,4,0,1,2,11,1,1,1,5.7,Helsinki,Detached house,1,1,Air-source heat pump,Good,1685,C,661
58,2,3,0,0,52,0,1,1,1.6,Helsinki,Apartment,0,0,District heating,Good,0,E,202
84,3,1,1,1,32,0,1,1,4.9,Pori,Apartment,0,1,District heating,Fair,0,D,94
166,6,0,0,2,70,1,3,3,7.8,Kuopio,Detached house,0,1,Electric heating,Good,1470,E,220
57,2,4,1,0,14,0,1,1,3.2,Espoo,Apartment,0,0,District heating,Fair,0,D,192
73,4,0,1,1,5,1,1,1,6.4,Turku,Semi-detached house,0,1,Geothermal,Excellent,770,B,173
134,6,0,0,2,32,1,2,2,4.1,Tampere,Semi-detached house,1,1,Electric heating,Fair,600,E,268
42,1,1,0,1,47,0,1,1,4.2,Helsinki,Apartment,0,1,District heating,Fair,0,D,150
117,5,5,1,0,69,0,2,3,8.6,Helsinki,Apartment,0,1,District heating,Needs renovation,0,F,305
22,1,5,1,0,42,0,1,1,4.6,Helsinki,Apartment,0,1,District heating,Needs renovation,0,D,73
43,2,0,0,1,55,0,1,1,5.6,Turku,Apartment,0,1,District heating,Good,0,E,80
111,4,0,0,1,44,1,2,3,7.9,Jyväskylä,Detached house,1,1,Oil heating,Good,1355,F,172
97,4,0,0,1,12,1,2,2,15.5,Espoo,Terraced house,1,1,Electric heating,Fair,560,C,357
93,3,0,1,2,31,1,1,1,8.9,Turku,Detached house,0,1,Oil heating,Good,1680,E,224
64,2,0,1,1,12,0,1,1,10.5,Vantaa,Apartment,0,1,District heating,Excellent,0,C,155
86,2,0,1,0,15,1,1,1,27.5,Vantaa,Semi-detached house,0,1,Air-source heat pump,Needs renovation,455,C,164
139,6,4,1,1,51,0,2,2,5.4,Helsinki,Apartment,1,1,District heating,Fair,0,E,468
113,5,0,0,1,28,1,1,1,2.7,Helsinki,Terraced house,1,0,District heating,Good,865,D,672
44,2,0,1,1,17,1,1,1,1.8,Jyväskylä,Apartment,0,1,Air-source heat pump,Fair,0,C,91
73,2,0,0,1,39,0,1,1,12.5,Espoo,Apartment,0,0,District heating,Good,0,E,190
62,2,1,1,1,2,0,1,1,3.8,Lahti,Apartment,0,1,District heating,New,0,A,126
62,3,2,0,1,36,0,1,1,1.2,Jyväskylä,Apartment,0,0,District heating,Fair,0,D,126
36,2,2,0,1,22,0,1,1,1.7,Tampere,Apartment,0,1,District heating,Good,0,B,115
65,3,0,0,1,14,1,1,1,4.9,Vantaa,Terraced house,1,0,District heating,Excellent,660,B,233
77,3,0,1,3,14,1,1,1,24.1,Espoo,Terraced house,1,0,District heating,Good,600,C,236
118,5,0,1,2,19,1,1,2,7.1,Kuopio,Terraced house,0,1,District heating,Excellent,545,C,203
73,2,0,1,0,46,1,1,1,1.9,Tampere,Apartment,0,1,District heating,Needs renovation,0,F,140
59,2,0,1,1,34,0,1,1,5.3,Turku,Apartment,0,1,District heating,Fair,0,D,116
73,2,1,1,1,34,0,1,1,1.9,Tampere,Apartment,0,0,District heating,Needs renovation,0,E,162
98,3,2,0,1,35,0,2,3,4.4,Turku,Apartment,0,1,District heating,Fair,0,D,183
106,5,0,0,1,25,1,2,3,6.8,Espoo,Terraced house,0,1,Electric heating,Excellent,380,C,386
60,3,7,0,1,41,0,1,1,2.6,Helsinki,Apartment,0,1,District heating,Good,0,D,280
50,2,3,1,0,15,0,1,1,3.1,Tampere,Apartment,1,1,District heating,Fair,0,C,137
103,3,3,0,1,46,0,2,3,1.1,Tampere,Apartment,0,1,Air-source heat pump,Needs renovation,0,D,266
137,5,0,0,0,56,0,2,2,4.8,Helsinki,Apartment,1,1,District heating,Good,0,F,421
118,5,0,1,2,54,1,1,2,22.7,Oulu,Detached house,1,1,Wood heating,Needs renovation,1885,F,107
64,2,1,0,0,8,0,1,1,2.4,Helsinki,Apartment,0,1,District heating,Good,0,C,290
73,2,3,0,0,21,0,1,1,2.2,Oulu,Apartment,0,0,District heating,Fair,0,E,141
88,4,7,1,1,55,0,1,1,7.7,Espoo,Apartment,0,1,District heating,Fair,0,F,228
79,3,5,0,0,29,0,1,1,12.0,Espoo,Apartment,0,1,District heating,Fair,0,D,220
200,8,0,0,2,95,1,3,4,4.2,Kuopio,Detached house,1,1,District heating,Needs renovation,1080,G,222
98,4,0,1,2,12,1,2,3,4.5,Vantaa,Terraced house,0,1,District heating,Good,370,C,298
51,2,3,1,0,29,0,1,1,5.5,Tampere,Apartment,0,1,District heating,Needs renovation,0,D,95
81,3,0,1,2,24,1,1,1,8.4,Helsinki,Terraced house,0,0,Air-source heat pump,Excellent,295,C,337
71,3,5,0,1,38,0,1,1,7.9,Helsinki,Apartment,0,1,District heating,Good,0,D,267
30,2,3,1,1,1,0,1,1,3.2,Espoo,Apartment,0,0,District heating,New,0,A,159
67,3,1,0,1,30,0,1,1,3.1,Espoo,Apartment,0,1,District heating,Fair,0,D,222
119,5,0,0,1,13,1,1,1,27.1,Vantaa,Detached house,0,1,Air-source heat pump,Good,2635,B,248
59,2,1,0,1,41,0,1,1,3.8,Espoo,Apartment,0,1,District heating,Excellent,0,D,193
53,3,4,1,1,46,0,1,1,5.8,Espoo,Apartment,0,1,District heating,Excellent,0,E,175
55,2,2,0,1,36,0,1,1,6.0,Jyväskylä,Apartment,0,1,District heating,Fair,0,D,86
50,2,2,1,0,19,0,1,1,8.1,Vantaa,Apartment,0,1,District heating,Good,0,B,128
49,2,0,1,1,31,0,1,1,6.0,Pori,Apartment,0,0,District heating,Fair,0,D,49
85,3,0,0,1,8,0,1,2,3.1,Oulu,Terraced house,0,1,Electric heating,Excellent,470,B,191
104,5,0,1,1,7,0,2,2,3.6,Turku,Terraced house,1,1,District heating,Excellent,215,A,301
47,2,2,1,1,2,0,1,1,7.7,Espoo,Apartment,0,1,District heating,New,0,B,198
51,2,2,1,0,35,0,1,1,7.8,Kuopio,Apartment,0,0,District heating,Fair,0,C,68
139,5,0,0,2,64,1,3,3,8.8,Pori,Detached house,1,1,Electric heating,Good,3315,F,160
98,4,0,0,1,67,1,2,2,10.3,Tampere,Detached house,0,1,Air-source heat pump,Good,1890,E,230
40,1,2,1,1,18,0,1,1,7.2,Vantaa,Apartment,0,1,District heating,Excellent,0,B,118
63,2,1,1,1,15,0,1,1,2.0,Espoo,Apartment,0,1,District heating,Fair,0,B,210
158,6,0,0,2,44,1,3,3,3.5,Turku,Detached house,0,1,District heating,Good,1485,F,352
75,4,0,1,1,35,1,1,1,3.6,Helsinki,Terraced house,1,1,District heating,Excellent,155,D,303
145,5,0,0,2,27,1,2,2,3.7,Oulu,Semi-detached house,0,1,Air-source heat pump,Excellent,565,B,291
113,4,1,1,1,14,0,2,2,1.3,Helsinki,Apartment,1,1,District heating,Excellent,0,B,596
55,2,0,0,1,26,0,1,1,2.1,Lahti,Apartment,0,0,District heating,Fair,0,D,77
82,3,2,0,1,43,0,1,1,1.8,Helsinki,Apartment,0,1,District heating,Fair,0,F,293
80,4,1,0,1,19,0,1,1,12.3,Espoo,Apartment,0,1,District heating,Good,0,D,227
73,3,2,1,1,95,0,1,2,3.8,Turku,Apartment,0,1,District heating,Fair,0,F,131
54,2,0,1,0,3,0,1,1,5.3,Helsinki,Apartment,0,1,Air-source heat pump,Good,0,B,229
48,3,0,0,0,25,0,1,1,2.1,Tampere,Apartment,0,1,District heating,Good,0,C,128
115,4,0,1,3,14,1,2,2,6.8,Espoo,Detached house,1,1,District heating,Fair,840,C,504
50,2,2,0,1,19,0,1,1,7.5,Tampere,Apartment,0,1,District heating,Fair,0,D,114
129,5,0,1,1,15,1,2,3,7.6,Oulu,Detached house,1,1,Wood heating,Excellent,1675,C,306
91,3,2,1,1,48,0,1,1,3.0,Kuopio,Apartment,0,1,District heating,Fair,0,E,127
86,3,9,1,0,0,0,1,1,1.7,Helsinki,Apartment,0,1,Geothermal,Excellent,0,A,533
95,4,4,1,0,2,0,2,2,4.4,Helsinki,Apartment,0,1,District heating,New,0,A,464
120,4,0,1,2,0,1,2,2,4.1,Helsinki,Apartment,0,1,District heating,New,0,A,582
81,4,3,0,0,49,0,2,2,4.1,Tampere,Apartment,0,1,District heating,Fair,0,D,165
122,4,0,0,2,38,1,3,3,4.5,Oulu,Detached house,0,1,Geothermal,Fair,1730,C,300
78,3,4,1,1,25,0,1,1,5.4,Tampere,Apartment,0,1,District heating,Fair,0,D,184
109,4,0,0,1,25,0,1,2,8.1,Helsinki,Terraced house,0,1,District heating,Fair,305,D,405
53,3,3,1,0,32,0,1,1,7.7,Tampere,Apartment,0,1,District heating,Fair,0,D,122
81,3,4,1,0,13,0,2,2,2.5,Tampere,Apartment,0,1,Air-source heat pump,Good,0,B,230
43,1,0,0,0,95,1,1,1,2.2,Tampere,Apartment,0,0,District heating,Fair,0,F,99
118,5,0,0,2,40,1,2,3,5.4,Helsinki,Detached house,1,1,District heating,Fair,1620,D,637
156,6,0,0,1,39,1,2,3,12.4,Espoo,Detached house,1,0,Electric heating,Fair,1540,E,484
85,4,0,1,1,84,1,2,2,20.5,Turku,Terraced house,0,1,Wood heating,Fair,210,G,83
63,2,0,0,1,21,1,1,1,5.6,Vantaa,Apartment,0,0,District heating,Good,0,C,153
83,4,4,0,1,57,0,1,2,8.1,Helsinki,Apartment,0,1,Geothermal,Needs renovation,0,E,236
94,4,9,0,1,4,0,2,2,5.6,Helsinki,Apartment,0,1,District heating,Excellent,0,B,489
77,2,0,1,1,1,0,1,1,2.3,Helsinki,Apartment,0,0,Electric heating,New,0,A,354
83,3,3,1,1,20,0,2,2,0.9,Turku,Apartment,0,0,District heating,Excellent,0,B,219
161,6,0,0,1,8,1,3,5,5.1,Tampere,Detached house,1,1,Electric heating,Good,1090,B,437
71,2,0,0,1,50,1,1,1,7.9,Espoo,Semi-detached house,0,1,Air-source heat pump,Fair,415,F,211
52,2,9,0,1,39,0,1,1,3.2,Helsinki,Apartment,0,0,District heating,Needs renovation,0,E,201
46,2,2,0,1,51,0,1,1,9.4,Espoo,Apartment,0,0,District heating,Needs renovation,0,G,102
60,3,2,0,1,40,0,1,1,4.7,Tampere,Apartment,0,1,Air-source heat pump,Fair,0,D,128
88,3,0,0,2,40,1,2,2,9.3,Helsinki,Terraced house,0,1,District heating,Needs renovation,290,F,289
78,3,0,1,1,27,0,1,1,9.7,Helsinki,Apartment,0,1,Air-source heat pump,Needs renovation,0,E,230
94,5,0,0,2,40,0,1,2,4.3,Espoo,Apartment,1,0,District heating,Excellent,0,C,302
139,5,0,1,2,5,1,2,2,5.6,Pori,Detached house,0,1,Electric heating,Excellent,2115,C,180
106,3,2,0,1,26,0,2,2,6.0,Vantaa,Apartment,0,1,District heating,Good,0,C,301
68,3,3,1,1,20,0,1,1,5.4,Vantaa,Apartment,0,0,District heating,Good,0,C,184
109,4,6,0,1,7,0,2,2,2.4,Helsinki,Apartment,1,1,District heating,Excellent,0,B,601
34,1,2,1,1,36,0,1,1,3.4,Helsinki,Apartment,0,1,District heating,Good,0,D,143
62,2,2,0,1,19,0,1,1,3.7,Vantaa,Apartment,0,1,District heating,Excellent,0,B,200
71,3,0,1,1,13,1,1,1,3.2,Oulu,Terraced house,0,1,Geothermal,Good,270,C,146
79,4,0,0,1,8,1,2,2,2.9,Tampere,Terraced house,1,1,Geothermal,Excellent,170,B,243
40,1,4,1,1,32,0,1,1,15.3,Vantaa,Apartment,0,1,Electric heating,Fair,0,E,87
80,3,6,1,0,12,0,1,2,3.8,Helsinki,Apartment,1,1,District heating,Good,0,B,368
54,3,4,1,1,10,0,1,1,3.5,Oulu,Apartment,0,0,Electric heating,Fair,0,C,114
124,5,2,1,1,0,0,2,2,9.7,Espoo,Apartment,0,1,District heating,New,0,A,447
85,3,0,0,0,34,1,1,1,9.0,Kuopio,Semi-detached house,1,1,Air-source heat pump,Good,1090,D,158
77,3,0,0,1,70,0,1,1,13.6,Vantaa,Apartment,0,1,District heating,Needs renovation,0,G,109
89,3,2,0,1,63,0,2,2,5.6,Tampere,Apartment,0,1,District heating,Needs renovation,0,F,168
34,2,5,0,1,3,0,1,1,2.2,Helsinki,Apartment,0,1,District heating,Excellent,0,A,207
103,4,0,0,2,28,1,1,1,7.0,Helsinki,Semi-detached house,0,0,Electric heating,Good,445,D,449
67,3,1,1,0,33,0,1,1,1.6,Tampere,Apartment,0,0,District heating,Fair,0,E,159
41,1,0,1,1,19,0,1,1,2.7,Oulu,Apartment,0,0,District heating,Good,0,D,81
35,1,2,1,1,30,0,1,1,6.7,Espoo,Apartment,0,1,District heating,Good,0,D,121
75,3,4,0,0,24,0,1,1,3.6,Helsinki,Apartment,0,1,Electric heating,Excellent,0,D,291
48,2,3,0,0,57,0,1,1,2.0,Helsinki,Apartment,0,1,District heating,Fair,0,E,181
65,2,7,1,0,0,0,1,1,6.9,Helsinki,Apartment,0,1,District heating,New,0,A,348
148,6,0,1,1,58,1,2,2,9.4,Tampere,Semi-detached house,0,1,District heating,Fair,880,G,283
68,3,6,1,1,6,0,1,1,7.1,Vantaa,Apartment,0,0,District heating,Good,0,C,189
30,1,0,1,0,21,0,1,1,10.4,Espoo,Apartment,0,0,District heating,Good,0,C,87
69,3,3,1,1,9,0,1,1,1.9,Kuopio,Apartment,0,1,District heating,Good,0,C,146
42,2,2,0,1,47,0,1,1,7.0,Oulu,Apartment,0,1,District heating,Good,0,E,71
164,7,0,0,2,14,1,2,2,28.8,Espoo,Detached house,1,1,Geothermal,Fair,1260,D,450
51,2,2,0,1,84,0,1,1,4.0,Tampere,Apartment,0,0,District heating,Good,0,F,127
78,2,1,0,1,40,0,1,1,4.1,Vantaa,Apartment,0,0,Electric heating,Good,0,E,168
104,4,4,1,2,4,0,2,2,5.2,Helsinki,Apartment,0,1,District heating,Good,0,A,523
179,7,0,0,1,32,1,3,4,4.2,Jyväskylä,Semi-detached house,1,1,Geothermal,Good,1575,C,336
128,4,0,1,1,11,0,1,2,1.9,Oulu,Apartment,0,1,District heating,Excellent,0,C,279
27,1,1,1,1,23,0,1,1,2.9,Helsinki,Apartment,0,1,District heating,Excellent,0,C,159
24,1,1,1,1,1,0,1,1,1.3,Pori,Apartment,0,1,District heating,New,0,A,50
50,2,5,1,0,11,0,1,1,7.8,Tampere,Apartment,0,1,District heating,Good,0,B,128
38,1,0,1,1,24,0,1,1,13.3,Espoo,Apartment,0,1,Air-source heat pump,Needs renovation,0,D,104
40,2,0,0,1,18,0,1,1,2.7,Helsinki,Apartment,1,0,District heating,Good,0,C,203
84,3,0,1,2,20,1,1,1,5.0,Pori,Semi-detached house,0,1,Geothermal,Fair,700,C,109
91,4,0,1,1,21,1,2,3,10.3,Tampere,Detached house,1,1,District heating,Good,1615,D,305
63,3,2,0,1,76,0,1,1,6.8,Helsinki,Apartment,0,1,District heating,Needs renovation,0,F,165
42,1,3,1,1,37,0,1,1,4.8,Tampere,Apartment,0,1,District heating,Fair,0,E,91
92,4,0,0,2,73,1,1,1,3.1,Pori,Terraced house,1,1,District heating,Good,295,F,116
106,5,0,0,2,1,0,2,2,10.5,Helsinki,Semi-detached house,0,1,District heating,New,525,A,530
59,2,2,1,1,3,0,1,1,3.5,Helsinki,Apartment,0,1,Geothermal,Excellent,0,A,321
32,1,2,0,0,16,0,1,1,5.3,Oulu,Apartment,0,0,District heating,Fair,0,D,62
47,2,1,0,0,37,0,1,1,5.9,Helsinki,Apartment,0,0,District heating,Fair,0,C,143
89,4,0,1,1,56,1,2,2,3.0,Tampere,Semi-detached house,0,1,Air-source heat pump,Needs renovation,330,E,155
82,4,2,1,0,14,0,1,1,3.2,Helsinki,Apartment,0,1,Air-source heat pump,Excellent,0,A,367
63,3,1,1,1,30,0,1,1,4.5,Tampere,Apartment,0,1,District heating,Needs renovation,0,D,134
64,3,1,1,1,22,0,1,1,6.9,Helsinki,Apartment,0,1,District heating,Good,0,D,270
94,3,0,1,1,38,0,1,1,10.3,Vantaa,Terraced house,1,1,Air-source heat pump,Fair,160,D,204
114,4,0,1,1,12,1,2,2,4.1,Turku,Detached house,1,1,Air-source heat pump,Needs renovation,1075,D,220
78,3,0,1,2,37,1,1,1,9.2,Pori,Detached house,0,1,Air-source heat pump,Fair,1120,D,88
61,3,0,0,0,17,0,1,1,5.5,Vantaa,Apartment,0,1,District heating,Fair,0,D,145
78,3,0,1,1,35,1,2,2,2.3,Turku,Terraced house,0,1,District heating,Good,725,E,207
77,3,0,1,0,33,0,1,1,6.2,Espoo,Apartment,0,1,District heating,Fair,0,C,205
156,6,0,1,2,9,1,3,3,5.6,Tampere,Detached house,0,1,Electric heating,Good,1050,B,404
61,3,5,1,1,6,0,1,1,2.0,Turku,Apartment,0,1,District heating,Excellent,0,A,183
45,1,2,1,1,20,0,1,1,4.3,Helsinki,Apartment,0,0,District heating,Good,0,C,215
32,2,3,1,1,7,0,1,1,4.6,Tampere,Apartment,0,1,District heating,Good,0,C,105
57,2,0,1,0,53,0,1,2,3.1,Turku,Apartment,0,0,Air-source heat pump,Fair,0,D,106
45,2,3,0,1,51,0,1,1,4.3,Helsinki,Apartment,0,0,District heating,Good,0,D,190
180,8,0,1,2,8,1,2,2,15.7,Espoo,Semi-detached house,1,1,District heating,Good,935,C,648
62,3,0,0,1,30,0,1,1,4.9,Lahti,Terraced house,0,1,District heating,Good,190,D,90
125,5,0,1,1,15,1,2,3,21.6,Vantaa,Detached house,0,1,Air-source heat pump,Good,1720,B,297
148,6,0,1,2,8,1,2,2,2.4,Kuopio,Detached house,0,1,District heating,Good,1115,C,322
39,2,4,1,1,5,0,1,1,8.5,Vantaa,Apartment,0,1,District heating,Good,0,C,123
33,1,0,1,0,16,0,1,1,1.7,Tampere,Apartment,0,1,District heating,Fair,0,C,86
77,3,4,0,1,33,0,1,2,10.9,Vantaa,Apartment,0,1,District heating,Good,0,C,196
56,2,1,1,1,25,0,1,1,7.3,Tampere,Apartment,0,1,District heating,Needs renovation,0,D,127
108,4,0,1,1,11,1,2,3,15.8,Helsinki,Terraced house,0,1,District heating,Needs renovation,445,C,343
62,4,0,0,2,34,1,1,1,5.3,Helsinki,Terraced house,0,0,District heating,Fair,315,E,272
51,3,6,0,1,77,0,1,1,1.4,Helsinki,Apartment,0,1,District heating,Fair,0,F,199
38,2,2,0,1,24,0,1,1,3.9,Helsinki,Apartment,0,1,District heating,Good,0,C,178
89,3,0,1,1,41,1,1,1,3.0,Helsinki,Semi-detached house,0,1,Electric heating,Good,310,D,376
98,4,3,0,1,41,0,2,2,3.0,Pori,Apartment,0,0,Air-source heat pump,Good,0,D,102
134,4,4,1,1,92,0,2,2,4.2,Jyväskylä,Apartment,0,1,District heating,Good,0,F,191
34,1,1,1,0,18,0,1,1,3.1,Tampere,Apartment,0,1,Air-source heat pump,Good,0,B,100
117,5,0,1,2,4,1,2,3,15.9,Espoo,Detached house,1,1,Geothermal,Good,3935,B,604
82,3,1,0,0,29,0,1,1,3.8,Tampere,Apartment,0,1,District heating,Excellent,0,D,198
88,4,0,0,2,29,1,1,1,15.0,Vantaa,Semi-detached house,1,1,Air-source heat pump,Fair,705,E,219
45,2,6,0,1,7,0,1,1,1.5,Tampere,Apartment,0,1,District heating,Excellent,0,A,178
142,6,0,1,2,51,1,2,2,2.6,Turku,Detached house,1,1,District heating,Fair,1315,F,291
99,4,0,0,1,19,1,1,1,7.8,Espoo,Terraced house,1,1,Air-source heat pump,Fair,425,C,316
40,1,2,1,1,67,0,1,1,4.1,Helsinki,Apartment,0,1,District heating,Fair,0,E,159
102,4,1,0,1,47,0,1,2,8.5,Vantaa,Apartment,0,1,District heating,Good,0,E,210
48,2,2,1,0,25,0,1,1,2.6,Helsinki,Apartment,0,1,District heating,Good,0,C,210
76,3,3,0,0,87,0,1,1,5.9,Helsinki,Apartment,0,1,District heating,Good,0,F,250
75,3,4,1,0,22,0,1,1,4.6,Helsinki,Apartment,0,0,District heating,Good,0,C,282
53,3,2,1,1,3,0,1,1,1.5,Tampere,Apartment,0,1,District heating,Excellent,0,A,192
94,4,2,1,0,32,0,2,2,2.2,Tampere,Apartment,0,0,District heating,Fair,0,E,216
80,4,0,1,1,20,1,1,1,18.4,Vantaa,Semi-detached house,1,1,Oil heating,Good,1560,D,243
148,6,0,1,2,3,1,3,3,5.9,Jyväskylä,Detached house,1,1,Geothermal,Excellent,2450,A,380
93,4,0,0,1,51,1,2,2,21.2,Helsinki,Semi-detached house,0,1,Oil heating,Needs renovation,635,G,229
122,5,0,1,2,34,1,3,3,2.9,Jyväskylä,Detached house,1,1,Wood heating,Good,745,E,224
94,4,0,1,1,15,0,1,1,2.1,Lahti,Apartment,1,1,Air-source heat pump,Needs renovation,0,D,117
80,4,0,0,2,61,1,1,1,5.2,Kuopio,Semi-detached house,1,1,District heating,Fair,695,F,119
106,4,2,0,1,17,0,2,2,0.9,Espoo,Apartment,0,1,District heating,Good,0,D,409
166,6,0,0,2,33,1,3,4,3.2,Jyväskylä,Detached house,1,1,Geothermal,Fair,1100,C,298
174,6,0,1,2,21,1,2,3,15.0,Helsinki,Detached house,1,1,Air-source heat pump,Good,2815,C,692
71,2,1,0,1,48,0,1,2,5.0,Lahti,Apartment,0,0,District heating,Fair,0,E,80
51,3,0,0,1,23,0,1,1,2.3,Jyväskylä,Apartment,0,0,District heating,Excellent,0,C,103
105,5,7,0,1,31,0,2,2,3.3,Turku,Apartment,0,1,District heating,Good,0,D,227
114,5,0,1,2,24,1,2,2,3.0,Turku,Semi-detached house,1,1,District heating,Fair,760,C,275
66,2,3,1,1,47,0,1,2,3.4,Oulu,Apartment,0,0,District heating,Good,0,D,124
49,2,1,1,1,58,0,1,1,1.1,Kuopio,Apartment,0,1,District heating,Fair,0,E,77
95,4,0,1,2,60,0,1,1,5.0,Jyväskylä,Apartment,0,0,District heating,Good,0,E,153
40,1,2,0,1,15,0,1,1,4.1,Oulu,Apartment,0,1,District heating,Good,0,B,91
86,3,1,1,1,11,0,2,2,7.0,Oulu,Apartment,0,1,District heating,Good,0,B,171
54,2,3,0,0,49,0,1,1,5.2,Helsinki,Apartment,0,1,District heating,Good,0,D,184
74,2,2,0,0,37,0,1,2,1.6,Helsinki,Apartment,0,1,District heating,Good,0,D,282
53,2,0,0,1,0,0,1,1,4.8,Oulu,Apartment,0,1,District heating,Excellent,0,C,125
79,3,0,0,1,21,1,1,1,5.1,Espoo,Terraced house,0,1,District heating,Good,525,B,356
55,2,3,0,1,1,0,1,1,7.6,Tampere,Apartment,0,1,District heating,Fair,0,B,143
149,6,0,0,1,2,1,2,2,4.3,Lahti,Semi-detached house,1,1,Geothermal,New,795,B,269
50,2,0,1,1,9,0,1,1,14.7,Vantaa,Apartment,0,0,District heating,Good,0,B,117
49,2,4,1,1,30,0,1,1,7.7,Espoo,Apartment,0,1,Electric heating,Good,0,E,181
148,6,0,1,2,46,1,2,2,7.2,Vantaa,Detached house,1,1,Electric heating,Fair,1295,F,354
71,3,0,0,1,60,1,1,1,3.2,Helsinki,Apartment,0,0,District heating,Fair,0,E,228
65,2,2,0,1,29,0,1,1,4.4,Helsinki,Apartment,0,0,District heating,Good,0,E,265
110,4,1,1,0,95,0,1,2,4.3,Helsinki,Apartment,0,1,District heating,Fair,0,F,296
114,5,6,1,1,14,0,2,2,2.3,Helsinki,Apartment,0,1,District heating,Good,0,C,525
99,4,0,0,2,32,1,2,3,7.5,Helsinki,Terraced house,0,1,Air-source heat pump,Excellent,275,C,505
80,4,0,0,1,64,1,2,2,6.9,Helsinki,Terraced house,0,1,District heating,Needs renovation,300,F,316
34,2,1,0,0,67,0,1,1,5.8,Espoo,Apartment,0,0,District heating,Fair,0,F,88
109,5,0,1,2,10,1,1,1,11.4,Espoo,Detached house,1,1,Air-source heat pump,Fair,1060,C,418
76,4,0,0,1,5,0,1,1,5.0,Helsinki,Apartment,0,1,District heating,Good,0,B,318
89,3,0,0,1,76,1,2,2,7.8,Helsinki,Semi-detached house,0,1,Electric heating,Good,650,E,354
99,4,4,0,1,32,0,2,3,1.3,Turku,Apartment,1,1,District heating,Good,0,C,259
83,4,2,0,1,17,0,1,1,3.1,Turku,Apartment,0,1,District heating,Fair,0,D,173
152,6,0,0,1,63,1,3,3,10.1,Jyväskylä,Detached house,1,1,Oil heating,Excellent,1510,F,216
63,3,0,1,1,10,1,2,2,8.3,Lahti,Terraced house,0,0,Air-source heat pump,Good,505,B,119
88,4,9,0,1,25,0,1,1,7.9,Jyväskylä,Apartment,0,1,District heating,Needs renovation,0,D,130
46,2,4,1,1,4,0,1,1,3.7,Tampere,Apartment,0,1,District heating,Good,0,B,167
100,4,0,0,2,45,1,1,2,8.7,Turku,Detached house,0,1,District heating,Good,2590,E,244
107,3,0,0,1,35,1,2,3,1.7,Oulu,Apartment,0,1,District heating,Excellent,0,C,213
83,4,5,0,1,29,0,1,1,4.9,Helsinki,Apartment,0,1,District heating,Excellent,0,C,365
56,2,2,0,1,29,0,1,1,5.0,Tampere,Apartment,0,1,Air-source heat pump,Fair,0,C,138
123,5,1,1,0,47,0,1,2,4.2,Helsinki,Apartment,1,1,Air-source heat pump,Fair,0,D,394
59,2,2,1,0,20,0,1,1,11.4,Helsinki,Apartment,0,0,District heating,Excellent,0,B,203
72,2,2,0,0,95,0,1,1,5.5,Helsinki,Apartment,0,0,Air-source heat pump,Good,0,E,193
106,4,0,0,1,2,1,2,2,15.9,Vantaa,Terraced house,0,1,Electric heating,New,375,A,324
61,2,0,0,1,64,0,1,1,3.2,Turku,Terraced house,0,1,District heating,Good,265,F,123
56,2,0,0,1,43,0,1,1,1.6,Helsinki,Apartment,0,1,District heating,Fair,0,E,214
39,2,3,1,1,9,0,1,1,2.8,Helsinki,Apartment,0,1,District heating,Good,0,C,211
139,6,0,0,1,14,1,2,2,5.3,Tampere,Detached house,1,0,Air-source heat pump,Fair,1000,B,369
93,4,0,1,1,12,1,1,1,9.3,Espoo,Terraced house,1,1,District heating,Good,240,A,353
43,2,3,1,0,42,0,1,1,6.3,Helsinki,Apartment,0,1,District heating,Good,0,E,149
71,3,1,0,1,11,0,1,1,11.9,Vantaa,Apartment,0,1,District heating,Good,0,C,188
25,1,2,1,0,1,0,1,1,5.6,Helsinki,Apartment,0,0,District heating,New,0,A,136
154,7,0,1,2,59,1,2,3,3.6,Lahti,Detached house,1,1,Electric heating,Fair,2345,F,266
59,2,0,0,0,16,0,1,2,2.2,Jyväskylä,Apartment,0,1,District heating,Good,0,C,110
115,5,0,0,2,9,1,1,1,4.4,Tampere,Detached house,1,1,Air-source heat pump,Good,1105,C,323
95,4,0,0,1,74,1,1,1,20.1,Espoo,Terraced house,0,1,Electric heating,Fair,400,F,259
112,5,0,0,1,13,1,2,2,4.9,Helsinki,Detached house,0,1,Electric heating,Excellent,2150,C,798
91,3,1,0,0,16,0,1,1,3.6,Helsinki,Apartment,0,1,District heating,Good,0,B,358
82,3,1,0,0,56,0,2,3,5.2,Helsinki,Apartment,0,0,Electric heating,Good,0,D,279
63,4,0,0,1,16,0,1,1,6.2,Oulu,Terraced house,0,1,District heating,Good,670,C,159
88,5,0,1,1,18,1,2,2,2.4,Jyväskylä,Detached house,1,0,Electric heating,Excellent,770,C,188
125,5,0,0,2,11,1,1,2,8.9,Vantaa,Detached house,1,1,Air-source heat pump,Fair,660,B,349
109,5,0,1,0,24,1,2,2,3.1,Tampere,Semi-detached house,0,1,District heating,Good,565,D,325
103,4,2,0,2,57,0,1,1,11.7,Helsinki,Apartment,0,1,District heating,Fair,0,F,321
41,2,2,0,1,75,0,1,1,9.9,Espoo,Apartment,0,0,District heating,Fair,0,G,104
27,1,3,1,0,15,0,1,1,2.5,Tampere,Apartment,0,1,District heating,Good,0,C,87
62,3,1,0,1,1,0,1,2,4.0,Vantaa,Apartment,0,1,District heating,New,0,A,199
115,4,0,1,1,29,0,2,3,9.9,Espoo,Terraced house,1,1,Electric heating,Needs renovation,445,D,303
62,2,2,0,1,41,0,1,1,1.5,Tampere,Apartment,0,0,District heating,Good,0,D,157
108,4,0,0,1,34,1,1,1,10.0,Helsinki,Terraced house,1,1,District heating,Needs renovation,435,E,364
113,4,0,1,1,59,1,2,3,10.9,Espoo,Apartment,0,1,District heating,Good,0,F,294
36,1,1,1,0,4,0,1,1,6.4,Lahti,Apartment,0,1,District heating,Excellent,0,B,69
109,5,0,1,1,3,1,2,2,4.3,Tampere,Semi-detached house,0,1,Wood heating,Excellent,785,C,342
31,1,1,1,1,28,0,1,1,4.6,Helsinki,Apartment,0,1,District heating,Fair,0,C,136
92,3,1,0,1,41,0,1,1,5.6,Vantaa,Apartment,0,0,District heating,Good,0,D,185
78,3,0,0,1,95,1,2,2,3.2,Jyväskylä,Terraced house,0,1,District heating,Fair,505,G,96
50,2,1,1,1,31,0,1,1,4.3,Jyväskylä,Apartment,0,1,District heating,Good,0,E,89
88,3,10,1,0,57,0,2,2,10.7,Vantaa,Apartment,0,0,District heating,Fair,0,E,178
66,3,0,0,1,41,0,1,1,5.2,Jyväskylä,Apartment,0,0,District heating,Needs renovation,0,E,79
103,6,0,1,1,3,1,2,2,3.5,Jyväskylä,Semi-detached house,0,1,Electric heating,Excellent,400,C,221
94,3,3,0,1,26,0,2,2,2.0,Lahti,Apartment,0,1,District heating,Needs renovation,0,E,102
94,3,0,0,1,21,1,2,2,10.5,Vantaa,Semi-detached house,1,1,Geothermal,Good,1040,C,328
104,3,0,0,2,38,1,2,2,1.6,Tampere,Semi-detached house,0,1,Electric heating,Good,425,D,240
152,6,0,1,2,33,1,2,2,3.8,Jyväskylä,Detached house,1,1,Electric heating,Good,2705,E,293
62,3,5,0,1,37,0,1,1,1.6,Tampere,Apartment,0,1,District heating,Needs renovation,0,D,145
69,3,1,0,1,29,0,2,2,2.8,Lahti,Apartment,0,0,District heating,Good,0,C,107
51,3,3,1,1,87,0,1,1,5.5,Tampere,Apartment,0,0,District heating,Fair,0,F,116
88,3,3,1,0,27,0,1,1,4.3,Tampere,Apartment,0,1,District heating,Fair,0,F,201
96,4,0,0,2,12,1,2,2,6.5,Oulu,Semi-detached house,1,1,Electric heating,Good,1150,C,234
64,2,0,1,2,0,0,1,2,5.5,Pori,Terraced house,1,0,District heating,New,215,A,108
57,3,5,0,0,2,0,1,1,5.2,Helsinki,Apartment,0,1,District heating,New,0,A,304
82,4,1,1,0,27,0,1,1,9.0,Helsinki,Apartment,1,1,District heating,Good,0,D,298
121,5,0,0,1,46,0,1,2,9.3,Tampere,Detached house,0,1,Geothermal,Needs renovation,785,E,186
107,5,0,0,2,42,1,2,2,9.3,Espoo,Terraced house,1,1,District heating,Fair,405,C,337
70,2,0,0,1,25,0,1,1,2.9,Oulu,Apartment,0,1,District heating,Fair,0,E,128
107,4,0,0,3,37,1,1,1,11.6,Espoo,Detached house,1,0,District heating,Fair,1475,F,451
153,7,0,0,2,37,1,3,5,9.9,Pori,Detached house,1,1,Electric heating,Good,2270,E,179
131,4,1,1,1,28,0,2,3,2.6,Jyväskylä,Apartment,1,0,Air-source heat pump,Excellent,0,B,280
96,5,0,0,3,52,1,1,2,4.7,Helsinki,Detached house,0,1,Wood heating,Needs renovation,385,F,360
51,2,5,0,1,31,0,1,1,1.3,Oulu,Apartment,0,1,District heating,Good,0,C,118
84,4,0,0,1,19,0,1,2,4.2,Helsinki,Terraced house,1,1,Electric heating,Fair,165,D,344
95,4,0,0,1,52,0,2,2,3.9,Helsinki,Terraced house,0,1,Oil heating,Good,190,F,351
160,5,0,1,1,7,1,3,3,9.1,Pori,Detached house,1,1,District heating,Good,2200,C,226
86,4,1,0,1,46,0,2,2,1.0,Oulu,Apartment,1,1,District heating,Needs renovation,0,E,145
97,3,0,1,2,26,1,2,2,8.8,Espoo,Terraced house,0,1,Electric heating,Needs renovation,640,E,267
25,1,6,0,0,95,0,1,1,6.8,Helsinki,Apartment,0,0,District heating,Good,0,F,75
66,2,0,0,1,30,0,1,1,11.4,Vantaa,Apartment,0,0,District heating,Fair,0,D,136
176,7,0,1,1,3,1,2,2,13.6,Oulu,Detached house,1,1,Geothermal,Good,1080,B,321
83,3,5,0,1,37,0,1,1,3.4,Tampere,Apartment,0,0,District heating,Good,0,D,219
163,7,0,1,2,26,1,2,3,9.1,Oulu,Detached house,1,1,District heating,Excellent,1020,C,265
47,2,1,0,0,51,0,1,1,2.0,Helsinki,Apartment,0,0,District heating,Good,0,E,172
65,3,4,0,1,8,0,1,1,2.8,Helsinki,Apartment,0,1,District heating,Good,0,C,329
71,3,0,1,1,3,1,1,1,4.8,Tampere,Terraced house,0,0,District heating,Excellent,420,B,234
57,3,3,0,0,16,0,1,1,2.1,Helsinki,Apartment,0,1,District heating,Excellent,0,B,275
81,4,0,1,2,2,1,1,1,25.9,Vantaa,Detached house,0,1,Geothermal,New,2110,B,230
43,2,2,0,1,32,0,1,1,5.2,Oulu,Apartment,0,1,Electric heating,Needs renovation,0,F,60
135,5,0,1,2,27,1,2,2,8.2,Oulu,Semi-detached house,0,0,Air-source heat pump,Fair,700,E,221
103,4,0,0,2,35,1,1,1,15.5,Kuopio,Detached house,1,1,Wood heating,Excellent,2260,D,168
52,2,0,1,1,0,1,1,1,11.0,Espoo,Apartment,0,0,District heating,Excellent,0,B,189
123,5,0,0,2,30,1,1,1,2.6,Kuopio,Detached house,1,1,Geothermal,Good,1410,C,225
65,3,6,1,1,9,0,1,1,3.4,Lahti,Apartment,0,1,District heating,Good,0,C,125
86,4,0,0,1,43,1,1,1,1.6,Oulu,Terraced house,0,1,District heating,Fair,145,F,133
98,4,0,0,1,57,1,1,1,2.1,Kuopio,Terraced house,0,0,Electric heating,Needs renovation,440,F,116
73,3,0,0,0,53,0,1,2,3.6,Helsinki,Apartment,0,0,District heating,Fair,0,E,223
61,2,5,0,1,65,0,1,2,2.5,Tampere,Apartment,0,0,District heating,Good,0,E,141
61,2,2,0,0,3,0,1,1,4.7,Turku,Apartment,0,1,District heating,Excellent,0,B,148
47,2,0,0,0,25,0,1,1,8.6,Turku,Apartment,0,0,District heating,Good,0,C,87
57,3,1,1,2,4,0,1,1,2.7,Helsinki,Apartment,0,1,District heating,Excellent,0,A,321
56,2,3,0,1,89,0,1,1,5.6,Espoo,Apartment,0,1,District heating,Needs renovation,0,G,139
45,1,6,0,0,5,0,1,1,5.7,Tampere,Apartment,0,0,District heating,Good,0,B,130
23,1,4,1,0,6,0,1,1,3.2,Helsinki,Apartment,0,1,District heating,Good,0,C,116
72,3,0,0,1,27,0,1,2,6.6,Kuopio,Apartment,0,0,District heating,Excellent,0,B,117
51,3,3,0,0,43,0,1,1,4.4,Helsinki,Apartment,0,1,District heating,Good,0,D,192
69,3,2,0,1,36,0,1,1,2.3,Oulu,Apartment,0,1,District heating,Good,0,D,129
30,2,0,1,1,28,0,1,1,2.4,Espoo,Apartment,0,1,District heating,Good,0,D,124
77,3,0,0,1,95,1,1,1,1.5,Turku,Terraced house,0,1,District heating,Fair,250,F,158
59,2,1,1,1,6,0,1,1,3.8,Helsinki,Apartment,0,1,District heating,Good,0,C,285
98,4,0,1,2,11,1,2,3,1.0,Tampere,Terraced house,1,1,District heating,Fair,315,C,280
108,4,0,1,0,45,1,2,2,3.6,Tampere,Detached house,0,1,Air-source heat pump,Good,1070,E,312
123,4,0,1,1,60,1,2,2,11.9,Pori,Detached house,0,1,District heating,Good,2140,E,121
82,2,0,0,1,82,1,1,1,4.5,Turku,Terraced house,0,0,Air-source heat pump,Fair,630,F,193
106,4,0,0,2,35,1,2,2,30.0,Vantaa,Terraced house,0,1,District heating,Needs renovation,470,D,160
74,2,0,0,1,26,0,1,1,5.7,Kuopio,Apartment,0,1,District heating,Excellent,0,B,114
87,5,5,0,0,51,0,2,2,2.1,Helsinki,Apartment,0,1,District heating,Needs renovation,0,E,258
55,2,5,0,1,56,0,1,1,3.3,Tampere,Apartment,0,1,Air-source heat pump,Good,0,D,143
54,3,6,0,1,33,0,2,2,3.0,Helsinki,Apartment,1,1,Electric heating,Good,0,D,256
248,9,0,1,1,3,1,3,5,4.9,Lahti,Detached house,1,1,Electric heating,New,1655,A,491
51,2,2,0,1,54,0,1,1,2.7,Tampere,Apartment,0,1,District heating,Fair,0,F,116
60,2,6,1,0,29,0,1,1,2.1,Turku,Apartment,0,1,Electric heating,Fair,0,D,121
41,2,3,0,1,18,0,1,1,3.6,Tampere,Apartment,0,1,District heating,Good,0,D,121
83,4,0,0,2,32,1,2,2,14.7,Espoo,Detached house,1,1,Oil heating,Fair,910,D,243
56,3,3,1,1,3,0,2,2,7.0,Vantaa,Apartment,0,1,District heating,Good,0,B,172
52,3,3,0,0,1,0,1,1,3.0,Helsinki,Apartment,0,1,District heating,New,0,A,284
120,4,0,0,1,25,1,2,2,7.9,Espoo,Terraced house,0,1,Air-source heat pump,Excellent,565,B,510
113,4,0,0,2,62,1,2,2,6.5,Jyväskylä,Detached house,0,1,Electric heating,Good,1190,F,204
130,6,0,0,2,35,1,2,2,5.2,Oulu,Terraced house,1,1,Air-source heat pump,Needs renovation,300,D,156
118,4,0,0,1,46,1,1,1,10.7,Lahti,Semi-detached house,1,0,Electric heating,Fair,915,D,158
98,3,6,0,0,44,0,1,1,11.1,Helsinki,Apartment,0,1,District heating,Needs renovation,0,F,221
64,3,1,1,1,12,0,1,1,5.1,Turku,Apartment,0,1,Geothermal,Good,0,A,149
42,2,0,0,0,26,0,1,1,2.0,Turku,Apartment,0,0,District heating,Good,0,E,90
49,2,10,0,1,6,0,1,1,2.9,Helsinki,Apartment,0,1,District heating,Good,0,B,285
61,3,1,0,1,19,0,1,1,8.1,Espoo,Apartment,0,1,District heating,Fair,0,D,201
63,2,3,1,1,39,0,1,1,2.2,Tampere,Apartment,0,1,District heating,Good,0,D,164
70,2,2,1,0,32,0,1,1,0.8,Helsinki,Apartment,0,0,District heating,Fair,0,C,252
43,2,4,0,1,31,0,1,1,1.8,Tampere,Apartment,0,0,Geothermal,Good,0,C,141
70,2,3,1,1,24,0,1,2,3.6,Tampere,Apartment,0,1,District heating,Good,0,C,184
44,1,1,1,1,5,0,1,1,3.4,Tampere,Apartment,0,1,District heating,Good,0,A,145
49,2,4,0,0,20,0,1,1,13.5,Helsinki,Apartment,0,0,Electric heating,Excellent,0,C,165
150,6,0,1,2,38,1,2,2,20.2,Espoo,Detached house,1,1,Air-source heat pump,Fair,2240,D,461
76,3,3,1,1,11,0,1,1,6.5,Helsinki,Apartment,1,1,Geothermal,Needs renovation,0,C,263
85,4,0,0,2,32,1,1,1,5.1,Tampere,Semi-detached house,0,1,District heating,Fair,425,D,211
89,3,0,1,1,7,1,1,2,6.0,Kuopio,Semi-detached house,0,1,Electric heating,Excellent,1310,B,190
61,3,2,0,1,72,0,1,1,0.6,Turku,Apartment,0,1,District heating,Good,0,F,129
54,2,2,1,1,50,0,1,1,10.5,Espoo,Apartment,0,0,District heating,Fair,0,E,138
74,2,3,1,1,6,0,1,1,2.6,Oulu,Apartment,0,0,District heating,Excellent,0,A,184
77,3,0,1,0,29,1,1,2,11.9,Espoo,Apartment,0,1,District heating,Fair,0,D,234
57,2,4,1,1,5,0,1,1,6.5,Tampere,Apartment,0,1,District heating,Good,0,C,176
76,3,2,0,0,35,0,1,1,4.5,Helsinki,Apartment,0,0,District heating,Good,0,D,268
155,6,0,0,1,30,1,2,2,4.6,Kuopio,Detached house,1,1,Air-source heat pump,Needs renovation,2025,E,235
94,4,0,1,1,2,0,2,3,3.6,Tampere,Apartment,0,1,District heating,New,0,B,299
43,2,2,0,1,27,0,1,1,2.7,Jyväskylä,Apartment,0,1,District heating,Fair,0,D,83
121,5,0,0,1,20,1,1,1,6.5,Espoo,Semi-detached house,1,1,Electric heating,Fair,445,D,391
93,4,0,0,1,4,1,2,3,7.7,Lahti,Detached house,0,0,Geothermal,New,1815,B,207
37,1,0,1,1,37,0,1,1,4.3,Espoo,Apartment,1,0,District heating,Excellent,0,C,150
57,2,0,0,1,83,0,1,1,3.3,Espoo,Apartment,0,0,District heating,Needs renovation,0,F,134
93,5,0,0,1,26,0,2,2,6.4,Lahti,Apartment,0,0,District heating,Good,0,C,139
117,5,0,1,2,20,1,2,3,2.5,Turku,Detached house,1,0,Oil heating,Fair,640,D,260
83,2,2,1,0,80,0,1,1,2.6,Helsinki,Apartment,0,0,District heating,Excellent,0,E,299
54,2,0,0,1,44,0,1,1,4.9,Espoo,Apartment,0,0,District heating,Good,0,E,160
116,4,5,0,1,36,0,1,1,2.7,Tampere,Apartment,0,1,District heating,Excellent,0,D,305
99,4,2,0,1,20,0,1,2,3.3,Vantaa,Apartment,1,1,District heating,Good,0,C,259
32,2,7,0,1,37,0,1,1,2.3,Jyväskylä,Apartment,0,1,District heating,Needs renovation,0,E,59
43,2,6,0,0,22,0,1,1,1.7,Helsinki,Apartment,0,1,District heating,Good,0,C,196
48,2,1,0,0,17,0,1,1,4.3,Espoo,Apartment,0,1,District heating,Fair,0,C,165
116,4,0,0,2,29,0,2,3,7.6,Tampere,Terraced house,0,1,District heating,Good,185,E,257
46,3,0,1,1,5,1,1,1,4.0,Helsinki,Apartment,0,1,District heating,Excellent,0,B,244
65,3,0,0,2,28,1,1,1,7.9,Vantaa,Terraced house,1,1,District heating,Needs renovation,415,D,186
50,2,3,1,0,3,0,1,2,6.1,Helsinki,Apartment,0,1,Electric heating,Excellent,0,A,245
82,4,0,0,1,1,1,1,1,12.6,Vantaa,Apartment,0,1,District heating,New,0,A,227
35,2,0,0,1,32,0,1,1,5.6,Turku,Apartment,0,1,District heating,Fair,0,E,84
50,3,6,0,1,35,0,1,1,2.4,Turku,Apartment,0,1,District heating,Good,0,D,117
86,3,2,0,1,45,0,2,2,1.7,Oulu,Apartment,1,1,District heating,Fair,0,D,157
91,5,0,1,3,43,1,1,1,2.2,Tampere,Detached house,0,1,Geothermal,Fair,1225,E,292
55,2,2,0,1,4,0,1,1,3.1,Oulu,Apartment,0,1,District heating,Excellent,0,B,122
47,2,0,0,1,8,0,1,1,1.9,Tampere,Apartment,0,1,District heating,Good,0,C,154
102,5,3,0,0,37,0,1,1,4.5,Helsinki,Apartment,1,0,District heating,Fair,0,F,341
158,6,0,0,2,32,0,2,2,12.5,Vantaa,Detached house,1,1,Air-source heat pump,Good,1020,D,406
73,4,4,1,1,3,0,1,1,16.3,Espoo,Apartment,0,0,District heating,Excellent,0,B,253
148,5,0,1,2,3,1,3,3,6.8,Helsinki,Semi-detached house,0,1,Geothermal,Excellent,670,A,789
67,2,1,0,1,15,0,1,1,4.7,Espoo,Apartment,0,1,District heating,Fair,0,C,248
106,4,1,0,1,18,0,2,2,7.0,Oulu,Apartment,0,1,Geothermal,Excellent,0,B,210
105,4,0,0,1,23,1,2,3,5.9,Tampere,Semi-detached house,0,0,Air-source heat pump,Good,515,D,256
202,8,0,0,0,48,1,3,5,1.7,Jyväskylä,Detached house,1,0,Geothermal,Good,2290,D,389
41,2,0,0,0,19,0,1,1,4.1,Tampere,Apartment,0,1,District heating,Fair,0,C,113
118,5,0,1,1,17,0,1,2,2.8,Kuopio,Terraced house,0,0,Air-source heat pump,Good,370,C,207
102,4,4,0,1,7,0,2,3,3.5,Helsinki,Apartment,1,1,District heating,Fair,0,B,483
61,2,6,1,1,0,0,1,1,1.0,Helsinki,Apartment,0,1,Electric heating,New,0,B,359
88,3,0,0,1,42,0,2,2,5.4,Tampere,Terraced house,0,1,Wood heating,Good,220,F,176
88,3,0,1,1,16,1,2,2,4.4,Vantaa,Detached house,0,1,Electric heating,Excellent,1195,C,382
68,3,2,1,1,0,0,1,1,1.9,Turku,Apartment,0,1,District heating,New,0,A,210
73,3,7,1,1,39,0,1,2,1.6,Tampere,Apartment,0,0,District heating,Needs renovation,0,E,144
41,2,6,1,1,11,0,1,1,4.6,Espoo,Apartment,0,1,District heating,Excellent,0,B,190
54,2,2,0,1,45,0,1,1,3.5,Tampere,Apartment,0,0,District heating,Needs renovation,0,E,103
53,2,1,0,0,1,0,1,1,1.2,Kuopio,Apartment,0,1,District heating,New,0,A,138
88,4,0,1,1,14,0,2,2,4.9,Espoo,Apartment,0,1,District heating,Fair,0,C,255
55,2,1,0,1,17,0,1,1,6.2,Tampere,Apartment,0,1,District heating,Good,0,B,153
55,3,3,1,1,12,0,1,1,1.5,Helsinki,Apartment,0,1,District heating,Good,0,B,287
126,4,3,1,2,0,0,2,3,7.5,Espoo,Apartment,0,1,District heating,Excellent,0,B,490
79,4,0,0,0,51,1,1,1,2.8,Helsinki,Apartment,0,1,District heating,Fair,0,F,234
76,3,2,0,1,46,0,1,1,10.7,Oulu,Apartment,0,1,District heating,Good,0,E,102
113,3,0,0,1,28,0,2,3,9.9,Espoo,Apartment,0,0,District heating,Fair,0,B,271
65,2,0,0,0,19,0,1,1,2.7,Tampere,Apartment,0,0,District heating,Fair,0,C,143
55,2,0,1,1,31,0,1,1,3.2,Tampere,Apartment,0,1,District heating,Needs renovation,0,E,107
50,3,1,0,0,0,0,1,1,2.2,Helsinki,Apartment,0,0,District heating,New,0,A,279
55,3,11,1,1,4,0,1,1,2.8,Turku,Apartment,0,1,District heating,Good,0,B,143
34,1,5,0,1,7,0,1,1,9.1,Tampere,Apartment,0,1,Air-source heat pump,Fair,0,C,108
83,3,1,0,1,21,0,1,1,1.7,Lahti,Apartment,0,0,District heating,Good,0,C,135
70,3,0,0,3,33,1,1,1,5.7,Oulu,Semi-detached house,0,1,District heating,Fair,490,E,110
82,3,0,0,2,17,1,1,1,2.9,Turku,Terraced house,1,1,Geothermal,Excellent,230,B,191
55,2,2,1,1,8,0,1,1,2.7,Helsinki,Apartment,0,1,District heating,Excellent,0,A,302
42,2,3,1,1,21,0,1,1,15.3,Vantaa,Apartment,0,1,District heating,Excellent,0,B,115
106,4,3,1,1,18,0,2,2,4.4,Vantaa,Apartment,0,1,District heating,Needs renovation,0,D,235
101,4,0,0,1,31,1,2,2,5.0,Turku,Terraced house,1,0,District heating,Needs renovation,315,D,176
102,5,3,0,1,12,0,2,3,7.5,Vantaa,Apartment,0,1,District heating,Good,0,B,302
58,3,3,1,1,21,0,1,1,2.6,Tampere,Apartment,0,1,District heating,Fair,0,D,146
90,3,0,1,2,30,1,1,1,7.0,Lahti,Terraced house,1,1,Geothermal,Good,355,C,124
68,3,5,0,1,34,0,1,1,5.4,Tampere,Apartment,0,1,Air-source heat pump,Fair,0,C,160
55,3,1,0,1,80,0,1,1,1.0,Kuopio,Apartment,0,0,Air-source heat pump,Fair,0,G,86
60,3,7,1,0,7,0,1,1,16.8,Vantaa,Apartment,0,1,District heating,Fair,0,C,129
49,2,0,0,1,46,0,1,1,1.4,Pori,Apartment,0,0,District heating,Good,0,D,59
35,2,3,0,1,33,0,1,1,5.2,Helsinki,Apartment,0,0,District heating,Fair,0,D,143
33,2,3,1,0,31,0,1,1,2.8,Helsinki,Apartment,0,0,District heating,Fair,0,D,153
21,1,7,0,0,5,0,1,1,2.3,Helsinki,Apartment,0,1,District heating,Good,0,C,119
39,2,1,0,0,20,0,1,1,3.7,Helsinki,Apartment,0,0,District heating,Good,0,D,143
83,4,2,0,1,66,0,1,1,5.3,Helsinki,Apartment,0,0,District heating,Fair,0,F,276
60,2,0,0,1,15,0,1,1,8.5,Espoo,Apartment,0,1,District heating,Good,0,C,198
55,2,1,0,1,2,0,1,1,3.7,Vantaa,Apartment,1,1,District heating,New,0,B,202
57,2,3,0,1,25,0,1,1,1.7,Oulu,Apartment,0,0,District heating,Excellent,0,D,130
57,3,2,0,0,36,0,1,1,7.7,Tampere,Apartment,0,1,District heating,Needs renovation,0,E,106
90,4,2,0,1,25,0,1,1,9.8,Vantaa,Apartment,0,0,District heating,Fair,0,D,205
40,1,2,1,1,20,0,1,1,8.1,Espoo,Apartment,0,1,District heating,Good,0,C,139
81,4,5,1,1,7,0,1,2,9.5,Espoo,Apartment,0,1,District heating,Excellent,0,A,304
70,3,3,0,1,30,0,1,1,7.0,Espoo,Apartment,0,1,District heating,Good,0,C,230
82,4,0,0,1,24,0,2,2,10.8,Espoo,Apartment,0,0,District heating,Good,0,D,229
112,4,2,0,1,7,0,2,3,3.4,Jyväskylä,Apartment,1,1,District heating,Excellent,0,A,259
47,2,2,0,1,67,0,1,1,20.8,Espoo,Apartment,0,0,Electric heating,Fair,0,F,89
70,2,1,0,1,18,0,1,1,10.0,Espoo,Apartment,0,1,District heating,Good,0,C,221
145,5,0,1,2,7,1,2,2,28.8,Espoo,Detached house,0,1,Wood heating,Excellent,1395,C,437
84,3,0,0,1,15,0,1,1,12.3,Helsinki,Apartment,0,1,Air-source heat pump,Fair,0,D,264
77,3,2,0,1,35,0,1,1,19.3,Vantaa,Apartment,0,0,District heating,Needs renovation,0,D,136
35,2,5,0,0,34,0,1,1,1.6,Tampere,Apartment,0,1,District heating,Excellent,0,D,104
67,2,4,0,1,61,0,1,1,10.6,Espoo,Apartment,0,0,District heating,Good,0,E,176
38,1,1,0,2,19,0,1,1,1.2,Pori,Apartment,0,1,Geothermal,Good,0,C,61
153,6,0,1,3,12,1,3,3,10.4,Espoo,Detached house,1,1,Electric heating,Needs renovation,2690,D,523
59,2,2,0,1,51,0,1,1,2.8,Turku,Apartment,0,0,District heating,Good,0,E,118
42,1,2,0,1,17,0,1,1,2.6,Helsinki,Apartment,0,1,District heating,Fair,0,C,211
76,4,0,1,2,3,1,2,2,6.7,Espoo,Detached house,1,1,Electric heating,Excellent,990,B,397
46,2,0,0,1,62,0,1,1,3.5,Espoo,Apartment,0,0,District heating,Excellent,0,D,148
51,2,1,0,1,49,0,1,1,4.0,Helsinki,Apartment,0,0,District heating,Excellent,0,E,194
36,2,0,1,1,4,0,1,1,11.2,Espoo,Apartment,0,1,District heating,Good,0,B,137
78,4,0,1,1,44,1,1,1,8.4,Vantaa,Terraced house,0,0,Oil heating,Good,390,D,167
103,5,0,0,2,42,1,1,2,27.8,Vantaa,Terraced house,0,1,Wood heating,Fair,445,E,180
84,3,0,1,1,33,1,1,2,25.2,Vantaa,Semi-detached house,0,1,Wood heating,Good,705,D,175
90,5,0,0,1,42,1,2,2,3.3,Turku,Terraced house,0,1,Electric heating,Fair,275,E,151
75,3,0,0,0,38,1,1,1,4.2,Kuopio,Detached house,0,0,Wood heating,Fair,1240,E,106
74,3,5,1,1,8,0,1,1,5.3,Espoo,Apartment,0,1,District heating,Excellent,0,B,287
82,4,0,1,1,16,1,1,2,4.6,Tampere,Detached house,1,1,Electric heating,Excellent,1095,D,290
75,3,4,0,0,82,0,1,1,2.0,Turku,Apartment,0,1,District heating,Fair,0,G,124
43,2,1,0,1,31,0,1,1,3.8,Turku,Apartment,1,1,District heating,Fair,0,C,100
51,3,6,0,1,5,0,1,1,3.0,Turku,Apartment,0,1,District heating,Fair,0,B,124
84,3,1,1,1,17,0,1,2,7.3,Pori,Apartment,0,1,District heating,Excellent,0,C,95
58,3,0,1,2,38,1,1,1,5.5,Helsinki,Terraced house,0,1,District heating,Fair,310,E,267
51,2,0,0,1,5,1,1,2,1.6,Tampere,Apartment,0,1,Air-source heat pump,Excellent,0,B,188
91,4,0,0,1,44,1,1,2,2.5,Jyväskylä,Detached house,1,0,Geothermal,Fair,865,E,154
78,3,0,1,1,23,1,1,1,13.7,Espoo,Detached house,0,1,Wood heating,Good,1125,E,316
50,2,2,0,1,95,0,1,1,3.1,Turku,Apartment,0,0,District heating,Needs renovation,0,G,70
32,1,1,0,1,70,0,1,1,7.1,Tampere,Apartment,0,0,District heating,Fair,0,E,66
141,6,0,1,2,15,1,2,2,8.4,Oulu,Detached house,1,0,Electric heating,Fair,3310,C,272
76,3,0,1,0,29,0,1,2,7.0,Espoo,Apartment,0,1,District heating,Needs renovation,0,D,199
51,2,1,1,0,17,0,1,1,14.2,Espoo,Apartment,0,1,Electric heating,Needs renovation,0,D,117
56,2,1,0,1,29,0,1,1,4.6,Lahti,Apartment,0,0,District heating,Needs renovation,0,D,67
55,2,0,1,1,4,0,1,1,6.8,Espoo,Apartment,0,1,Electric heating,Good,0,C,190
135,5,0,0,0,25,0,2,3,4.1,Tampere,Apartment,0,1,District heating,Good,0,D,292
90,4,0,1,1,3,0,2,3,27.7,Vantaa,Terraced house,0,1,Electric heating,Good,385,C,235
134,5,0,0,1,23,1,3,4,28.8,Vantaa,Semi-detached house,0,1,Electric heating,Fair,715,D,260
156,5,0,0,2,26,1,3,3,21.4,Jyväskylä,Detached house,1,1,Electric heating,Fair,2555,E,204
67,4,2,0,1,42,0,2,2,2.0,Helsinki,Apartment,0,1,District heating,Needs renovation,0,D,261
103,4,0,1,1,71,0,2,3,2.2,Turku,Apartment,0,0,District heating,Good,0,E,177
40,2,1,0,1,66,0,1,1,2.7,Turku,Apartment,0,0,District heating,Good,0,E,93
44,2,0,1,0,95,0,1,1,8.8,Helsinki,Apartment,0,0,District heating,Good,0,F,132
140,6,0,1,2,65,1,3,4,13.7,Kuopio,Detached house,1,1,District heating,Fair,3290,F,213
70,4,3,0,0,29,0,1,1,6.0,Vantaa,Apartment,0,0,District heating,Fair,0,D,171
191,8,0,0,2,47,1,2,3,1.7,Oulu,Detached house,1,1,Wood heating,Needs renovation,1215,E,234
138,6,0,0,1,45,1,2,3,20.1,Espoo,Detached house,1,0,Oil heating,Good,1100,F,326
47,2,0,0,1,18,0,1,1,3.7,Jyväskylä,Apartment,0,1,District heating,Excellent,0,C,94
85,3,8,1,1,0,0,1,1,5.9,Vantaa,Apartment,0,1,District heating,Excellent,0,B,279
98,3,0,1,1,14,0,1,2,3.6,Lahti,Apartment,0,0,District heating,Excellent,0,C,152
65,3,2,1,1,8,0,1,2,1.5,Jyväskylä,Apartment,0,1,District heating,Fair,0,C,150
74,3,1,1,1,1,0,1,1,4.0,Lahti,Apartment,0,1,District heating,Fair,0,C,122
46,2,1,0,1,1,0,1,1,2.5,Turku,Apartment,0,1,District heating,New,0,B,144
56,2,3,0,0,34,0,1,1,7.2,Espoo,Apartment,0,1,District heating,Good,0,D,173
64,2,6,0,1,13,0,1,1,6.7,Oulu,Apartment,0,1,District heating,Needs renovation,0,C,107
75,2,1,1,2,36,0,1,1,4.9,Vantaa,Apartment,0,1,Electric heating,Excellent,0,E,179
77,4,1,1,1,26,0,1,1,1.3,Lahti,Apartment,0,1,District heating,Fair,0,C,109
102,4,0,1,3,48,1,2,2,4.1,Tampere,Detached house,1,1,Electric heating,Good,555,F,256
78,3,1,0,1,38,0,1,1,3.5,Helsinki,Apartment,0,0,District heating,Excellent,0,B,329
64,3,2,0,0,70,0,2,3,3.7,Turku,Apartment,0,0,District heating,Good,0,F,127
113,3,3,1,1,5,0,2,2,14.0,Espoo,Apartment,0,1,Geothermal,New,0,A,420
96,3,3,1,1,3,0,1,1,5.2,Vantaa,Apartment,0,1,District heating,New,0,A,313
93,4,0,0,2,41,1,1,2,1.8,Kuopio,Detached house,0,1,Electric heating,Needs renovation,1215,E,121
27,1,2,0,0,53,0,1,1,2.3,Helsinki,Apartment,0,0,District heating,Needs renovation,0,E,81
100,3,1,0,1,81,0,1,1,1.6,Helsinki,Apartment,0,0,District heating,Needs renovation,0,G,287
84,3,0,0,1,35,1,1,1,11.3,Vantaa,Apartment,0,1,District heating,Good,0,E,173
29,1,0,0,2,46,0,1,1,5.1,Vantaa,Apartment,0,0,Geothermal,Good,0,C,82
105,4,0,1,3,29,1,2,2,11.5,Lahti,Semi-detached house,0,1,Air-source heat pump,Good,370,D,136
38,2,5,0,0,4,0,1,1,2.7,Helsinki,Apartment,0,1,District heating,Good,0,B,192
28,1,4,1,0,60,0,1,1,3.3,Turku,Apartment,0,1,District heating,Fair,0,F,59
86,3,4,0,1,20,0,1,1,2.0,Tampere,Apartment,0,1,District heating,Needs renovation,0,E,181
55,2,3,0,0,33,0,1,1,9.5,Helsinki,Apartment,0,1,District heating,Fair,0,D,182
78,4,2,0,1,38,0,2,3,1.5,Vantaa,Apartment,0,1,District heating,Fair,0,E,196
51,2,2,1,1,6,0,1,1,1.9,Tampere,Apartment,0,1,Air-source heat pump,Fair,0,B,149
119,4,0,0,2,3,1,3,4,3.2,Oulu,Detached house,1,1,Air-source heat pump,Excellent,1395,A,278
38,2,0,0,1,52,1,1,1,5.8,Espoo,Apartment,0,1,District heating,Good,0,E,137
34,2,4,1,1,20,0,1,1,6.6,Oulu,Apartment,0,0,District heating,Good,0,D,74
124,6,0,1,2,46,1,2,2,8.2,Vantaa,Detached house,1,1,Wood heating,Excellent,1095,E,334
110,3,0,0,1,41,1,1,1,2.2,Espoo,Apartment,1,1,District heating,Excellent,0,D,329
30,1,0,0,1,24,0,1,1,7.6,Helsinki,Apartment,0,0,District heating,Fair,0,C,101
59,2,0,0,2,0,1,1,1,6.2,Vantaa,Terraced house,0,1,Electric heating,New,235,B,189
39,2,1,1,0,87,0,1,1,2.0,Helsinki,Apartment,0,0,District heating,Fair,0,F,161
99,4,0,0,2,0,1,1,1,5.2,Oulu,Terraced house,0,1,Air-source heat pump,New,760,A,250
99,4,0,1,0,14,1,1,1,8.3,Helsinki,Terraced house,1,1,District heating,Excellent,430,B,535
112,4,0,1,1,22,1,2,3,4.4,Jyväskylä,Terraced house,0,1,District heating,Good,720,D,236
94,3,0,1,2,52,1,1,1,9.4,Vantaa,Detached house,0,1,Electric heating,Fair,1105,E,223
70,3,0,1,1,22,0,1,1,7.2,Helsinki,Apartment,0,1,Oil heating,Needs renovation,0,F,199
42,2,0,0,1,13,0,1,1,4.4,Tampere,Apartment,0,0,District heating,Fair,0,C,102
78,3,2,0,0,48,0,1,1,2.2,Helsinki,Apartment,0,1,District heating,Fair,0,D,284
82,3,2,1,1,17,0,1,1,1.7,Lahti,Apartment,0,1,District heating,Excellent,0,B,141
91,3,0,0,0,37,1,1,1,7.9,Helsinki,Terraced house,0,1,Oil heating,Good,440,E,376
83,3,4,0,1,48,0,2,2,7.1,Espoo,Apartment,0,0,Air-source heat pump,Needs renovation,0,D,207
58,2,4,0,0,0,0,1,1,2.5,Helsinki,Apartment,0,1,District heating,New,0,A,318
99,4,0,1,1,52,1,1,2,9.1,Espoo,Detached house,1,1,District heating,Fair,2235,G,395
59,3,1,1,1,14,0,1,1,4.1,Helsinki,Apartment,0,1,District heating,Needs renovation,0,D,223
37,1,0,1,1,15,0,1,1,8.4,Vantaa,Apartment,0,1,District heating,Fair,0,C,86
49,2,5,0,1,28,0,1,1,2.0,Jyväskylä,Apartment,1,1,District heating,Needs renovation,0,D,83
96,4,4,1,1,2,0,1,1,1.9,Tampere,Apartment,0,1,District heating,Good,0,C,289
57,2,5,0,1,92,0,1,1,2.0,Helsinki,Apartment,0,1,District heating,Good,0,E,220
57,2,0,0,0,29,0,1,1,11.9,Turku,Apartment,0,0,District heating,Good,0,D,86
61,3,3,0,0,16,0,1,1,6.2,Helsinki,Apartment,0,1,Air-source heat pump,Fair,0,C,209
86,3,4,0,1,34,0,1,1,1.6,Kuopio,Apartment,0,0,District heating,Good,0,D,165
84,4,2,0,0,34,0,1,1,2.5,Helsinki,Apartment,0,0,District heating,Good,0,C,320
65,2,0,1,1,13,1,1,1,5.8,Oulu,Apartment,0,1,Geothermal,Good,0,B,139
32,2,5,0,0,24,0,1,1,4.2,Tampere,Apartment,0,1,District heating,Excellent,0,C,92
102,5,0,0,2,33,1,1,1,19.6,Espoo,Semi-detached house,1,1,Electric heating,Fair,580,E,262
115,5,0,1,0,7,0,2,2,7.5,Helsinki,Apartment,0,0,District heating,Fair,0,C,392
49,2,1,0,1,41,0,1,1,3.1,Lahti,Apartment,0,1,District heating,Good,0,D,76
36,2,1,0,1,72,0,1,1,5.1,Pori,Apartment,0,1,District heating,Good,0,F,35
89,4,0,1,2,33,1,2,2,5.5,Jyväskylä,Detached house,1,1,District heating,Good,1285,D,185
109,4,0,0,2,87,1,2,3,9.3,Jyväskylä,Detached house,1,1,District heating,Good,840,G,156
77,4,1,0,1,20,0,1,1,5.5,Espoo,Apartment,0,1,District heating,Excellent,0,C,267
110,4,5,0,2,56,0,1,1,12.7,Vantaa,Apartment,0,0,Electric heating,Needs renovation,0,E,177
126,5,0,0,3,42,1,2,2,8.6,Espoo,Detached house,1,1,Geothermal,Good,880,E,437
92,3,0,0,1,0,1,2,2,4.0,Tampere,Terraced house,0,1,District heating,New,300,B,332
73,4,0,0,1,2,1,2,2,8.8,Helsinki,Terraced house,0,0,District heating,New,470,B,450
79,4,3,0,1,89,0,1,1,4.9,Turku,Apartment,0,1,District heating,Fair,0,F,121
50,3,1,1,1,22,0,1,1,4.2,Turku,Apartment,0,0,District heating,Good,0,D,134
42,1,3,0,0,40,0,1,1,1.7,Helsinki,Apartment,0,1,District heating,Needs renovation,0,D,175
123,5,0,0,1,62,1,2,2,5.2,Oulu,Detached house,1,1,Electric heating,Needs renovation,1185,F,180
64,2,2,0,1,15,0,1,1,5.6,Espoo,Apartment,0,1,District heating,Good,0,C,229
93,3,0,1,1,6,1,1,2,10.9,Helsinki,Apartment,0,0,District heating,Good,0,B,342
61,3,2,0,0,26,0,1,1,9.2,Helsinki,Apartment,0,1,Electric heating,Good,0,C,215
50,2,1,0,1,43,0,1,1,10.4,Vantaa,Apartment,0,1,District heating,Good,0,E,115
62,4,2,0,1,31,0,1,1,2.9,Jyväskylä,Apartment,0,1,District heating,Good,0,C,131
95,3,1,1,0,17,0,1,1,3.9,Tampere,Apartment,1,1,Geothermal,Good,0,C,258
28,1,5,1,1,4,0,1,1,3.9,Helsinki,Apartment,0,1,District heating,Good,0,C,159
159,6,0,0,1,57,1,2,2,8.0,Tampere,Detached house,1,1,Oil heating,Good,1265,G,311
77,3,8,1,1,22,0,1,1,4.7,Vantaa,Apartment,0,0,District heating,Good,0,A,239
79,4,0,0,2,2,1,2,2,4.7,Tampere,Terraced house,0,1,District heating,Excellent,675,B,271
81,4,3,0,1,80,0,1,1,3.6,Vantaa,Apartment,0,0,Electric heating,Good,0,E,163
114,5,0,0,1,3,1,2,2,3.9,Jyväskylä,Terraced house,1,1,District heating,New,870,A,324
146,6,0,0,0,24,1,2,2,3.3,Oulu,Detached house,1,1,Geothermal,Good,1405,C,358
115,4,0,1,0,8,1,2,2,8.5,Kuopio,Detached house,1,1,Air-source heat pump,Good,2310,B,206
112,5,6,0,0,41,0,1,1,4.4,Helsinki,Apartment,0,1,District heating,Excellent,0,D,417
50,2,3,1,0,12,0,1,1,4.5,Tampere,Apartment,0,0,District heating,Good,0,C,139
114,5,0,1,2,43,1,2,3,5.3,Kuopio,Detached house,0,1,Geothermal,Needs renovation,4645,F,204
97,4,0,1,1,8,0,2,3,5.0,Tampere,Apartment,1,1,District heating,Excellent,0,C,269
104,4,0,0,2,44,1,1,1,3.1,Pori,Detached house,0,1,Air-source heat pump,Excellent,2160,D,151
98,5,0,0,1,26,1,2,2,14.5,Oulu,Terraced house,0,1,Electric heating,Excellent,820,C,177
76,3,3,0,1,3,0,1,1,5.6,Espoo,Apartment,0,0,District heating,Good,0,B,288
70,3,2,1,1,41,0,1,1,1.2,Tampere,Apartment,0,0,District heating,Needs renovation,0,E,159
52,2,0,0,1,21,0,1,1,1.9,Oulu,Apartment,0,1,Air-source heat pump,Good,0,D,107
34,2,1,1,1,30,0,1,1,2.4,Helsinki,Apartment,0,1,District heating,Excellent,0,C,191
50,3,2,1,1,0,0,1,1,3.7,Tampere,Apartment,0,1,District heating,New,0,B,177
86,4,0,1,3,12,1,1,1,10.0,Helsinki,Detached house,1,1,District heating,Good,945,C,478
43,1,0,1,1,69,1,1,1,2.3,Pori,Apartment,0,0,District heating,Needs renovation,0,G,44
98,4,0,1,2,15,1,2,2,2.9,Lahti,Terraced house,1,1,Air-source heat pump,Good,650,D,169
121,4,0,0,0,95,1,1,2,2.5,Kuopio,Semi-detached house,1,1,Air-source heat pump,Excellent,860,F,190
117,4,0,1,1,39,1,2,3,10.5,Jyväskylä,Detached house,1,1,District heating,Good,2890,C,251
51,2,5,0,0,4,0,1,1,10.6,Espoo,Apartment,0,1,District heating,Excellent,0,B,210
38,2,1,0,1,40,0,1,1,1.9,Tampere,Apartment,0,0,District heating,Good,0,D,103
87,4,2,0,0,16,0,1,2,6.3,Tampere,Apartment,0,1,Air-source heat pump,Good,0,B,209
85,2,0,1,2,12,1,1,1,7.2,Espoo,Terraced house,0,1,District heating,Good,320,C,339
42,1,3,1,1,1,0,1,1,1.8,Helsinki,Apartment,0,1,District heating,New,0,A,285
39,2,0,0,0,20,0,1,1,4.2,Helsinki,Apartment,0,1,District heating,Good,0,C,162
70,2,1,0,0,21,0,1,1,2.2,Helsinki,Apartment,0,1,District heating,Fair,0,E,291
59,2,1,1,1,31,0,1,1,3.1,Tampere,Apartment,0,1,District heating,Fair,0,D,164
108,4,1,1,1,26,0,2,3,2.5,Kuopio,Apartment,1,1,District heating,Fair,0,E,204
82,4,2,0,1,36,0,1,1,4.0,Oulu,Apartment,0,0,District heating,Good,0,C,138
90,3,0,1,1,25,1,1,1,2.4,Tampere,Terraced house,0,1,Air-source heat pump,Good,145,B,260
51,3,4,1,1,2,0,1,1,5.3,Oulu,Apartment,0,1,Electric heating,New,0,B,129
44,2,3,0,1,4,0,1,1,4.8,Lahti,Apartment,0,1,District heating,Excellent,0,C,87
47,2,3,1,1,3,0,1,1,3.6,Jyväskylä,Apartment,0,1,District heating,New,0,B,123
66,3,0,0,1,17,0,1,1,1.2,Lahti,Apartment,0,1,District heating,Fair,0,C,110
85,3,0,1,1,12,1,1,1,5.4,Tampere,Terraced house,0,1,Air-source heat pump,Good,250,C,248
77,3,1,1,1,24,0,1,1,1.0,Tampere,Apartment,0,1,District heating,Excellent,0,D,234
36,2,0,1,1,22,0,1,1,10.1,Espoo,Apartment,0,1,District heating,Good,0,C,117
77,4,1,0,1,9,0,1,1,5.7,Lahti,Apartment,0,1,District heating,Excellent,0,B,131
57,3,1,0,0,48,0,1,1,7.6,Oulu,Apartment,0,1,District heating,Good,0,D,94
111,5,0,1,3,0,1,1,2,11.3,Turku,Detached house,0,1,Electric heating,Excellent,1455,B,272
83,3,0,1,2,10,1,2,2,4.6,Jyväskylä,Terraced house,1,1,Electric heating,Fair,485,C,167
120,5,0,0,2,62,1,2,2,12.0,Tampere,Detached house,1,1,Air-source heat pump,Fair,1145,F,217
146,5,0,1,1,33,1,2,2,9.6,Oulu,Detached house,0,1,Wood heating,Needs renovation,2905,F,247
64,3,6,1,1,2,0,1,1,1.3,Tampere,Apartment,0,1,District heating,New,0,B,256
68,2,2,1,1,25,0,1,1,10.2,Helsinki,Apartment,0,1,District heating,Good,0,C,258
146,5,0,0,1,24,1,2,2,9.2,Lahti,Detached house,0,1,Geothermal,Good,1345,C,226
82,3,0,0,1,10,1,1,1,8.1,Vantaa,Terraced house,0,1,Electric heating,Good,325,C,221
97,4,0,1,1,13,1,2,2,6.1,Tampere,Terraced house,1,1,District heating,Fair,765,D,298
55,3,0,1,2,30,1,1,1,9.0,Espoo,Terraced house,0,0,District heating,Good,255,D,208
54,2,0,0,1,74,1,1,1,0.9,Pori,Apartment,0,0,District heating,Fair,0,F,60
117,4,1,0,2,0,0,2,2,1.9,Tampere,Apartment,0,0,District heating,New,0,B,431
129,4,0,1,2,0,1,2,2,17.6,Vantaa,Detached house,1,1,Wood heating,New,845,C,349
73,3,0,0,1,11,1,1,1,18.0,Espoo,Terraced house,0,1,Air-source heat pump,Good,390,B,258
87,3,0,0,1,46,0,1,1,4.5,Lahti,Apartment,0,1,District heating,Fair,0,E,97
73,3,0,0,0,40,1,1,1,5.2,Oulu,Terraced house,1,1,Oil heating,Fair,250,D,101
51,2,13,1,1,5,0,1,1,5.0,Jyväskylä,Apartment,0,1,District heating,Excellent,0,C,125
51,2,0,0,0,33,0,1,1,2.6,Pori,Apartment,0,1,District heating,Good,0,D,59
188,6,0,0,2,73,1,3,5,3.8,Lahti,Detached house,1,1,District heating,Good,950,E,254
47,2,0,0,1,36,0,1,1,1.0,Pori,Apartment,0,0,District heating,Fair,0,C,55
91,3,1,1,1,28,0,1,1,2.2,Tampere,Apartment,0,0,Air-source heat pump,Good,0,C,254
55,3,2,0,0,10,0,1,1,1.5,Oulu,Apartment,0,1,District heating,Good,0,C,121
86,3,0,0,1,66,1,1,1,8.6,Jyväskylä,Semi-detached house,0,1,Electric heating,Good,535,F,107
37,1,0,1,1,31,1,1,1,8.4,Vantaa,Apartment,0,0,District heating,Needs renovation,0,E,69
125,4,0,0,2,53,1,2,2,8.3,Tampere,Detached house,0,0,Oil heating,Good,1375,F,266
63,2,3,0,2,20,0,1,1,6.4,Oulu,Apartment,0,0,Electric heating,Good,0,D,133
28,1,1,0,0,44,0,1,1,4.9,Helsinki,Apartment,0,1,District heating,Excellent,0,D,107
77,4,3,1,1,28,0,1,1,5.5,Tampere,Apartment,0,1,District heating,Excellent,0,D,209
51,2,1,0,1,25,0,1,1,3.0,Jyväskylä,Apartment,0,1,District heating,Excellent,0,C,113
76,3,1,0,0,39,0,1,1,4.8,Helsinki,Apartment,0,1,District heating,Fair,0,E,239
60,3,0,1,2,9,1,1,1,1.8,Turku,Terraced house,1,1,Air-source heat pump,Good,425,B,179
134,6,2,0,1,27,0,2,2,2.5,Lahti,Apartment,0,1,District heating,Fair,0,E,179
91,4,0,0,0,3,1,2,2,6.9,Pori,Terraced house,1,1,District heating,Excellent,785,B,143
70,3,1,1,1,4,0,1,1,25.4,Vantaa,Apartment,1,1,District heating,Excellent,0,B,176
40,2,5,0,0,22,0,1,1,2.1,Tampere,Apartment,0,0,District heating,Excellent,0,D,116
84,4,10,0,1,3,0,2,2,6.5,Helsinki,Apartment,1,1,District heating,Good,0,B,404
93,4,0,1,2,26,1,2,2,6.1,Kuopio,Semi-detached house,0,1,Electric heating,Good,595,D,157
76,3,1,0,1,5,0,2,2,10.0,Vantaa,Apartment,1,1,District heating,Excellent,0,B,209
54,2,6,1,1,16,0,1,1,3.7,Lahti,Apartment,0,1,District heating,Good,0,C,97
47,2,0,1,1,24,0,1,1,1.9,Oulu,Apartment,1,1,District heating,Fair,0,D,90
48,2,1,0,0,51,0,1,1,1.8,Turku,Apartment,1,0,District heating,Fair,0,E,86
134,7,0,0,1,2,1,2,3,3.1,Tampere,Detached house,0,1,District heating,New,1285,B,395
35,2,10,1,1,10,0,1,1,10.8,Vantaa,Apartment,0,1,Electric heating,Excellent,0,C,118
152,6,0,1,2,64,1,2,2,3.2,Tampere,Detached house,0,1,District heating,Needs renovation,2235,G,367
66,3,2,1,1,22,0,1,1,4.4,Lahti,Apartment,0,0,District heating,Good,0,B,105
78,2,8,0,1,32,0,1,1,2.1,Helsinki,Apartment,0,1,District heating,Needs renovation,0,E,295
32,2,4,1,1,1,0,1,1,2.0,Helsinki,Apartment,0,1,District heating,New,0,A,218
98,4,1,1,0,45,0,1,1,3.7,Helsinki,Apartment,0,0,District heating,Fair,0,E,306
51,2,0,1,1,26,0,1,1,2.2,Turku,Apartment,0,1,District heating,Fair,0,C,138
104,6,0,0,1,14,1,2,2,13.1,Lahti,Terraced house,0,1,District heating,Good,595,D,147
50,2,2,0,1,7,0,1,1,2.6,Espoo,Apartment,0,1,District heating,Excellent,0,B,218
196,8,0,0,1,37,1,3,4,2.6,Oulu,Semi-detached house,1,0,Air-source heat pump,Excellent,720,C,360
163,5,0,1,1,40,1,2,3,15.1,Tampere,Detached house,1,1,Geothermal,Fair,915,D,348
45,2,0,0,0,5,1,1,1,1.9,Kuopio,Apartment,0,1,District heating,Good,0,C,92
114,5,0,1,1,11,1,1,1,5.4,Helsinki,Semi-detached house,1,1,Electric heating,Fair,720,D,600
148,7,0,1,2,9,1,2,2,5.4,Turku,Detached house,1,1,Geothermal,Fair,2285,C,315
47,2,5,0,0,27,0,1,1,6.1,Vantaa,Apartment,0,0,District heating,Good,0,D,124
161,5,0,0,1,80,1,3,4,8.0,Jyväskylä,Detached house,1,1,District heating,Good,1710,G,223
54,2,6,1,0,11,0,1,1,13.0,Vantaa,Apartment,0,1,District heating,Good,0,B,148
57,3,1,0,0,31,0,1,1,2.9,Helsinki,Apartment,0,1,District heating,Fair,0,C,200
60,3,1,0,0,50,0,1,1,7.1,Espoo,Apartment,0,1,Geothermal,Needs renovation,0,F,121
60,3,3,0,0,1,0,1,1,2.0,Tampere,Apartment,0,1,District heating,Excellent,0,A,190
59,3,3,0,1,85,0,1,1,0.8,Turku,Apartment,0,0,District heating,Good,0,F,127
55,2,0,0,0,11,0,1,1,8.1,Vantaa,Apartment,0,1,District heating,Good,0,C,143
65,2,1,0,1,22,0,1,1,6.6,Oulu,Apartment,0,1,District heating,Fair,0,B,123
68,2,9,1,1,32,0,1,1,23.7,Espoo,Apartment,0,0,District heating,Needs renovation,0,D,155
82,3,0,0,1,33,1,1,1,3.8,Kuopio,Semi-detached house,1,1,Air-source heat pump,Fair,495,C,135
80,4,0,0,1,20,1,1,1,7.0,Vantaa,Terraced house,1,1,Electric heating,Good,265,C,213
95,4,0,0,1,8,1,1,1,14.8,Vantaa,Terraced house,0,1,District heating,Good,615,B,251
77,3,3,0,0,49,0,2,2,2.0,Helsinki,Apartment,0,1,District heating,Needs renovation,0,E,229
82,3,0,0,1,24,1,1,1,7.6,Lahti,Terraced house,0,0,District heating,Good,280,D,124
105,4,0,0,2,21,1,2,3,5.6,Jyväskylä,Detached house,1,1,Electric heating,Excellent,1635,B,211
61,2,7,1,1,50,0,1,1,6.8,Tampere,Apartment,0,1,District heating,Good,0,D,142
49,2,9,1,1,11,0,1,1,3.3,Tampere,Apartment,0,1,District heating,Good,0,B,170
94,4,2,1,2,17,0,1,1,4.2,Helsinki,Apartment,0,1,District heating,Fair,0,D,331
37,1,1,0,1,36,0,1,1,6.6,Oulu,Apartment,0,0,District heating,Fair,0,E,56
39,1,1,0,1,48,0,1,1,4.5,Oulu,Apartment,0,1,District heating,Fair,0,E,61
83,3,0,1,1,14,1,1,1,10.6,Vantaa,Semi-detached house,0,1,District heating,Good,780,C,216
122,5,0,0,2,33,1,3,3,6.9,Kuopio,Detached house,0,1,Electric heating,Needs renovation,2470,E,192
70,4,0,1,1,29,0,1,1,3.3,Turku,Apartment,0,1,District heating,Excellent,0,C,164
87,3,0,1,1,39,0,1,1,7.9,Helsinki,Apartment,0,1,District heating,Good,0,C,262
56,2,4,0,0,3,0,1,1,4.9,Tampere,Apartment,0,1,District heating,Good,0,B,172
153,6,0,0,2,63,1,3,3,3.8,Jyväskylä,Detached house,1,1,Electric heating,Excellent,1495,D,347
111,4,0,1,3,48,1,2,2,9.1,Turku,Detached house,1,1,District heating,Needs renovation,440,F,146
148,6,0,1,0,95,1,3,3,5.5,Espoo,Detached house,1,1,Air-source heat pump,Fair,515,F,434
41,1,2,0,0,24,0,1,1,1.9,Turku,Apartment,0,0,District heating,Good,0,C,98
39,2,1,1,1,18,0,1,1,1.2,Oulu,Apartment,0,0,District heating,Fair,0,D,84
59,3,1,0,1,10,0,1,1,1.7,Turku,Apartment,0,0,District heating,Good,0,A,168
67,3,0,0,0,70,1,1,1,3.4,Turku,Apartment,0,0,District heating,Fair,0,F,100
45,2,3,0,0,13,0,1,1,2.0,Vantaa,Apartment,0,1,District heating,Fair,0,C,124
53,2,1,0,0,12,0,1,1,8.6,Helsinki,Apartment,0,1,District heating,Good,0,B,202
45,2,7,0,0,22,0,1,1,2.7,Espoo,Apartment,0,1,District heating,Good,0,B,182
124,5,0,0,1,31,1,2,3,4.7,Helsinki,Semi-detached house,1,1,District heating,Needs renovation,975,E,550
84,4,0,1,1,36,1,1,1,10.2,Espoo,Terraced house,1,1,District heating,Fair,450,E,258
89,3,1,0,2,49,0,2,2,4.1,Helsinki,Apartment,0,1,District heating,Needs renovation,0,F,284
161,6,0,1,1,29,1,2,2,5.2,Pori,Detached house,1,1,Electric heating,Excellent,2445,D,202
127,5,0,0,2,2,1,2,3,26.2,Espoo,Semi-detached house,1,1,Wood heating,New,830,B,401
26,1,0,1,0,14,0,1,1,1.6,Turku,Apartment,0,1,Air-source heat pump,Good,0,B,74
86,3,4,0,1,17,0,1,1,3.0,Helsinki,Apartment,0,1,District heating,Fair,0,C,347
73,3,0,0,1,25,1,1,2,4.1,Helsinki,Terraced house,1,0,Electric heating,Fair,250,D,300
127,5,0,1,1,13,0,2,3,2.7,Jyväskylä,Apartment,1,1,District heating,Good,0,C,263
105,4,0,1,2,66,1,2,2,6.5,Vantaa,Terraced house,0,1,District heating,Needs renovation,185,G,184
28,1,0,0,0,51,0,1,1,1.4,Helsinki,Apartment,0,1,District heating,Good,0,E,110
62,2,1,0,0,83,0,1,1,2.3,Tampere,Apartment,0,1,District heating,Fair,0,G,112
33,1,7,0,0,40,0,1,1,2.9,Helsinki,Apartment,0,1,District heating,Fair,0,E,133
32,1,2,0,1,7,0,1,1,3.8,Lahti,Apartment,0,1,District heating,Good,0,C,59
87,4,1,1,0,24,0,1,1,8.1,Helsinki,Apartment,0,0,District heating,Good,0,D,273
26,1,3,1,1,33,0,1,1,1.6,Helsinki,Apartment,0,1,Air-source heat pump,Excellent,0,B,141
35,2,0,1,0,29,0,1,1,1.2,Turku,Apartment,0,0,District heating,Needs renovation,0,D,62
68,4,2,0,1,68,0,1,1,6.3,Turku,Apartment,0,0,District heating,Fair,0,E,131
50,2,0,0,1,50,0,1,1,5.2,Lahti,Apartment,0,1,District heating,Needs renovation,0,F,47
107,4,0,1,1,2,1,2,2,3.8,Tampere,Semi-detached house,0,0,Air-source heat pump,Excellent,285,A,276
77,3,0,1,3,2,1,1,1,4.5,Turku,Detached house,0,1,Air-source heat pump,New,1555,A,277
63,3,1,0,1,9,0,1,1,6.0,Helsinki,Apartment,0,1,District heating,Good,0,C,265
99,5,2,0,1,66,0,1,1,1.3,Kuopio,Apartment,0,0,Oil heating,Needs renovation,0,G,133
102,4,0,0,2,51,1,2,2,13.8,Espoo,Terraced house,1,0,Electric heating,Excellent,505,D,342
36,2,1,0,0,51,0,1,1,1.8,Helsinki,Apartment,0,0,District heating,Needs renovation,0,E,110
113,5,0,1,2,58,0,1,1,1.3,Turku,Apartment,1,0,District heating,Good,0,E,214
54,3,1,0,1,36,0,1,2,4.0,Tampere,Apartment,0,1,District heating,Good,0,D,154
60,3,6,0,0,20,0,1,1,6.6,Helsinki,Apartment,0,1,District heating,Good,0,D,255
131,6,0,0,3,59,1,2,2,7.9,Espoo,Detached house,0,1,Wood heating,Good,2400,E,502
100,5,0,1,1,13,0,2,2,4.2,Tampere,Apartment,0,1,District heating,Good,0,C,278
74,4,0,1,1,54,1,2,2,2.8,Helsinki,Terraced house,0,0,Electric heating,Good,250,E,319
155,7,0,0,1,36,1,2,2,8.3,Oulu,Detached house,1,1,Air-source heat pump,Fair,1765,C,294
84,3,0,0,0,73,1,1,1,3.1,Jyväskylä,Apartment,0,0,District heating,Good,0,F,121
57,2,0,0,0,37,0,1,2,14.8,Helsinki,Apartment,0,1,District heating,Needs renovation,0,D,114
109,4,0,0,2,35,1,2,3,2.1,Pori,Detached house,1,1,Air-source heat pump,Needs renovation,830,D,113
112,4,0,1,1,22,1,3,4,17.6,Oulu,Terraced house,1,1,District heating,Good,440,D,183
27,1,5,1,1,23,0,1,1,3.4,Helsinki,Apartment,0,1,District heating,Good,0,C,142
138,5,0,0,1,57,1,2,3,3.3,Lahti,Terraced house,0,1,Oil heating,Needs renovation,555,G,137
109,4,0,0,1,0,1,2,2,14.2,Espoo,Semi-detached house,1,1,Air-source heat pump,New,1895,A,588
67,3,0,1,1,34,1,1,1,8.6,Vantaa,Terraced house,0,1,District heating,Fair,875,C,239
87,4,1,1,1,2,0,1,1,3.0,Oulu,Apartment,0,1,District heating,New,0,B,239
94,4,0,0,1,1,0,1,1,2.8,Jyväskylä,Apartment,0,1,Electric heating,New,0,A,215
68,3,0,1,1,12,0,1,1,14.4,Vantaa,Apartment,0,1,Electric heating,Good,0,C,154
41,2,3,1,1,9,0,1,1,1.9,Jyväskylä,Apartment,0,1,District heating,Excellent,0,A,113
163,6,0,0,1,36,1,2,3,7.3,Helsinki,Detached house,0,1,Air-source heat pump,Fair,1015,E,632
97,4,0,0,1,2,1,1,2,20.4,Helsinki,Terraced house,0,0,District heating,New,335,A,388
103,4,0,0,1,95,1,1,1,28.2,Vantaa,Detached house,1,0,Air-source heat pump,Needs renovation,1260,G,159
49,2,4,1,1,23,0,1,1,7.3,Vantaa,Apartment,0,1,District heating,Good,0,D,124
86,4,0,0,1,67,1,2,2,6.9,Vantaa,Detached house,0,0,Electric heating,Fair,900,G,230
35,2,1,1,1,72,0,1,1,1.7,Kuopio,Apartment,0,1,District heating,Good,0,E,59
104,4,0,1,2,2,1,1,1,22.2,Helsinki,Detached house,0,1,Air-source heat pump,New,505,B,448
128,6,0,0,1,55,0,2,3,2.6,Helsinki,Apartment,0,0,District heating,Needs renovation,0,F,370
43,2,1,0,1,2,0,1,1,4.9,Tampere,Apartment,0,1,District heating,Excellent,0,B,137
86,4,0,1,1,2,1,1,1,4.9,Turku,Detached house,0,1,Geothermal,New,735,A,246
113,5,0,1,0,25,0,1,2,3.0,Turku,Apartment,0,1,Geothermal,Good,0,C,215
64,3,2,0,0,74,0,1,1,3.9,Tampere,Apartment,0,1,Air-source heat pump,Needs renovation,0,F,131
58,2,4,0,1,59,0,1,2,11.9,Jyväskylä,Apartment,0,0,District heating,Fair,0,E,77
113,4,4,0,0,25,0,2,2,2.3,Helsinki,Apartment,0,1,District heating,Needs renovation,0,C,396
98,3,1,0,0,44,0,1,1,21.6,Vantaa,Apartment,0,1,District heating,Good,0,D,152
142,4,0,1,1,27,1,3,4,6.5,Jyväskylä,Detached house,0,1,Wood heating,Excellent,1960,D,278
51,2,0,0,2,18,1,1,1,10.5,Espoo,Terraced house,0,1,District heating,Needs renovation,290,D,189
76,2,3,1,1,8,0,1,1,8.4,Espoo,Apartment,0,1,District heating,Good,0,C,268
115,5,2,0,1,68,0,2,3,6.9,Oulu,Apartment,0,0,District heating,Fair,0,F,148
43,1,4,1,1,29,0,1,1,6.7,Vantaa,Apartment,0,1,District heating,Good,0,D,112
65,3,1,0,1,16,0,1,1,3.5,Oulu,Apartment,0,0,Electric heating,Needs renovation,0,D,105
93,4,0,1,2,8,1,1,1,15.8,Vantaa,Detached house,0,1,Electric heating,Excellent,1315,C,259
38,2,3,0,1,26,0,1,1,6.2,Espoo,Apartment,0,1,District heating,Good,0,C,140
42,2,1,0,0,19,0,1,1,2.1,Helsinki,Apartment,0,1,District heating,Excellent,0,C,197
122,5,0,1,2,56,1,2,2,10.2,Kuopio,Detached house,1,1,Air-source heat pump,Good,1370,E,191
136,6,3,0,1,34,0,2,3,5.6,Oulu,Apartment,0,1,District heating,Good,0,C,240
76,4,0,1,1,35,0,2,2,6.1,Pori,Terraced house,0,1,Air-source heat pump,Good,155,D,96
43,2,3,0,0,95,0,1,1,8.4,Turku,Apartment,0,0,District heating,Fair,0,E,56
49,2,1,0,1,59,0,1,1,13.3,Espoo,Apartment,0,0,Electric heating,Needs renovation,0,F,98
41,1,0,0,1,2,0,1,1,6.5,Turku,Apartment,0,1,District heating,Good,0,C,100
72,3,4,0,0,9,0,1,1,1.7,Helsinki,Apartment,0,1,Electric heating,Good,0,B,343
91,4,0,0,3,61,1,2,2,6.7,Turku,Detached house,0,0,Air-source heat pump,Good,1190,F,185
82,3,0,1,1,40,0,2,2,5.4,Helsinki,Apartment,0,1,District heating,Good,0,D,283
74,3,2,0,0,18,0,1,1,8.1,Vantaa,Apartment,0,1,Electric heating,Good,0,C,187
87,4,7,0,1,18,0,1,1,3.7,Helsinki,Apartment,1,1,District heating,Good,0,C,405
121,4,0,0,1,57,1,2,2,7.6,Oulu,Detached house,1,1,Oil heating,Needs renovation,1320,G,162
72,3,1,1,1,4,0,1,1,3.1,Lahti,Apartment,1,1,District heating,Good,0,B,149
112,4,0,0,3,17,1,2,2,3.7,Lahti,Detached house,0,1,District heating,Excellent,1550,B,209
91,3,4,1,1,29,0,2,2,10.1,Jyväskylä,Apartment,0,1,District heating,Good,0,D,158
37,1,4,1,2,0,0,1,1,5.1,Espoo,Apartment,0,1,District heating,Excellent,0,B,183
86,4,1,0,1,80,0,2,2,0.8,Turku,Apartment,0,1,District heating,Excellent,0,E,189
98,3,0,1,3,24,1,2,2,10.6,Jyväskylä,Detached house,1,1,District heating,Good,1005,D,164
50,2,1,1,1,29,0,1,1,0.7,Jyväskylä,Apartment,0,1,Electric heating,Good,0,D,105
60,3,0,0,1,2,1,1,1,4.1,Lahti,Apartment,0,0,District heating,New,0,A,118
51,2,1,1,1,9,0,1,1,3.5,Tampere,Apartment,0,1,District heating,Good,0,B,161
55,2,3,0,1,43,0,1,1,3.8,Lahti,Apartment,0,1,Electric heating,Good,0,D,85
71,3,0,1,1,61,1,1,1,20.9,Vantaa,Terraced house,0,1,District heating,Good,465,E,140
92,4,1,1,0,15,0,2,2,13.0,Helsinki,Apartment,1,1,Air-source heat pump,Good,0,C,307
81,4,3,1,1,11,0,1,1,2.9,Lahti,Apartment,0,1,District heating,Fair,0,D,140
105,4,0,0,1,48,1,2,2,3.0,Lahti,Semi-detached house,1,1,District heating,Fair,830,E,160
47,2,4,0,1,35,0,1,1,8.0,Helsinki,Apartment,0,1,District heating,Fair,0,E,162
50,2,1,0,1,48,0,1,1,4.2,Tampere,Apartment,0,1,Oil heating,Good,0,D,116
95,4,0,0,2,2,1,2,2,5.8,Oulu,Terraced house,0,0,Air-source heat pump,Excellent,410,A,202
124,5,0,1,2,36,1,1,2,7.2,Vantaa,Terraced house,0,0,District heating,Good,465,E,284
103,4,3,1,0,32,0,1,1,4.3,Helsinki,Apartment,0,0,District heating,Good,0,C,372
93,4,0,0,1,65,1,2,2,4.2,Turku,Terraced house,1,1,Wood heating,Good,260,E,175
56,2,2,0,1,72,0,1,1,2.7,Jyväskylä,Apartment,0,0,District heating,Fair,0,G,90
36,1,0,1,0,23,0,1,1,3.0,Helsinki,Apartment,0,1,District heating,Good,0,C,160
77,3,2,0,1,24,0,1,1,10.5,Espoo,Apartment,1,0,District heating,Fair,0,D,240
68,3,0,1,1,50,1,1,1,4.8,Oulu,Terraced house,0,1,District heating,Good,555,E,127
30,1,8,1,1,54,0,1,1,2.0,Helsinki,Apartment,0,1,Oil heating,Good,0,E,148
126,6,0,1,1,45,1,3,3,9.7,Jyväskylä,Detached house,1,1,Electric heating,Fair,1265,E,183
72,2,1,0,1,38,0,1,1,5.3,Kuopio,Apartment,0,1,District heating,Needs renovation,0,F,81
131,5,0,0,2,74,0,2,2,3.6,Jyväskylä,Detached house,1,1,Electric heating,Excellent,1115,F,224
45,1,3,0,1,5,0,1,1,2.3,Helsinki,Apartment,0,1,District heating,Excellent,0,B,245
62,2,5,0,0,58,0,1,1,2.2,Helsinki,Apartment,0,0,District heating,Fair,0,E,203
47,2,4,1,1,3,0,1,1,3.8,Helsinki,Apartment,1,1,District heating,Excellent,0,A,265
159,5,0,1,2,2,1,2,3,5.8,Lahti,Detached house,1,1,Geothermal,New,2280,B,322
112,4,0,1,2,1,1,2,2,5.0,Pori,Detached house,1,1,Wood heating,New,2050,B,182
54,2,0,0,1,95,0,1,1,5.0,Helsinki,Apartment,0,0,District heating,Good,0,F,176
140,6,0,1,1,31,1,2,2,4.5,Oulu,Detached house,0,1,Air-source heat pump,Good,1615,C,305
134,5,0,0,2,2,0,2,2,17.2,Vantaa,Detached house,1,1,Air-source heat pump,New,1275,B,429
121,4,8,0,2,25,0,1,1,5.4,Helsinki,Apartment,0,1,Oil heating,Fair,0,D,491
78,3,3,0,0,44,0,1,1,4.6,Helsinki,Apartment,0,1,District heating,Good,0,E,259
31,1,1,0,1,61,0,1,1,2.3,Tampere,Apartment,0,0,District heating,Good,0,E,84
66,2,7,1,1,41,0,1,1,4.2,Helsinki,Apartment,0,1,District heating,Fair,0,D,257
42,2,5,0,1,27,0,1,1,5.9,Helsinki,Apartment,0,0,District heating,Good,0,C,183
109,3,0,1,2,38,1,2,2,2.5,Turku,Semi-detached house,0,1,Air-source heat pump,Good,710,D,240
78,4,0,0,1,45,1,2,2,21.1,Helsinki,Semi-detached house,1,1,Oil heating,Needs renovation,395,F,182
74,3,9,0,1,32,0,1,1,14.9,Vantaa,Apartment,1,1,District heating,Fair,0,D,157
102,5,0,0,2,7,1,2,2,2.7,Lahti,Semi-detached house,0,1,Air-source heat pump,Good,750,A,189
143,5,0,1,2,75,1,2,3,4.8,Jyväskylä,Detached house,1,1,Oil heating,Needs renovation,2005,G,260
79,3,0,1,1,30,0,1,1,2.0,Helsinki,Apartment,0,0,District heating,Excellent,0,D,351
134,6,2,0,1,0,0,2,3,5.4,Helsinki,Apartment,0,1,Air-source heat pump,Excellent,0,A,681
59,2,8,1,1,19,0,1,1,5.8,Turku,Apartment,0,1,Electric heating,Good,0,C,155
32,2,10,0,0,29,0,1,1,10.1,Helsinki,Apartment,0,1,District heating,Fair,0,D,111
157,5,0,0,1,39,1,2,2,7.9,Vantaa,Detached house,1,1,Geothermal,Needs renovation,1015,E,310
58,3,1,0,1,49,0,1,1,5.9,Jyväskylä,Apartment,0,1,District heating,Good,0,D,88
109,3,3,0,1,59,0,2,2,8.1,Oulu,Apartment,0,1,District heating,Fair,0,E,152
81,3,0,1,1,0,1,2,3,2.8,Helsinki,Terraced house,1,1,District heating,Excellent,180,B,456
50,2,2,0,1,53,0,1,1,5.9,Turku,Apartment,0,1,District heating,Needs renovation,0,F,80
68,3,2,1,1,10,0,1,1,4.0,Espoo,Apartment,0,1,District heating,Good,0,B,261
46,2,4,1,0,6,0,1,1,2.5,Helsinki,Apartment,0,0,District heating,Excellent,0,B,228
69,3,0,0,2,42,1,2,2,2.8,Tampere,Semi-detached house,0,1,Wood heating,Fair,280,E,171
53,2,0,1,1,4,0,1,1,6.8,Helsinki,Apartment,1,0,District heating,Excellent,0,A,239
73,3,6,0,0,29,0,1,2,8.4,Helsinki,Apartment,0,1,District heating,Needs renovation,0,E,213
82,3,0,1,1,17,0,1,1,9.7,Helsinki,Semi-detached house,1,1,District heating,Good,295,D,344
30,1,1,1,0,19,0,1,1,5.9,Tampere,Apartment,0,1,District heating,Good,0,C,77
97,4,0,1,1,32,1,1,2,3.5,Oulu,Semi-detached house,1,1,Wood heating,Good,995,D,205
69,2,3,1,1,18,0,1,1,7.7,Espoo,Apartment,0,1,District heating,Excellent,0,D,238
66,3,1,0,1,36,0,1,1,4.8,Turku,Apartment,1,0,District heating,Fair,0,E,128
62,2,1,0,0,8,0,1,1,8.1,Helsinki,Apartment,0,0,District heating,Fair,0,C,213
86,4,0,0,1,3,0,1,1,11.4,Vantaa,Terraced house,0,1,Air-source heat pump,Good,325,A,239
97,4,2,0,2,52,0,2,3,2.1,Kuopio,Apartment,0,1,District heating,Fair,0,E,139
74,4,0,0,2,19,1,2,2,5.1,Tampere,Terraced house,0,1,Wood heating,Good,265,D,175
84,4,1,0,0,63,0,1,2,3.7,Helsinki,Apartment,0,1,Electric heating,Fair,0,E,244
99,4,0,0,2,43,0,1,2,3.9,Espoo,Apartment,0,1,District heating,Good,0,D,293
124,5,0,0,1,15,0,2,2,9.9,Vantaa,Semi-detached house,1,0,Air-source heat pump,Fair,875,C,372
79,3,7,1,1,5,0,1,1,4.6,Turku,Apartment,0,1,District heating,Good,0,C,196
42,1,5,1,1,1,0,1,1,5.4,Vantaa,Apartment,1,1,District heating,New,0,B,159
130,5,0,0,1,34,1,2,2,15.0,Helsinki,Detached house,0,0,District heating,Needs renovation,940,E,396
119,4,0,1,1,41,1,2,3,20.5,Tampere,Semi-detached house,0,0,Electric heating,Fair,485,E,169
82,4,1,1,1,1,0,1,1,6.2,Espoo,Apartment,0,1,District heating,New,0,A,316
46,2,0,1,0,4,1,1,1,3.3,Helsinki,Apartment,0,1,Electric heating,Good,0,C,218
31,2,5,1,1,10,0,1,1,4.1,Kuopio,Apartment,1,1,District heating,Excellent,0,B,79
49,2,2,0,0,25,0,1,1,1.8,Tampere,Apartment,0,1,District heating,Excellent,0,B,141
42,2,5,1,1,55,0,1,1,2.7,Turku,Apartment,0,0,District heating,Good,0,D,96
53,3,2,0,1,56,0,1,1,12.1,Helsinki,Apartment,0,0,Air-source heat pump,Needs renovation,0,E,144
60,2,0,0,1,72,1,1,1,5.4,Helsinki,Terraced house,0,1,District heating,Good,150,F,233
82,3,0,1,2,10,1,1,1,10.7,Turku,Detached house,1,1,Electric heating,Good,1325,C,193
63,2,1,0,1,5,0,1,1,2.9,Oulu,Apartment,0,0,Electric heating,Good,0,B,137
37,1,0,0,0,13,0,1,1,6.0,Turku,Apartment,0,1,Electric heating,Good,0,C,76
105,5,2,0,1,11,0,1,1,2.6,Vantaa,Apartment,1,1,District heating,Good,0,B,334
144,6,0,1,1,7,1,2,2,4.7,Kuopio,Detached house,1,1,Electric heating,Excellent,1585,B,285
146,5,0,0,2,15,1,2,2,4.9,Kuopio,Detached house,1,0,Oil heating,Excellent,4215,B,306
43,1,2,0,0,81,0,1,1,12.0,Helsinki,Apartment,0,1,District heating,Needs renovation,0,G,97
53,3,4,1,0,95,0,1,1,1.9,Helsinki,Apartment,0,0,District heating,Fair,0,F,217
106,5,0,1,1,30,1,2,2,9.0,Turku,Detached house,1,1,Electric heating,Excellent,960,D,221
84,4,0,0,2,4,1,1,1,9.2,Turku,Semi-detached house,0,0,District heating,Good,665,B,190
123,5,0,1,1,17,0,2,2,6.8,Lahti,Apartment,1,1,District heating,Good,0,D,172
88,5,0,1,1,17,1,2,2,8.6,Helsinki,Terraced house,1,1,Air-source heat pump,Good,295,B,431
99,3,1,1,2,11,0,1,2,0.8,Oulu,Apartment,0,1,District heating,Good,0,C,221
74,3,0,1,0,19,0,2,2,6.1,Helsinki,Apartment,0,1,District heating,Fair,0,C,302
113,4,0,0,1,5,1,2,2,3.2,Oulu,Detached house,1,1,Air-source heat pump,New,1360,C,307
50,2,2,1,1,13,0,1,1,1.0,Jyväskylä,Apartment,0,1,Air-source heat pump,Excellent,0,B,131
222,8,0,1,2,20,1,3,3,11.3,Turku,Detached house,1,1,Oil heating,Needs renovation,2445,F,301
42,2,5,0,0,36,0,1,1,5.3,Tampere,Apartment,0,1,District heating,Needs renovation,0,E,97
52,2,0,0,1,47,0,1,1,7.3,Espoo,Apartment,0,0,District heating,Good,0,F,147
44,1,1,1,1,14,0,1,1,1.6,Oulu,Apartment,0,1,District heating,Excellent,0,B,121
52,3,2,0,0,43,0,1,2,5.9,Helsinki,Apartment,0,0,District heating,Needs renovation,0,E,173
79,2,5,0,0,26,0,1,1,6.8,Helsinki,Apartment,0,1,District heating,Good,0,C,294
52,2,4,0,1,20,0,1,1,3.7,Tampere,Apartment,0,1,District heating,Good,0,C,172
106,5,2,0,1,33,0,2,2,4.3,Turku,Apartment,0,1,District heating,Good,0,B,238
38,1,0,1,0,9,0,1,1,4.9,Vantaa,Apartment,0,1,Air-source heat pump,Good,0,B,96
53,3,1,0,0,73,0,1,1,1.6,Lahti,Apartment,0,0,District heating,Good,0,F,76
100,3,1,0,0,25,0,2,2,10.4,Helsinki,Apartment,0,0,District heating,Good,0,D,321
120,5,0,0,1,35,1,2,3,8.5,Vantaa,Terraced house,1,1,District heating,Good,655,D,275
67,2,1,0,1,18,0,1,1,12.0,Tampere,Apartment,0,1,Air-source heat pump,Fair,0,C,148
55,3,3,0,1,44,0,1,1,2.1,Helsinki,Apartment,0,0,Electric heating,Needs renovation,0,E,185
45,2,1,0,1,53,0,1,1,5.9,Vantaa,Apartment,0,1,District heating,Good,0,F,107
77,3,2,1,1,69,0,1,1,5.0,Turku,Apartment,1,0,District heating,Needs renovation,0,F,107
138,5,2,0,1,9,0,2,3,9.0,Lahti,Apartment,0,1,District heating,Fair,0,C,185
54,2,2,0,0,18,0,1,1,7.0,Helsinki,Apartment,0,1,District heating,Fair,0,C,175
53,2,1,0,1,3,0,1,1,4.4,Turku,Apartment,0,1,District heating,Excellent,0,B,148
86,4,0,0,1,64,1,2,2,11.6,Espoo,Semi-detached house,0,1,District heating,Needs renovation,765,F,263
109,4,0,1,1,65,1,2,2,7.5,Jyväskylä,Terraced house,1,1,Air-source heat pump,Good,210,E,170
48,3,1,0,1,25,0,1,1,2.4,Tampere,Apartment,0,1,District heating,Fair,0,E,129
101,3,0,1,1,9,1,1,1,7.2,Espoo,Terraced house,0,1,Electric heating,Good,615,C,407
70,2,0,1,1,45,0,1,1,10.4,Helsinki,Apartment,0,1,District heating,Good,0,D,210
90,3,0,0,2,25,0,1,1,25.7,Espoo,Detached house,0,1,Wood heating,Needs renovation,995,D,186
100,4,0,1,2,78,1,1,2,5.9,Helsinki,Detached house,0,1,Electric heating,Good,455,F,401
70,3,0,0,2,17,1,1,1,3.7,Kuopio,Terraced house,1,1,District heating,Fair,775,C,139
81,4,0,1,0,21,0,1,1,3.7,Helsinki,Apartment,0,1,District heating,Fair,0,D,331
86,3,3,0,1,42,0,2,2,1.3,Vantaa,Apartment,0,1,District heating,Fair,0,E,206
30,2,1,1,1,37,0,1,1,2.0,Kuopio,Apartment,0,0,Air-source heat pump,Good,0,C,60
59,3,0,1,1,34,0,1,1,1.5,Turku,Apartment,0,0,District heating,Good,0,D,127
161,6,0,0,2,68,1,3,4,16.7,Helsinki,Detached house,0,1,Electric heating,Fair,1805,F,502
185,7,0,1,2,74,1,2,4,5.1,Tampere,Detached house,0,1,Electric heating,Good,1735,G,489
42,1,2,1,1,2,0,1,1,13.5,Espoo,Apartment,0,1,District heating,New,0,A,174
52,2,1,0,1,37,0,1,1,2.8,Turku,Apartment,0,0,District heating,Good,0,C,112
62,2,5,0,0,28,0,1,1,5.9,Helsinki,Apartment,0,1,District heating,Good,0,C,235
55,2,6,0,1,13,0,1,1,2.5,Helsinki,Apartment,0,1,District heating,Good,0,C,316
55,2,5,1,0,7,0,1,1,2.3,Helsinki,Apartment,1,1,District heating,Excellent,0,B,298
161,6,0,0,0,5,1,3,3,3.3,Lahti,Detached house,1,1,Electric heating,Excellent,2000,B,335
54,2,0,1,0,28,0,1,1,3.4,Tampere,Apartment,1,0,District heating,Excellent,0,C,148
83,3,1,0,1,33,0,1,1,4.5,Oulu,Apartment,0,1,District heating,Good,0,D,155
66,4,0,1,1,19,0,1,1,6.3,Vantaa,Apartment,0,1,District heating,Good,0,B,186
49,2,5,1,0,23,0,1,1,1.0,Tampere,Apartment,0,0,District heating,Fair,0,D,133
70,3,0,1,0,4,0,1,1,2.8,Pori,Apartment,0,1,District heating,Excellent,0,A,90
75,3,0,0,1,58,0,1,1,5.3,Tampere,Apartment,0,1,District heating,Fair,0,F,148
96,4,3,0,0,17,0,1,1,4.0,Helsinki,Apartment,0,1,District heating,Excellent,0,B,408
90,4,0,1,1,49,1,2,2,8.2,Pori,Terraced house,0,1,Electric heating,Needs renovation,690,F,82
26,1,5,0,1,16,0,1,1,19.9,Vantaa,Apartment,0,1,Electric heating,Fair,0,D,62
27,1,1,1,1,69,0,1,1,8.1,Helsinki,Apartment,0,0,District heating,Needs renovation,0,F,85
51,2,1,0,0,44,0,1,1,4.4,Oulu,Apartment,0,0,Air-source heat pump,Good,0,E,82
89,4,11,0,0,52,0,1,1,1.4,Turku,Apartment,0,0,District heating,Excellent,0,E,196
36,1,2,1,1,17,0,1,1,1.4,Tampere,Apartment,0,1,District heating,Needs renovation,0,D,97
102,4,0,0,1,26,1,1,1,12.7,Vantaa,Semi-detached house,0,0,District heating,Fair,575,D,224
87,4,3,0,1,42,0,1,1,5.3,Tampere,Apartment,0,1,Electric heating,Needs renovation,0,F,158
50,2,1,0,1,43,0,1,1,2.6,Tampere,Apartment,0,0,District heating,Good,0,D,126
179,6,0,1,1,11,1,2,3,11.3,Vantaa,Semi-detached house,1,1,Electric heating,Good,480,C,411
119,5,0,0,1,59,1,2,2,10.2,Vantaa,Detached house,0,0,Electric heating,Fair,1490,G,277
53,2,0,0,1,4,0,1,1,1.9,Turku,Apartment,0,0,District heating,Excellent,0,B,127
56,2,0,0,1,37,0,1,1,3.2,Oulu,Apartment,0,1,Electric heating,Fair,0,C,89
63,2,5,1,1,4,0,1,1,4.0,Vantaa,Apartment,0,1,District heating,New,0,A,210
81,3,1,1,1,2,0,1,1,2.3,Turku,Apartment,0,1,District heating,Excellent,0,B,201
140,6,0,1,2,29,1,2,2,15.8,Helsinki,Detached house,0,1,Electric heating,Needs renovation,1450,E,617
55,3,4,1,0,11,0,1,1,23.4,Oulu,Apartment,1,1,Electric heating,Good,0,C,75
47,2,0,0,0,20,0,1,1,3.5,Tampere,Apartment,0,1,District heating,Good,0,C,126
131,5,0,1,2,36,1,2,2,3.6,Turku,Detached house,1,1,Air-source heat pump,Good,1515,C,352
47,2,5,0,1,24,0,1,1,9.3,Vantaa,Apartment,0,0,District heating,Fair,0,D,116
79,3,12,1,1,2,0,2,2,2.3,Tampere,Apartment,0,1,District heating,Excellent,0,A,305
104,4,1,1,1,39,0,2,2,4.6,Vantaa,Apartment,0,1,District heating,Needs renovation,0,E,187
45,1,1,1,1,31,0,1,1,5.7,Tampere,Apartment,0,0,District heating,Excellent,0,D,135
73,2,3,0,1,51,0,1,1,7.8,Tampere,Apartment,0,0,District heating,Needs renovation,0,D,108
80,5,0,0,1,49,1,1,1,17.8,Helsinki,Terraced house,0,0,District heating,Good,360,E,239
45,2,3,0,1,8,0,1,1,9.2,Espoo,Apartment,0,1,Electric heating,Good,0,B,178
60,3,1,1,0,73,0,1,1,1.7,Turku,Apartment,0,1,District heating,Excellent,0,D,132
42,1,3,1,1,9,0,1,1,1.8,Helsinki,Apartment,1,1,Electric heating,Good,0,B,238
61,2,1,0,1,19,0,1,1,1.5,Kuopio,Apartment,0,1,District heating,Good,0,C,115
39,2,1,1,0,37,0,1,1,5.5,Jyväskylä,Apartment,0,0,District heating,Fair,0,D,59
78,3,0,1,1,67,0,1,2,7.4,Helsinki,Apartment,0,0,District heating,Good,0,E,253
142,6,0,1,2,61,1,2,2,7.6,Tampere,Terraced house,1,1,District heating,Needs renovation,520,F,275
27,1,2,1,0,8,0,1,1,2.8,Helsinki,Apartment,0,1,District heating,Good,0,C,137
75,3,0,1,2,28,1,1,1,11.2,Helsinki,Semi-detached house,1,1,Electric heating,Fair,265,D,316
55,2,3,0,1,22,0,1,1,10.3,Vantaa,Apartment,0,1,District heating,Excellent,0,C,153
61,2,1,0,2,12,0,1,1,7.0,Espoo,Apartment,0,1,District heating,Good,0,B,232
66,3,1,0,0,74,0,1,1,1.9,Helsinki,Apartment,0,1,District heating,Excellent,0,F,223
92,3,0,0,1,39,1,2,2,8.9,Kuopio,Terraced house,1,1,Oil heating,Fair,890,F,131
63,2,0,0,1,4,1,1,1,4.7,Turku,Terraced house,0,0,Electric heating,New,320,B,151
211,8,0,1,2,95,1,3,4,3.5,Pori,Detached house,1,1,District heating,Fair,4605,F,286
58,2,1,1,0,29,0,1,1,4.6,Helsinki,Apartment,0,1,District heating,Fair,0,C,216
64,2,2,0,1,5,0,1,1,2.0,Tampere,Apartment,0,1,District heating,Excellent,0,B,218
90,2,1,1,1,6,0,1,1,9.3,Espoo,Apartment,0,1,District heating,Fair,0,C,227
77,3,0,0,1,35,0,1,1,3.1,Tampere,Apartment,0,1,District heating,Good,0,D,190
63,2,2,0,1,9,0,1,2,6.9,Vantaa,Apartment,0,1,District heating,Needs renovation,0,C,163
188,6,0,1,1,22,1,3,3,12.2,Espoo,Semi-detached house,1,0,Geothermal,Excellent,1420,C,671
40,2,2,1,1,29,0,1,1,3.2,Jyväskylä,Apartment,0,1,Electric heating,Fair,0,D,98
48,2,1,1,1,23,0,1,1,2.3,Tampere,Apartment,0,1,District heating,Fair,0,C,110
97,5,3,1,0,19,0,1,1,7.7,Helsinki,Apartment,1,1,District heating,Good,0,C,368
74,3,0,1,1,33,1,1,1,3.5,Turku,Terraced house,0,0,District heating,Needs renovation,315,D,139
159,6,0,0,2,32,1,3,4,14.7,Vantaa,Detached house,0,1,Electric heating,Fair,2625,E,410
63,3,4,0,1,5,0,1,1,7.9,Helsinki,Apartment,0,1,District heating,Excellent,0,B,309
53,2,5,0,1,17,0,1,1,2.1,Turku,Apartment,0,1,District heating,Good,0,B,140
105,4,0,0,1,18,1,1,1,6.5,Turku,Detached house,1,1,District heating,Good,845,B,218
69,3,0,0,1,1,1,1,1,10.6,Espoo,Semi-detached house,0,0,Air-source heat pump,New,805,B,318
100,3,0,1,1,19,1,2,3,10.4,Kuopio,Detached house,1,1,Geothermal,Good,1815,C,208
99,4,1,0,1,24,0,1,1,7.1,Espoo,Apartment,0,1,District heating,Good,0,C,321
65,3,0,0,1,0,0,1,1,6.7,Vantaa,Apartment,1,0,District heating,Good,0,B,191
48,2,1,0,0,62,0,1,1,4.2,Tampere,Apartment,1,1,District heating,Good,0,E,118
41,2,1,0,0,95,0,1,1,4.5,Helsinki,Apartment,0,0,District heating,Needs renovation,0,F,111
112,4,0,0,2,21,1,2,3,14.9,Kuopio,Detached house,1,0,Geothermal,Good,1945,C,150
184,7,0,1,2,15,1,3,4,17.8,Vantaa,Detached house,1,1,Air-source heat pump,Good,1205,B,541
63,3,0,0,1,43,1,2,2,5.9,Tampere,Terraced house,0,1,District heating,Fair,390,E,151
80,3,4,0,0,63,0,2,2,13.3,Turku,Apartment,0,1,District heating,Good,0,F,108
81,2,4,0,1,27,0,1,1,4.3,Espoo,Apartment,0,1,Electric heating,Fair,0,D,243
135,5,1,1,2,1,0,1,1,4.5,Oulu,Apartment,1,1,District heating,New,0,A,344
68,3,4,1,1,56,0,1,1,12.2,Espoo,Apartment,0,0,District heating,Good,0,E,184
57,2,3,0,1,21,0,1,2,6.7,Vantaa,Apartment,0,1,District heating,Good,0,D,160
91,5,0,0,1,22,1,2,2,3.3,Kuopio,Detached house,1,1,District heating,Fair,950,D,171
98,4,0,0,2,20,0,3,3,2.3,Turku,Apartment,0,1,District heating,Good,0,D,236
80,3,2,0,1,51,0,1,2,2.1,Oulu,Apartment,0,0,District heating,Good,0,D,144
105,4,0,1,1,1,1,2,2,17.5,Helsinki,Semi-detached house,1,1,Geothermal,New,645,A,546
104,5,0,1,2,37,1,2,2,4.2,Espoo,Semi-detached house,0,1,District heating,Good,475,D,380
26,1,0,0,1,20,1,1,1,3.9,Oulu,Apartment,0,0,District heating,Good,0,B,62
165,7,0,0,2,0,1,3,3,3.8,Tampere,Detached house,0,1,Electric heating,Excellent,1870,C,616
125,5,0,0,1,25,1,2,2,4.4,Lahti,Detached house,0,0,District heating,Good,955,C,179
115,4,0,1,0,34,1,1,2,1.5,Turku,Terraced house,1,1,Electric heating,Fair,270,E,208
56,3,0,0,0,44,0,1,1,7.6,Espoo,Apartment,0,0,District heating,Good,0,D,141
110,5,0,0,1,94,1,2,2,4.6,Tampere,Terraced house,1,1,Air-source heat pump,Good,355,G,246
80,3,0,0,0,32,0,1,1,3.0,Vantaa,Apartment,0,0,Air-source heat pump,Fair,0,F,163
66,4,0,0,1,8,0,1,1,0.8,Tampere,Apartment,0,0,District heating,Good,0,C,205
46,2,0,0,0,49,0,1,1,11.3,Vantaa,Apartment,0,1,District heating,Good,0,E,86
81,4,0,0,0,49,0,1,1,4.7,Helsinki,Apartment,0,0,Electric heating,Needs renovation,0,E,210
102,3,0,0,2,48,1,2,2,5.1,Turku,Detached house,0,1,Wood heating,Fair,1455,F,209
46,2,1,0,1,40,0,1,1,2.3,Turku,Apartment,0,0,District heating,Needs renovation,0,E,79
146,6,0,1,2,2,1,2,2,14.1,Helsinki,Semi-detached house,1,1,Electric heating,New,990,B,718
77,3,0,0,1,48,1,1,1,2.7,Turku,Terraced house,1,1,Electric heating,Needs renovation,315,E,137
95,6,2,1,1,95,0,1,1,7.4,Helsinki,Apartment,1,0,District heating,Good,0,F,294
131,4,1,0,1,2,0,1,2,4.3,Helsinki,Apartment,1,1,Air-source heat pump,New,0,B,644
133,5,1,1,1,34,0,2,3,3.5,Turku,Apartment,0,1,District heating,Good,0,D,270
56,2,0,0,1,0,1,1,1,6.1,Oulu,Apartment,0,1,District heating,New,0,A,133
89,3,1,0,0,21,0,2,2,9.0,Turku,Apartment,0,1,District heating,Good,0,B,172
108,5,2,0,1,20,0,2,2,2.4,Helsinki,Apartment,0,1,District heating,Excellent,0,C,480
95,5,0,0,1,95,0,1,1,8.9,Helsinki,Terraced house,0,1,District heating,Good,225,F,332
46,3,5,1,1,42,0,1,1,4.3,Helsinki,Apartment,0,1,District heating,Fair,0,E,194
88,4,4,0,1,26,0,2,2,4.9,Tampere,Apartment,0,1,District heating,Good,0,C,220
70,2,0,0,0,18,0,1,1,3.5,Espoo,Apartment,0,1,District heating,Good,0,C,251
82,4,0,1,2,19,1,1,1,13.2,Jyväskylä,Detached house,0,1,Air-source heat pump,Good,670,C,136
77,4,3,0,0,38,0,1,1,1.1,Turku,Apartment,0,1,District heating,Good,0,D,163
111,4,0,1,2,12,1,1,1,12.7,Espoo,Semi-detached house,1,1,District heating,Good,805,D,508
71,2,0,1,1,11,1,1,1,4.3,Jyväskylä,Terraced house,0,1,District heating,Excellent,615,B,181
76,2,6,0,1,14,0,1,1,5.1,Helsinki,Apartment,0,1,District heating,Good,0,D,359
98,3,0,0,2,0,1,1,2,7.9,Espoo,Semi-detached house,0,1,District heating,Excellent,435,B,449
109,5,0,0,2,3,1,2,3,18.2,Helsinki,Terraced house,1,1,Geothermal,Good,310,A,547
54,3,1,0,1,79,0,1,1,1.2,Turku,Apartment,0,0,District heating,Fair,0,F,109
89,3,0,0,1,30,1,1,1,6.0,Helsinki,Terraced house,1,1,Wood heating,Good,650,D,438
51,2,4,1,1,26,0,1,1,5.8,Jyväskylä,Apartment,0,0,Geothermal,Excellent,0,C,104
108,4,0,0,1,45,1,2,2,5.1,Jyväskylä,Terraced house,0,1,Air-source heat pump,Fair,780,D,198
35,1,1,0,1,52,0,1,1,7.7,Vantaa,Apartment,0,1,District heating,Fair,0,E,83
103,4,0,0,1,27,1,1,2,6.4,Vantaa,Terraced house,1,1,District heating,Needs renovation,405,C,256
126,4,0,0,2,29,1,2,2,9.6,Oulu,Detached house,1,1,Electric heating,Good,1880,E,253
66,2,0,1,2,33,0,1,1,3.9,Lahti,Apartment,0,0,District heating,Good,0,D,99
66,3,3,0,0,39,0,1,1,3.9,Helsinki,Apartment,0,0,District heating,Good,0,E,229
34,1,5,0,1,50,0,1,1,0.8,Helsinki,Apartment,0,0,District heating,Fair,0,E,155
73,3,0,0,1,36,1,1,1,9.0,Lahti,Detached house,0,1,Geothermal,Fair,980,D,105
88,3,0,1,2,14,1,2,2,16.5,Vantaa,Detached house,1,1,Wood heating,Fair,1190,C,217
40,2,1,1,1,26,0,1,1,4.6,Pori,Apartment,0,1,District heating,Fair,0,D,49
112,4,0,1,3,10,1,1,1,4.4,Lahti,Detached house,1,1,Air-source heat pump,Excellent,2900,A,239
78,3,6,0,0,31,0,1,1,4.6,Helsinki,Apartment,0,0,District heating,Needs renovation,0,E,214
133,5,0,1,1,13,1,2,3,4.9,Lahti,Semi-detached house,1,1,Air-source heat pump,Needs renovation,925,C,191
128,5,0,0,3,31,1,3,4,2.8,Kuopio,Detached house,1,1,Electric heating,Excellent,1310,D,255
48,2,6,1,1,7,0,1,1,3.6,Oulu,Apartment,0,1,Electric heating,Excellent,0,B,119
74,2,3,1,0,14,0,1,1,15.4,Vantaa,Apartment,0,1,Electric heating,Good,0,C,165
74,3,0,1,2,26,0,1,1,1.9,Kuopio,Semi-detached house,0,1,Air-source heat pump,Excellent,270,B,148
84,4,0,0,0,4,1,1,1,2.7,Oulu,Terraced house,1,1,Geothermal,Good,255,A,182
57,2,7,1,1,13,0,1,1,2.0,Turku,Apartment,0,1,District heating,Good,0,C,151
28,1,2,0,0,18,0,1,1,3.9,Tampere,Apartment,0,1,District heating,Good,0,D,76
65,2,5,0,0,21,0,1,2,2.1,Tampere,Apartment,0,1,District heating,Good,0,B,196
58,2,1,0,1,74,0,1,1,3.0,Turku,Apartment,0,0,District heating,Fair,0,F,116
56,2,0,0,0,22,0,1,1,12.7,Espoo,Apartment,0,0,District heating,Fair,0,B,156
188,7,0,1,2,15,1,3,4,8.4,Vantaa,Detached house,1,1,Geothermal,Fair,1265,B,566
49,2,1,1,2,43,0,1,1,9.8,Espoo,Apartment,0,1,Electric heating,Fair,0,E,140
51,2,2,1,1,24,0,1,1,2.8,Jyväskylä,Apartment,0,1,District heating,Good,0,C,96
58,2,3,0,1,54,0,1,1,2.4,Tampere,Apartment,0,0,District heating,Good,0,D,141
51,3,1,1,0,0,0,1,1,5.9,Helsinki,Apartment,0,1,District heating,Excellent,0,B,239
68,3,0,1,0,45,0,1,1,6.7,Tampere,Apartment,0,1,Oil heating,Fair,0,E,125
56,2,0,1,1,21,0,1,1,11.8,Vantaa,Apartment,0,1,District heating,Excellent,0,C,139
107,5,0,0,2,73,1,2,2,17.3,Vantaa,Detached house,1,1,Electric heating,Good,815,G,205
54,3,0,1,1,9,0,1,1,5.4,Oulu,Apartment,0,0,Air-source heat pump,Good,0,A,109
74,3,0,0,1,56,0,1,1,7.5,Espoo,Terraced house,0,1,District heating,Fair,175,F,193
60,3,2,0,0,18,0,1,1,3.9,Turku,Apartment,0,1,District heating,Good,0,C,135
52,3,2,0,1,24,0,1,1,4.9,Helsinki,Apartment,0,0,District heating,Fair,0,C,239
117,3,0,1,0,19,1,2,3,9.5,Jyväskylä,Semi-detached house,1,1,District heating,Good,945,C,201
67,3,0,1,1,43,0,1,1,2.6,Helsinki,Apartment,0,1,District heating,Good,0,C,258
126,6,0,0,2,44,1,2,2,2.9,Pori,Detached house,0,1,Wood heating,Good,1225,F,156
125,5,2,1,1,50,0,1,2,3.2,Turku,Apartment,0,1,Air-source heat pump,Good,0,E,247
48,2,0,0,1,46,1,1,1,5.9,Vantaa,Apartment,0,1,Air-source heat pump,Good,0,E,112
86,3,0,0,1,52,1,1,2,6.7,Espoo,Apartment,0,0,District heating,Fair,0,E,233
77,2,0,0,1,18,0,1,1,2.2,Oulu,Apartment,0,1,District heating,Good,0,C,142
57,2,1,0,1,31,0,1,1,2.6,Oulu,Apartment,0,1,District heating,Good,0,C,114
110,5,0,1,2,18,1,1,1,7.2,Tampere,Terraced house,0,1,Air-source heat pump,Excellent,560,A,287
46,2,0,1,0,3,0,1,1,1.4,Tampere,Apartment,0,1,District heating,Good,0,A,150
45,2,4,0,1,30,0,1,1,8.2,Espoo,Apartment,0,0,District heating,Fair,0,E,143
85,4,0,0,1,4,1,2,2,7.6,Oulu,Terraced house,1,0,Air-source heat pump,Good,580,A,160
78,3,0,0,1,49,0,1,1,10.4,Vantaa,Apartment,0,0,District heating,Good,0,E,151
66,3,4,1,0,39,0,1,1,2.1,Helsinki,Apartment,1,1,District heating,Good,0,E,303
131,4,2,0,1,3,0,1,1,13.7,Vantaa,Apartment,0,1,District heating,Good,0,B,318
82,4,4,1,1,33,0,1,1,2.3,Turku,Apartment,0,1,District heating,Fair,0,E,162
68,3,3,0,1,2,0,1,1,1.4,Turku,Apartment,0,0,District heating,New,0,A,207
51,2,3,1,1,14,0,1,1,4.8,Helsinki,Apartment,0,0,Air-source heat pump,Good,0,B,236
65,3,0,0,1,33,0,1,1,1.4,Turku,Apartment,0,1,District heating,Fair,0,D,150
45,1,9,1,1,1,0,1,1,5.1,Tampere,Apartment,1,1,District heating,New,0,A,188
93,4,0,1,1,16,0,2,2,3.1,Helsinki,Detached house,0,1,Oil heating,Good,395,C,422
81,3,0,1,1,45,1,2,2,7.8,Tampere,Terraced house,0,1,Electric heating,Fair,455,D,175
70,3,0,1,1,35,1,1,2,4.4,Helsinki,Terraced house,1,1,District heating,Fair,155,D,304
178,7,0,0,0,3,1,3,4,17.9,Oulu,Detached house,1,1,Air-source heat pump,Good,1500,C,308
66,3,3,0,0,55,0,1,1,1.8,Helsinki,Apartment,1,0,District heating,Good,0,E,263
122,4,5,0,1,36,0,2,3,7.6,Vantaa,Apartment,0,1,District heating,Good,0,D,293
139,6,2,0,1,59,0,1,1,3.1,Turku,Apartment,0,1,District heating,Needs renovation,0,E,194
93,4,0,0,1,79,1,1,1,20.9,Vantaa,Detached house,0,0,Wood heating,Good,1015,G,171
99,4,0,0,1,58,1,2,2,4.0,Tampere,Terraced house,0,1,Air-source heat pump,Good,435,E,245
96,4,0,0,1,25,1,1,1,3.8,Turku,Terraced house,0,1,Air-source heat pump,Excellent,570,D,237
72,3,0,0,1,38,0,1,1,3.0,Jyväskylä,Apartment,0,1,District heating,Fair,0,E,113
88,4,0,0,0,23,1,1,2,7.9,Helsinki,Apartment,0,1,Electric heating,Good,0,C,290
88,3,1,0,1,2,0,1,2,3.3,Oulu,Apartment,0,1,District heating,New,0,A,218
62,3,5,0,0,2,0,1,1,3.7,Tampere,Apartment,0,1,District heating,New,0,A,212
111,3,2,0,2,32,0,1,1,6.0,Oulu,Apartment,0,1,Oil heating,Good,0,D,174
51,2,0,0,0,22,0,1,1,9.2,Tampere,Apartment,0,0,District heating,Good,0,D,106
27,1,1,0,0,39,0,1,1,11.5,Espoo,Apartment,0,0,District heating,Good,0,E,79
72,3,0,0,2,40,0,1,1,11.1,Helsinki,Terraced house,0,1,District heating,Good,160,E,249
92,4,3,1,1,35,0,2,2,2.4,Tampere,Apartment,1,0,District heating,Fair,0,D,217
46,2,2,0,1,37,0,1,1,1.8,Tampere,Apartment,0,1,District heating,Needs renovation,0,D,113
36,2,0,1,1,35,0,1,1,4.4,Espoo,Apartment,0,0,District heating,Needs renovation,0,E,101
139,6,0,1,3,30,1,2,2,4.3,Tampere,Detached house,1,1,Geothermal,Good,1485,D,429
45,2,5,1,1,13,0,1,1,10.8,Espoo,Apartment,0,0,District heating,Good,0,A,171
52,2,1,0,1,46,0,1,1,1.6,Kuopio,Apartment,1,0,Electric heating,Fair,0,E,79
139,5,0,1,2,13,1,2,2,7.4,Lahti,Detached house,1,1,Air-source heat pump,Good,1275,B,220
68,2,1,1,1,33,0,1,1,4.4,Jyväskylä,Apartment,0,1,District heating,Needs renovation,0,D,102
94,4,0,0,1,25,0,1,1,10.4,Tampere,Terraced house,0,1,District heating,Fair,235,D,193
75,4,2,1,1,5,0,1,1,3.3,Jyväskylä,Apartment,0,1,District heating,New,0,A,184
89,4,1,0,2,41,0,2,2,4.2,Kuopio,Apartment,1,0,Electric heating,Good,0,E,139
134,6,0,0,1,22,1,2,2,8.6,Jyväskylä,Terraced house,1,1,Air-source heat pump,Fair,655,C,216
102,4,0,1,2,64,1,1,1,16.5,Lahti,Semi-detached house,0,1,Geothermal,Needs renovation,770,F,70
104,4,2,1,1,14,0,1,1,1.2,Jyväskylä,Apartment,1,1,Electric heating,Excellent,0,B,249
44,2,1,0,0,1,0,1,1,3.4,Helsinki,Apartment,0,1,District heating,Excellent,0,A,225
129,6,0,1,2,32,1,2,3,18.4,Espoo,Detached house,1,1,Wood heating,Good,2065,E,395
100,4,0,0,1,39,1,1,1,1.6,Turku,Detached house,1,1,Air-source heat pump,Excellent,500,D,246
140,5,0,1,1,51,1,2,2,5.1,Jyväskylä,Detached house,1,1,Oil heating,Fair,2280,E,206
94,4,1,0,1,19,0,1,1,6.2,Oulu,Apartment,0,1,District heating,Fair,0,C,174
60,2,0,0,2,33,0,1,1,7.5,Lahti,Apartment,0,1,District heating,Fair,0,D,72
57,2,0,1,1,25,0,1,1,4.7,Vantaa,Apartment,0,0,District heating,Needs renovation,0,E,118
96,4,2,1,0,15,0,1,1,5.7,Espoo,Apartment,0,1,Oil heating,Needs renovation,0,E,227
141,6,0,1,2,31,1,2,3,8.2,Jyväskylä,Detached house,1,1,Electric heating,Needs renovation,1090,E,200
54,3,4,1,0,22,0,1,1,7.8,Helsinki,Apartment,0,1,District heating,Good,0,C,201
65,3,6,1,1,2,0,1,1,2.4,Helsinki,Apartment,0,1,District heating,Good,0,A,349
36,2,4,1,1,65,0,1,1,1.9,Tampere,Apartment,0,1,Electric heating,Good,0,F,109
41,2,7,0,1,4,0,1,1,3.5,Tampere,Apartment,0,1,District heating,New,0,A,157
46,2,0,1,0,26,0,1,1,1.7,Helsinki,Apartment,0,0,District heating,Fair,0,B,180
56,2,0,0,0,5,0,1,1,7.3,Tampere,Apartment,0,1,Air-source heat pump,Good,0,A,140
65,4,0,0,1,56,1,2,2,8.5,Espoo,Terraced house,0,1,District heating,Fair,395,G,229
50,2,4,1,1,8,0,1,1,2.1,Tampere,Apartment,0,1,District heating,Good,0,C,167
74,4,0,1,1,49,0,1,1,17.0,Helsinki,Terraced house,0,1,Electric heating,Fair,200,E,207
48,3,1,1,1,5,0,1,1,2.9,Tampere,Apartment,0,1,District heating,Good,0,B,143
90,4,0,0,0,59,0,2,3,2.3,Helsinki,Apartment,0,0,District heating,Good,0,E,302
97,4,0,0,1,43,1,2,2,2.8,Kuopio,Terraced house,0,1,Air-source heat pump,Fair,645,D,149
84,3,3,0,1,56,0,1,2,3.1,Helsinki,Apartment,0,0,District heating,Good,0,D,326
104,5,1,0,1,33,0,1,1,2.3,Helsinki,Apartment,1,1,District heating,Fair,0,D,381
86,3,2,0,1,24,0,1,2,1.7,Helsinki,Apartment,0,1,District heating,Good,0,C,372
37,2,2,1,1,6,0,1,1,3.6,Helsinki,Apartment,0,1,District heating,Fair,0,B,194
65,3,2,0,1,37,0,1,1,6.9,Espoo,Apartment,0,1,Oil heating,Fair,0,E,166
148,6,0,0,2,29,1,2,3,25.5,Espoo,Detached house,1,1,Oil heating,Fair,1540,E,369
50,2,2,1,0,24,0,1,1,5.3,Turku,Apartment,0,1,District heating,Fair,0,C,96
59,2,2,1,0,19,0,1,1,14.9,Espoo,Apartment,0,1,District heating,Excellent,0,B,168
38,2,2,0,0,27,0,1,1,0.8,Tampere,Apartment,0,1,District heating,Good,0,D,121
228,9,0,1,1,7,1,3,3,24.1,Vantaa,Detached house,1,1,Electric heating,Excellent,2235,C,530
134,6,3,0,2,24,0,1,1,2.6,Tampere,Apartment,0,1,District heating,Excellent,0,C,366
114,5,0,0,1,26,1,2,2,5.6,Espoo,Detached house,0,1,Geothermal,Good,1490,D,543
34,1,3,0,0,27,0,1,1,4.4,Espoo,Apartment,0,1,District heating,Fair,0,C,111
91,3,3,0,1,33,0,2,2,2.0,Jyväskylä,Apartment,1,1,District heating,Good,0,C,201
24,1,3,0,0,48,0,1,1,3.8,Turku,Apartment,0,0,District heating,Good,0,E,55
88,3,9,1,0,26,0,1,1,9.8,Helsinki,Apartment,0,1,District heating,Needs renovation,0,C,251
31,1,1,1,1,17,0,1,1,3.9,Lahti,Apartment,0,0,District heating,Excellent,0,C,57
80,3,2,0,0,2,0,1,1,6.2,Helsinki,Apartment,0,0,District heating,New,0,B,370
183,7,0,1,2,4,1,3,4,4.0,Lahti,Detached house,1,1,Air-source heat pump,Excellent,1845,A,359
81,3,0,0,1,51,1,1,2,8.6,Turku,Detached house,0,0,Electric heating,Fair,760,F,127
172,8,0,0,3,2,1,3,4,5.5,Oulu,Detached house,1,1,District heating,New,2980,B,416
99,3,0,1,1,89,1,2,2,2.9,Lahti,Terraced house,1,1,Air-source heat pump,Fair,645,F,150
37,2,5,1,0,14,0,1,1,3.1,Turku,Apartment,0,1,District heating,Fair,0,B,91
45,1,4,0,1,20,0,1,1,1.5,Turku,Apartment,0,1,Geothermal,Excellent,0,B,134
56,3,5,0,0,21,0,1,1,8.9,Helsinki,Apartment,0,1,District heating,Good,0,B,211
85,2,0,1,1,19,1,1,1,8.0,Helsinki,Terraced house,1,1,District heating,Fair,285,D,340
79,3,1,0,1,53,0,1,1,10.5,Espoo,Apartment,0,1,District heating,Needs renovation,0,D,182
34,2,9,0,0,18,0,1,1,5.9,Helsinki,Apartment,0,1,District heating,Excellent,0,C,160
87,4,0,1,1,10,1,1,1,11.1,Vantaa,Terraced house,0,1,Electric heating,Excellent,550,A,263
101,4,2,0,1,67,0,2,2,2.1,Turku,Apartment,1,1,District heating,Good,0,F,211
115,5,0,1,2,18,1,2,2,6.5,Helsinki,Detached house,1,0,Electric heating,Good,750,E,534
51,2,1,0,0,23,0,1,1,2.9,Helsinki,Apartment,0,0,District heating,Good,0,C,219
44,1,2,1,0,6,0,1,1,3.5,Tampere,Apartment,0,0,District heating,Good,0,C,131
62,3,1,0,1,8,0,1,1,10.4,Vantaa,Apartment,0,1,District heating,Good,0,C,168
42,1,4,0,1,58,0,1,1,3.6,Helsinki,Apartment,0,0,Electric heating,Excellent,0,E,175
87,3,4,1,0,0,0,2,3,8.8,Helsinki,Apartment,0,1,District heating,New,0,A,405
68,4,1,1,1,8,0,1,1,3.6,Espoo,Apartment,0,1,District heating,Needs renovation,0,B,203
104,4,0,0,1,29,1,2,2,1.6,Turku,Terraced house,0,1,District heating,Good,380,D,237
169,6,0,0,2,43,1,3,3,20.0,Vantaa,Detached house,1,1,Electric heating,Excellent,1630,D,373
128,5,0,1,1,23,1,2,2,8.2,Oulu,Detached house,1,1,Air-source heat pump,Good,1415,C,252
142,6,0,0,2,54,1,2,3,8.6,Tampere,Detached house,1,0,Oil heating,Good,1280,F,300
125,5,0,0,1,33,1,2,2,16.9,Espoo,Detached house,0,1,Wood heating,Good,1060,D,386
89,4,0,0,0,41,0,1,1,8.8,Turku,Terraced house,0,1,Air-source heat pump,Needs renovation,270,D,126
38,2,2,1,1,1,0,1,1,2.3,Pori,Apartment,0,1,Air-source heat pump,New,0,A,73
92,5,0,1,2,18,0,2,2,7.6,Jyväskylä,Detached house,1,1,Wood heating,Good,435,D,149
70,2,0,0,1,40,0,1,1,3.8,Espoo,Apartment,1,0,District heating,Fair,0,D,195
74,3,2,0,1,59,0,2,2,2.0,Kuopio,Apartment,0,0,District heating,Excellent,0,E,124
118,5,0,0,1,48,1,2,3,5.3,Jyväskylä,Detached house,0,1,Geothermal,Good,1640,C,234
116,5,0,0,1,44,0,2,3,3.0,Pori,Terraced house,1,0,Air-source heat pump,Good,375,D,135
110,5,0,0,1,65,0,2,2,3.7,Kuopio,Terraced house,0,1,Air-source heat pump,Good,325,E,167
77,2,1,0,1,95,0,1,1,3.8,Lahti,Apartment,0,1,District heating,Excellent,0,F,95
43,2,4,1,1,41,0,1,1,3.5,Lahti,Apartment,0,1,District heating,Good,0,C,68
102,4,0,0,1,29,1,2,3,4.8,Espoo,Detached house,1,1,Electric heating,Fair,625,E,416
137,6,0,1,2,19,1,2,2,5.9,Oulu,Detached house,1,1,Electric heating,Good,1125,D,300
101,4,0,1,1,5,1,2,2,3.5,Espoo,Terraced house,1,1,Electric heating,Excellent,385,A,429
54,3,0,0,0,16,0,1,1,27.2,Vantaa,Apartment,0,1,District heating,Good,0,B,94
45,1,2,1,0,44,0,1,1,9.0,Helsinki,Apartment,0,0,District heating,Fair,0,E,122
102,4,3,1,2,13,0,1,1,2.8,Vantaa,Apartment,0,1,District heating,Excellent,0,B,317
79,3,0,1,1,8,0,1,1,1.7,Oulu,Apartment,0,0,Air-source heat pump,Excellent,0,B,169
82,3,1,0,1,29,0,1,1,2.5,Helsinki,Apartment,0,1,District heating,Good,0,C,365
33,1,0,0,1,29,0,1,1,6.2,Oulu,Apartment,0,0,Geothermal,Fair,0,D,61
52,2,7,1,1,0,0,1,1,3.0,Helsinki,Apartment,0,1,District heating,Excellent,0,B,295
62,2,4,0,1,21,0,1,1,5.1,Tampere,Apartment,0,0,District heating,Good,0,D,160
85,3,0,0,1,54,1,1,1,7.6,Kuopio,Apartment,0,0,District heating,Fair,0,F,104
151,6,0,0,2,8,1,2,3,7.7,Kuopio,Detached house,1,1,Geothermal,Good,1855,C,251
49,2,4,0,1,95,0,1,1,2.0,Turku,Apartment,0,0,District heating,Fair,0,F,115
83,3,0,1,1,32,1,1,1,25.7,Vantaa,Apartment,0,1,District heating,Good,0,C,142
71,2,5,1,0,77,0,1,1,5.7,Helsinki,Apartment,0,1,District heating,Good,0,F,213
62,2,0,0,1,52,0,1,1,3.0,Jyväskylä,Apartment,0,1,District heating,Needs renovation,0,F,82
112,4,0,0,1,1,1,2,3,20.4,Vantaa,Detached house,0,1,Air-source heat pump,New,1270,A,348
70,2,0,1,1,60,1,1,1,3.3,Jyväskylä,Apartment,0,0,District heating,Good,0,E,106
100,4,0,0,3,48,1,2,2,10.0,Tampere,Terraced house,0,1,District heating,Good,660,D,223
36,2,3,0,0,57,0,1,1,3.2,Helsinki,Apartment,0,1,Geothermal,Fair,0,E,120
104,3,3,0,1,17,0,3,3,7.1,Turku,Apartment,0,1,District heating,Good,0,C,238
48,2,1,1,1,5,0,1,1,2.3,Kuopio,Apartment,0,1,District heating,Excellent,0,A,112
62,3,2,1,1,13,0,1,1,3.9,Jyväskylä,Apartment,1,1,District heating,Fair,0,C,145
44,1,3,0,0,40,0,1,1,3.3,Helsinki,Apartment,0,0,District heating,Good,0,C,172
97,3,1,1,1,53,0,1,1,6.4,Pori,Apartment,0,1,District heating,Needs renovation,0,E,73
86,3,0,0,2,48,1,1,1,10.5,Espoo,Terraced house,0,1,District heating,Fair,410,F,280
106,4,0,0,1,29,1,2,2,1.4,Kuopio,Terraced house,1,1,District heating,Good,625,D,219
61,3,2,1,1,29,0,1,1,12.6,Espoo,Apartment,0,1,Geothermal,Needs renovation,0,D,159
57,3,1,1,1,12,0,1,1,3.7,Turku,Apartment,0,1,District heating,Excellent,0,B,158
92,3,0,0,1,52,1,2,2,4.9,Tampere,Terraced house,0,1,Air-source heat pump,Good,185,E,205
118,4,0,0,2,31,0,2,2,5.2,Jyväskylä,Apartment,1,0,District heating,Good,0,D,206
98,5,2,1,1,95,0,1,1,6.0,Pori,Apartment,0,0,District heating,Needs renovation,0,G,57
141,6,0,0,2,32,1,2,2,6.7,Kuopio,Detached house,1,1,Electric heating,Fair,1850,E,204
44,2,1,0,1,51,0,1,1,2.4,Pori,Apartment,0,1,District heating,Good,0,F,48
54,3,8,0,0,15,0,1,1,4.3,Espoo,Apartment,0,1,District heating,Excellent,0,C,224
41,2,5,0,1,95,0,1,1,5.6,Helsinki,Apartment,0,0,District heating,Needs renovation,0,F,124
53,2,3,0,1,16,0,1,1,2.9,Helsinki,Apartment,0,1,District heating,Good,0,C,261
24,1,9,1,0,45,0,1,1,7.8,Helsinki,Apartment,0,1,District heating,Fair,0,F,82
44,2,2,0,1,86,0,1,1,3.5,Turku,Apartment,0,1,District heating,Needs renovation,0,G,81
125,4,1,1,1,8,0,2,2,12.5,Espoo,Apartment,0,1,Air-source heat pump,Excellent,0,B,378
68,3,0,1,2,4,1,1,1,12.9,Espoo,Semi-detached house,0,1,Electric heating,Excellent,480,C,297
28,1,0,0,0,71,0,1,1,2.0,Helsinki,Apartment,0,0,District heating,Fair,0,F,87
108,4,1,0,1,91,0,2,3,9.0,Lahti,Apartment,0,0,District heating,Good,0,F,104
98,4,0,0,0,26,0,2,2,1.2,Tampere,Apartment,0,1,District heating,Good,0,C,249
83,3,2,1,0,5,0,1,1,1.2,Tampere,Apartment,0,1,District heating,Good,0,B,256
53,2,8,1,1,20,0,1,1,5.5,Espoo,Apartment,0,1,District heating,Fair,0,D,171
126,4,0,0,1,33,1,2,2,13.0,Kuopio,Semi-detached house,0,1,Oil heating,Good,1735,E,169
74,3,2,0,1,95,0,1,1,1.2,Helsinki,Apartment,0,1,District heating,Good,0,F,295
79,2,0,0,2,32,0,1,1,11.5,Tampere,Detached house,1,1,Electric heating,Excellent,865,C,213
69,3,2,0,1,49,0,1,1,3.6,Helsinki,Apartment,0,1,District heating,Excellent,0,D,276
97,4,0,0,2,7,1,2,2,8.9,Helsinki,Terraced house,1,1,Electric heating,Excellent,315,C,461
111,4,2,0,2,29,0,1,1,2.9,Jyväskylä,Apartment,0,1,District heating,Good,0,D,227
51,2,4,0,0,19,0,1,1,2.9,Helsinki,Apartment,1,1,District heating,Fair,0,C,211
140,5,0,0,2,51,1,2,2,9.1,Kuopio,Detached house,1,1,Electric heating,Good,1215,E,185
77,3,0,0,1,34,1,1,1,4.0,Espoo,Apartment,0,0,Electric heating,Needs renovation,0,D,166
61,2,4,0,1,6,0,1,1,1.7,Oulu,Apartment,0,1,District heating,Fair,0,C,149
82,3,2,0,0,69,0,1,1,3.1,Turku,Apartment,0,1,District heating,Good,0,G,141
38,2,1,1,1,6,0,1,1,15.1,Vantaa,Apartment,0,1,District heating,Excellent,0,B,108
54,2,1,0,1,26,0,1,1,1.2,Helsinki,Apartment,0,1,District heating,Good,0,D,257
66,2,2,1,1,3,0,1,1,4.0,Tampere,Apartment,0,1,District heating,Excellent,0,C,225
32,1,0,0,1,34,0,1,1,5.9,Helsinki,Apartment,0,0,District heating,Excellent,0,C,158
126,7,0,0,2,59,1,2,3,6.7,Jyväskylä,Detached house,1,1,Electric heating,Excellent,2450,E,239
55,2,0,1,0,5,0,1,1,13.7,Vantaa,Apartment,0,0,Geothermal,New,0,A,144
46,2,1,0,1,37,0,1,2,2.2,Lahti,Apartment,0,1,District heating,Fair,0,D,69
117,5,0,1,2,69,1,2,2,9.8,Vantaa,Semi-detached house,1,1,Air-source heat pump,Needs renovation,450,F,237
68,3,0,0,0,24,0,1,2,4.1,Tampere,Apartment,0,0,District heating,Good,0,C,168
94,4,0,1,2,61,1,2,2,9.7,Tampere,Terraced house,1,1,District heating,Fair,360,F,138
122,5,0,0,1,22,1,2,3,7.5,Espoo,Terraced house,1,1,District heating,Fair,455,C,517
67,3,0,0,2,40,1,2,2,3.3,Helsinki,Terraced house,0,0,District heating,Good,255,D,344
69,2,0,1,1,37,0,1,1,0.8,Turku,Apartment,0,0,Electric heating,Fair,0,D,134
134,5,0,1,2,4,1,2,2,16.2,Helsinki,Semi-detached house,0,1,District heating,Excellent,810,B,550
111,4,0,0,2,2,1,2,2,5.7,Helsinki,Detached house,1,0,Air-source heat pump,New,605,A,601
45,2,0,0,1,25,1,1,1,3.1,Jyväskylä,Apartment,0,0,District heating,Good,0,D,94
143,7,0,0,2,27,1,2,3,8.1,Turku,Detached house,1,1,Electric heating,Fair,890,D,272
50,2,2,1,2,13,0,1,1,1.9,Tampere,Apartment,0,1,District heating,Good,0,C,156
78,4,1,0,1,15,0,1,1,3.2,Turku,Apartment,0,0,District heating,Fair,0,D,171
156,6,0,1,2,8,1,2,2,25.6,Vantaa,Detached house,0,1,District heating,Fair,1020,B,266
107,6,0,1,1,16,1,1,2,13.8,Tampere,Detached house,1,1,Electric heating,Excellent,525,D,252
118,5,0,0,1,28,1,2,2,8.4,Tampere,Semi-detached house,0,1,Electric heating,Needs renovation,525,E,192
108,4,0,0,3,15,1,2,2,6.1,Turku,Detached house,0,1,District heating,Good,1045,C,268
93,4,0,0,1,0,1,2,2,6.3,Oulu,Detached house,0,1,Electric heating,New,980,B,197
83,3,4,0,1,17,0,2,3,0.9,Jyväskylä,Apartment,0,1,District heating,Good,0,C,186
45,1,6,1,1,7,0,1,1,1.8,Oulu,Apartment,0,1,District heating,Needs renovation,0,C,109
69,3,1,1,1,47,0,1,1,4.0,Jyväskylä,Apartment,0,0,District heating,Fair,0,E,112
131,6,0,1,1,39,1,2,2,14.3,Oulu,Semi-detached house,1,1,Electric heating,Needs renovation,875,F,140
53,3,0,0,1,43,0,1,1,2.1,Helsinki,Apartment,0,1,District heating,Fair,0,D,198
107,4,0,0,2,54,1,2,3,6.1,Lahti,Semi-detached house,0,1,Wood heating,Needs renovation,755,E,124
153,5,0,1,1,9,1,2,3,11.9,Pori,Detached house,0,1,Air-source heat pump,Excellent,2750,C,169
38,2,5,1,1,0,0,1,1,4.0,Jyväskylä,Apartment,0,0,District heating,Excellent,0,B,102
115,4,0,0,1,75,1,2,3,15.7,Espoo,Terraced house,1,1,District heating,Good,610,E,307
71,3,3,1,1,8,0,2,2,7.7,Tampere,Apartment,1,1,District heating,Excellent,0,A,198
126,5,0,1,2,1,1,3,3,6.0,Vantaa,Semi-detached house,0,1,Air-source heat pump,New,990,B,476
102,4,0,0,1,18,1,1,1,4.8,Pori,Detached house,1,1,Air-source heat pump,Good,1220,C,154
57,2,7,1,0,1,0,1,1,10.6,Helsinki,Apartment,0,1,District heating,Excellent,0,B,245
56,2,1,0,1,21,0,1,1,3.5,Oulu,Apartment,0,0,District heating,Good,0,C,117
52,2,2,1,1,16,0,1,1,1.0,Turku,Apartment,0,1,Air-source heat pump,Excellent,0,B,161
68,3,4,0,1,71,0,1,2,2.2,Turku,Apartment,0,1,District heating,Fair,0,F,112
54,3,4,1,1,1,0,1,1,6.1,Espoo,Apartment,0,1,District heating,New,0,A,251
80,4,0,0,2,19,1,2,2,10.7,Espoo,Terraced house,0,1,Air-source heat pump,Good,195,B,286
73,2,2,1,1,23,0,1,1,3.7,Helsinki,Apartment,0,0,Electric heating,Good,0,C,316
103,3,2,0,0,12,0,2,3,4.6,Helsinki,Apartment,0,1,District heating,Good,0,B,447
85,3,1,1,1,14,0,1,1,3.7,Jyväskylä,Apartment,0,1,District heating,Good,0,C,169
124,5,0,0,2,24,1,2,3,5.1,Oulu,Detached house,1,1,Electric heating,Good,1755,C,320
80,4,5,0,0,18,0,1,2,2.4,Tampere,Apartment,0,1,District heating,Excellent,0,B,235
153,5,0,1,2,36,1,2,2,9.0,Espoo,Semi-detached house,0,1,Electric heating,Needs renovation,770,F,417
98,4,3,1,1,7,0,2,2,4.9,Helsinki,Apartment,1,1,District heating,Good,0,B,451
78,3,0,0,1,44,0,1,1,2.5,Jyväskylä,Apartment,0,1,District heating,Fair,0,D,115
60,3,2,0,0,21,0,1,1,4.3,Jyväskylä,Apartment,0,1,District heating,Good,0,D,123
58,3,4,1,0,2,0,1,1,7.1,Helsinki,Apartment,0,1,District heating,New,0,B,298
227,9,0,0,2,45,1,3,3,5.7,Lahti,Detached house,1,1,District heating,Good,2365,D,325
190,8,0,0,0,2,1,3,3,17.3,Espoo,Detached house,1,1,Electric heating,New,1295,B,708
84,5,1,0,1,12,0,1,1,7.0,Vantaa,Apartment,1,1,District heating,Excellent,0,B,245
73,3,2,0,1,22,0,1,1,4.0,Espoo,Apartment,0,1,District heating,Excellent,0,B,260
55,3,2,0,1,33,0,1,1,2.3,Jyväskylä,Apartment,0,1,Electric heating,Good,0,D,114
32,1,3,0,0,54,0,1,1,3.9,Helsinki,Apartment,0,1,Oil heating,Fair,0,F,91
240,9,0,1,1,2,1,3,3,10.5,Vantaa,Detached house,1,1,District heating,Excellent,1585,C,621
55,3,2,0,1,18,0,1,1,2.7,Tampere,Apartment,0,0,District heating,Good,0,B,158
112,5,0,1,1,48,1,2,3,5.3,Lahti,Semi-detached house,1,1,District heating,Good,560,E,164
152,5,0,1,2,31,1,2,3,11.0,Tampere,Detached house,1,1,Wood heating,Good,1900,D,367
59,2,1,0,0,37,0,1,1,3.7,Tampere,Apartment,0,0,Electric heating,Excellent,0,C,138
41,1,0,1,1,19,1,1,1,3.5,Oulu,Apartment,1,1,District heating,Good,0,B,93
56,3,2,0,1,29,0,1,1,1.6,Turku,Apartment,0,1,District heating,Fair,0,E,130
61,2,0,0,0,67,0,1,1,13.0,Helsinki,Apartment,0,0,District heating,Needs renovation,0,G,144
61,3,1,0,0,0,0,2,2,5.5,Espoo,Apartment,0,1,District heating,New,0,A,272
41,1,0,0,0,64,1,1,1,1.6,Turku,Apartment,0,1,District heating,Fair,0,E,68
94,4,0,1,3,69,1,1,1,3.2,Vantaa,Detached house,0,1,District heating,Needs renovation,1155,G,300
77,4,2,0,0,21,0,1,1,1.5,Turku,Apartment,0,1,District heating,Good,0,C,188
49,3,2,1,1,7,0,1,1,0.8,Oulu,Apartment,0,1,District heating,Excellent,0,B,133
102,4,1,1,1,11,0,1,1,8.0,Espoo,Apartment,0,1,District heating,Excellent,0,B,331
49,2,0,0,1,43,0,1,1,0.6,Lahti,Apartment,0,1,District heating,Good,0,F,81
41,2,1,0,1,48,0,1,1,27.1,Vantaa,Apartment,0,0,Air-source heat pump,Needs renovation,0,E,61
61,2,2,0,0,24,0,1,1,10.0,Oulu,Apartment,0,1,District heating,Good,0,C,99
97,5,0,0,1,43,1,2,2,9.8,Helsinki,Terraced house,0,1,Air-source heat pump,Good,320,E,347
147,6,0,0,2,1,1,2,3,6.8,Jyväskylä,Detached house,1,1,Geothermal,Excellent,1360,A,302
54,2,6,0,1,26,0,1,1,5.1,Helsinki,Apartment,0,1,District heating,Needs renovation,0,E,191
67,3,4,1,1,50,0,1,1,6.4,Vantaa,Apartment,0,1,Oil heating,Excellent,0,D,160
92,4,0,1,1,19,1,1,1,5.3,Oulu,Detached house,0,1,Geothermal,Good,1090,C,209
72,2,4,1,0,30,0,1,1,2.3,Helsinki,Apartment,0,1,District heating,Good,0,E,316
192,7,0,1,2,8,1,3,4,8.5,Turku,Detached house,1,1,Geothermal,Excellent,910,B,375
55,2,0,1,0,36,0,1,1,2.3,Oulu,Apartment,0,1,District heating,Excellent,0,D,99
100,3,0,0,2,3,1,1,2,13.9,Espoo,Detached house,1,1,Air-source heat pump,New,1200,A,463
62,2,4,0,1,12,0,1,1,3.9,Lahti,Apartment,0,0,District heating,Good,0,C,105
102,4,0,0,3,77,1,2,2,4.5,Jyväskylä,Detached house,1,1,District heating,Needs renovation,1440,G,119
73,3,1,0,1,24,0,1,2,1.9,Kuopio,Apartment,0,1,Air-source heat pump,Fair,0,D,152
171,6,0,1,1,69,1,3,4,4.5,Pori,Detached house,1,1,Oil heating,Fair,1585,G,178
35,2,1,1,1,6,0,1,1,7.2,Oulu,Apartment,0,1,District heating,Good,0,C,79
133,5,0,0,1,38,1,2,2,4.2,Helsinki,Semi-detached house,1,1,Electric heating,Good,930,F,670
55,2,2,0,1,64,0,1,2,2.1,Turku,Apartment,0,1,District heating,Good,0,E,124
83,3,0,0,1,63,0,2,2,11.4,Vantaa,Apartment,0,0,District heating,Good,0,E,162
121,5,4,0,1,80,0,2,2,12.0,Helsinki,Apartment,0,0,District heating,Needs renovation,0,F,310
125,5,2,0,1,16,0,2,3,16.0,Vantaa,Apartment,0,1,District heating,Excellent,0,B,310
112,5,0,1,2,15,1,2,2,3.2,Helsinki,Terraced house,1,1,District heating,Good,560,C,642
69,3,6,1,1,40,0,1,1,2.1,Helsinki,Apartment,0,1,District heating,Fair,0,D,255
30,2,4,1,1,51,0,1,1,3.5,Helsinki,Apartment,1,0,District heating,Needs renovation,0,F,111
49,2,0,0,0,47,0,1,1,7.0,Helsinki,Apartment,0,0,District heating,Needs renovation,0,E,130
65,2,0,0,1,33,0,1,1,2.7,Turku,Apartment,0,0,District heating,Fair,0,D,119
161,6,0,0,0,44,0,2,4,3.3,Turku,Semi-detached house,0,1,District heating,Needs renovation,540,E,251
76,3,2,1,0,16,0,1,1,4.2,Turku,Apartment,0,1,District heating,Good,0,C,162
113,4,0,1,1,2,1,2,3,6.7,Jyväskylä,Semi-detached house,1,1,Air-source heat pump,New,870,A,298
91,4,0,1,1,20,1,2,2,2.6,Lahti,Detached house,0,1,Electric heating,Fair,1025,E,148
41,2,1,1,1,44,0,1,1,1.4,Tampere,Apartment,0,0,Electric heating,Fair,0,D,102
70,2,1,0,1,38,0,1,1,2.2,Jyväskylä,Apartment,0,0,District heating,Needs renovation,0,E,109
88,4,0,0,1,36,0,1,1,6.8,Vantaa,Apartment,0,0,District heating,Good,0,D,203
118,5,0,0,1,3,1,1,1,6.4,Lahti,Detached house,1,1,Geothermal,New,2210,A,248
115,5,2,0,1,38,0,2,2,4.0,Oulu,Apartment,0,1,District heating,Needs renovation,0,E,159
80,3,0,0,1,27,0,2,2,5.1,Oulu,Apartment,0,1,Air-source heat pump,Fair,0,D,148
35,1,0,0,1,18,0,1,1,1.2,Helsinki,Apartment,0,1,District heating,Good,0,D,179
88,3,0,0,1,21,1,2,3,3.2,Tampere,Terraced house,1,1,Air-source heat pump,Needs renovation,515,D,244
84,4,0,1,3,5,1,2,2,3.5,Helsinki,Detached house,0,1,Air-source heat pump,New,585,A,553
85,4,0,0,3,37,1,1,1,21.3,Tampere,Semi-detached house,0,1,Electric heating,Good,910,D,160
78,2,1,0,1,12,0,1,1,3.9,Turku,Apartment,0,1,Electric heating,Fair,0,C,153
80,4,0,0,1,10,1,1,1,4.6,Helsinki,Terraced house,1,1,Air-source heat pump,Needs renovation,140,C,349
89,4,0,1,1,20,1,2,3,3.4,Pori,Detached house,0,1,Wood heating,Fair,1875,E,139
77,3,0,0,0,22,1,2,2,4.1,Tampere,Terraced house,1,1,District heating,Good,320,C,226
70,3,3,0,0,10,0,1,1,2.6,Jyväskylä,Apartment,0,1,Air-source heat pump,Good,0,A,163
62,3,0,0,0,41,0,1,1,1.9,Helsinki,Apartment,1,0,District heating,Good,0,D,230
156,7,0,1,2,11,1,2,2,4.6,Espoo,Detached house,1,1,Geothermal,Good,2320,B,781
70,3,2,0,1,43,0,1,1,3.5,Oulu,Apartment,0,1,District heating,Good,0,C,127
55,2,2,1,1,10,0,1,1,2.2,Helsinki,Apartment,0,1,District heating,Good,0,C,276
192,7,0,0,1,46,1,3,3,4.0,Tampere,Semi-detached house,1,1,Air-source heat pump,Needs renovation,605,E,324
24,1,3,1,1,71,0,1,1,9.9,Helsinki,Apartment,0,1,District heating,Good,0,E,93
34,2,1,0,1,36,0,1,1,3.2,Espoo,Apartment,0,1,District heating,Fair,0,E,107
80,3,0,1,2,17,1,1,1,26.1,Espoo,Semi-detached house,0,1,Air-source heat pump,Good,750,C,240
76,2,4,1,1,9,0,1,1,5.8,Jyväskylä,Apartment,0,1,District heating,Excellent,0,B,150
84,2,3,0,1,49,0,1,1,3.7,Kuopio,Apartment,0,1,District heating,Good,0,D,126
36,2,2,1,1,58,0,1,1,1.7,Turku,Apartment,0,0,District heating,Fair,0,F,69
50,2,5,1,1,17,0,1,1,1.4,Tampere,Apartment,0,1,District heating,Good,0,C,182
38,2,2,1,1,78,0,1,1,2.5,Turku,Apartment,0,0,District heating,Fair,0,F,85
58,2,2,0,1,14,0,1,1,4.2,Espoo,Apartment,0,1,District heating,Good,0,D,230
58,3,2,0,1,95,0,1,1,9.6,Espoo,Apartment,0,0,District heating,Good,0,F,169
103,4,0,1,0,13,0,1,1,4.1,Helsinki,Apartment,1,1,Oil heating,Needs renovation,0,D,316
84,4,2,1,1,44,0,2,2,16.6,Vantaa,Apartment,0,1,District heating,Needs renovation,0,F,128
88,3,0,0,1,19,1,1,2,4.3,Tampere,Terraced house,0,1,Electric heating,Fair,305,D,194
90,4,0,0,1,40,1,1,2,19.6,Vantaa,Terraced house,1,1,District heating,Fair,470,D,191
97,5,0,1,1,11,1,2,3,13.3,Tampere,Terraced house,1,1,Electric heating,Fair,405,B,209
48,2,3,0,1,74,0,1,1,4.5,Oulu,Apartment,0,1,District heating,Good,0,E,73
48,2,4,1,0,4,0,1,1,1.3,Tampere,Apartment,0,1,District heating,Good,0,B,175
80,3,0,0,2,21,1,1,1,13.3,Tampere,Terraced house,1,1,District heating,Fair,475,D,184
62,3,1,0,1,43,0,1,1,3.8,Helsinki,Apartment,0,1,District heating,Needs renovation,0,F,201
68,3,4,0,1,49,0,2,2,5.6,Kuopio,Apartment,0,0,District heating,Needs renovation,0,E,80
43,2,5,1,1,7,0,1,1,11.8,Oulu,Apartment,0,1,Electric heating,Excellent,0,B,96
115,4,0,0,1,46,0,1,1,28.8,Vantaa,Detached house,0,1,Electric heating,Needs renovation,1145,F,188
117,6,3,0,1,47,0,2,2,2.7,Tampere,Apartment,0,1,District heating,Fair,0,D,252
74,3,4,0,0,65,0,1,1,4.2,Helsinki,Apartment,0,1,District heating,Good,0,F,228
102,4,4,0,1,70,0,2,2,2.2,Tampere,Apartment,0,0,District heating,Needs renovation,0,G,195
84,4,0,0,2,20,1,2,2,21.3,Vantaa,Detached house,0,0,Electric heating,Good,1505,C,235
78,4,0,1,1,55,0,1,1,5.1,Tampere,Apartment,0,0,District heating,Fair,0,G,160
70,3,0,0,1,20,1,1,1,5.4,Oulu,Apartment,0,0,District heating,Fair,0,D,111
62,2,2,0,1,29,0,1,1,12.1,Espoo,Apartment,0,0,District heating,Needs renovation,0,D,161
34,1,4,1,0,44,0,1,1,5.1,Vantaa,Apartment,0,0,District heating,Excellent,0,D,88
57,3,0,0,0,29,0,1,1,6.8,Tampere,Apartment,0,1,District heating,Good,0,E,108
139,6,0,1,2,29,1,2,2,5.6,Espoo,Detached house,1,1,Oil heating,Fair,2940,E,623
106,4,0,0,0,15,0,1,1,3.5,Helsinki,Apartment,0,1,District heating,Needs renovation,0,C,319
30,1,5,1,1,18,0,1,1,3.4,Helsinki,Apartment,1,1,District heating,Excellent,0,C,166
80,3,0,0,2,47,1,1,1,24.6,Vantaa,Detached house,0,1,Electric heating,Needs renovation,2720,F,171
93,5,1,1,1,3,0,1,1,9.4,Vantaa,Apartment,0,1,District heating,Needs renovation,0,C,217
56,2,3,0,1,17,0,1,1,0.6,Tampere,Apartment,0,1,District heating,Excellent,0,C,189
68,4,1,0,1,25,0,1,2,0.8,Helsinki,Apartment,0,1,District heating,Good,0,D,356
82,3,10,0,0,43,0,1,1,1.4,Helsinki,Apartment,0,1,Geothermal,Good,0,D,344
78,2,1,0,1,51,0,1,1,5.2,Oulu,Apartment,0,0,District heating,Good,0,D,121
71,2,0,1,2,29,1,1,1,3.8,Oulu,Terraced house,0,1,Air-source heat pump,Good,240,C,151
54,2,3,1,1,10,0,1,1,4.5,Oulu,Apartment,0,0,District heating,Good,0,B,126
33,1,0,0,1,44,0,1,1,2.7,Vantaa,Apartment,0,0,District heating,Needs renovation,0,E,60
111,5,0,0,3,15,1,2,2,4.5,Oulu,Detached house,0,1,Air-source heat pump,Excellent,625,B,236
104,4,0,0,3,72,1,2,3,10.1,Tampere,Detached house,0,1,District heating,Needs renovation,600,G,158
61,2,10,1,0,25,0,1,1,1.1,Tampere,Apartment,0,1,District heating,Good,0,D,182
27,1,1,0,1,12,0,1,1,5.0,Helsinki,Apartment,0,1,District heating,Good,0,B,149
45,2,1,0,1,4,0,1,1,3.9,Lahti,Apartment,0,1,District heating,Excellent,0,B,92
73,3,0,0,1,72,1,2,3,6.4,Turku,Detached house,0,1,Geothermal,Needs renovation,645,F,129
104,6,5,1,2,13,0,1,1,4.2,Espoo,Apartment,1,1,District heating,Excellent,0,C,424
106,5,7,0,1,44,0,2,3,1.6,Lahti,Apartment,0,1,Electric heating,Needs renovation,0,D,145
116,4,2,0,1,43,0,2,2,9.1,Jyväskylä,Apartment,1,1,District heating,Good,0,E,165
140,4,1,0,1,79,0,2,2,6.3,Vantaa,Apartment,0,1,District heating,Good,0,F,289
79,3,0,0,1,89,1,1,2,1.6,Helsinki,Apartment,0,0,District heating,Fair,0,G,260
85,3,3,1,1,13,0,3,4,15.6,Vantaa,Apartment,0,1,Air-source heat pump,Good,0,C,229
99,3,1,1,1,17,0,1,1,5.4,Lahti,Apartment,0,0,District heating,Good,0,C,158
99,4,0,1,1,14,1,1,1,2.1,Tampere,Terraced house,0,1,District heating,Needs renovation,380,C,259
142,5,0,0,1,4,1,2,2,2.3,Tampere,Terraced house,1,0,District heating,Excellent,510,A,431
76,2,0,1,1,15,0,1,1,4.8,Pori,Terraced house,0,1,Electric heating,Fair,140,D,82
121,4,4,0,1,25,0,2,3,10.5,Espoo,Apartment,0,1,District heating,Fair,0,D,291
36,1,1,1,1,95,0,1,1,3.8,Oulu,Apartment,0,0,District heating,Needs renovation,0,F,39
77,2,2,1,1,48,0,1,1,6.7,Helsinki,Apartment,0,1,District heating,Fair,0,F,236
45,2,2,0,0,24,0,1,1,1.8,Turku,Apartment,0,1,District heating,Excellent,0,C,113
133,5,0,0,2,54,1,2,2,7.0,Oulu,Terraced house,1,1,District heating,Needs renovation,760,F,208
58,3,2,1,1,7,0,1,1,1.0,Oulu,Apartment,0,1,District heating,Good,0,B,156
70,3,0,0,1,27,0,1,1,16.8,Espoo,Apartment,0,0,Air-source heat pump,Excellent,0,C,189
81,4,5,0,1,51,0,2,2,3.0,Tampere,Apartment,0,1,District heating,Good,0,F,199
175,6,0,1,2,30,1,2,2,8.9,Lahti,Detached house,0,1,Oil heating,Excellent,1905,D,235
29,1,1,0,0,32,0,1,1,7.3,Turku,Apartment,0,1,District heating,Fair,0,D,56
73,3,1,1,1,13,0,1,1,12.6,Vantaa,Apartment,0,1,Air-source heat pump,Good,0,C,182
41,2,2,0,1,11,0,1,1,5.8,Vantaa,Apartment,0,1,Air-source heat pump,Good,0,A,116
47,3,5,1,1,18,0,1,1,4.1,Helsinki,Apartment,0,1,District heating,Good,0,C,235
56,3,2,0,0,38,0,2,2,10.2,Helsinki,Apartment,1,0,Geothermal,Fair,0,D,204
86,3,2,0,1,15,0,1,1,3.4,Tampere,Apartment,0,1,District heating,Needs renovation,0,C,184
28,1,2,1,1,78,0,1,1,0.8,Oulu,Apartment,0,0,District heating,Fair,0,F,53
51,3,0,0,1,67,0,1,1,4.0,Lahti,Apartment,0,0,Electric heating,Good,0,F,66
77,3,1,0,1,53,0,1,1,2.9,Helsinki,Apartment,0,0,District heating,Fair,0,F,263
136,5,0,1,1,3,0,2,2,4.8,Vantaa,Terraced house,1,1,Geothermal,Excellent,415,B,401
58,3,2,1,1,32,0,1,1,4.5,Kuopio,Apartment,0,0,Oil heating,Excellent,0,E,90
127,6,0,0,1,47,1,2,2,5.8,Helsinki,Terraced house,0,1,District heating,Needs renovation,450,F,403
76,3,1,0,1,10,0,1,1,3.4,Pori,Apartment,1,0,District heating,Excellent,0,B,118
98,4,0,1,1,4,0,2,2,1.7,Pori,Apartment,0,1,District heating,Excellent,0,A,141
43,2,1,1,0,8,0,1,1,4.5,Tampere,Apartment,0,0,District heating,Excellent,0,C,119
122,5,0,1,1,2,1,3,4,3.7,Pori,Semi-detached house,1,1,Geothermal,Excellent,880,B,191
35,1,1,1,1,16,0,1,1,3.8,Pori,Apartment,0,1,District heating,Good,0,C,51
48,2,1,0,0,43,0,1,1,3.2,Helsinki,Apartment,0,1,District heating,Needs renovation,0,F,152
121,5,0,0,2,29,1,3,3,7.9,Turku,Semi-detached house,1,1,Oil heating,Fair,740,E,232
74,2,1,1,1,0,0,1,1,2.9,Turku,Apartment,0,1,District heating,New,0,B,200
88,3,8,1,1,1,0,1,1,4.0,Jyväskylä,Apartment,0,1,District heating,New,0,A,230
43,2,3,1,1,14,0,1,1,0.9,Helsinki,Apartment,0,0,Geothermal,Excellent,0,A,260
50,2,3,0,1,21,0,1,1,5.2,Vantaa,Apartment,0,0,District heating,Good,0,D,135
205,8,0,1,2,1,1,3,3,5.6,Kuopio,Detached house,1,1,Geothermal,New,2310,A,449
108,5,0,1,1,17,1,2,3,7.1,Jyväskylä,Terraced house,1,1,District heating,Good,340,C,222
83,4,2,0,0,42,0,2,2,6.3,Vantaa,Apartment,0,0,District heating,Fair,0,E,161
78,3,0,0,1,16,1,2,3,10.6,Lahti,Terraced house,1,1,Geothermal,Good,665,C,137
36,1,0,0,1,45,0,1,1,4.3,Helsinki,Apartment,0,0,District heating,Fair,0,E,112
95,4,0,1,1,11,1,2,2,11.3,Oulu,Semi-detached house,0,1,Electric heating,Good,1405,B,183
82,5,0,1,1,18,1,1,1,13.7,Turku,Semi-detached house,1,1,Wood heating,Good,590,C,151
102,4,0,0,2,2,1,2,3,7.6,Tampere,Detached house,0,1,Wood heating,Excellent,770,C,263
95,3,0,0,1,37,1,1,1,4.9,Tampere,Semi-detached house,1,1,Wood heating,Fair,560,E,238
112,4,4,0,1,12,0,1,2,5.7,Helsinki,Apartment,0,1,District heating,Excellent,0,A,529
83,2,1,1,1,7,0,1,1,4.5,Tampere,Apartment,0,1,Electric heating,Good,0,C,231
50,3,0,1,1,19,0,1,1,2.0,Lahti,Apartment,1,1,District heating,Fair,0,D,84
47,3,2,0,1,5,0,1,1,1.5,Oulu,Apartment,0,1,District heating,Good,0,B,120
135,7,0,0,1,22,1,2,2,7.9,Pori,Detached house,1,1,Electric heating,Excellent,1590,C,183
105,3,4,1,1,51,0,1,1,1.5,Tampere,Apartment,0,1,District heating,Excellent,0,D,270
45,1,2,0,1,32,0,1,1,6.5,Helsinki,Apartment,0,1,District heating,Fair,0,C,176
124,4,0,0,1,95,1,2,2,1.5,Lahti,Semi-detached house,1,0,Oil heating,Excellent,875,G,152
63,2,4,0,1,16,0,1,1,5.4,Espoo,Apartment,1,1,Geothermal,Good,0,B,256
105,4,0,0,1,8,1,3,4,9.8,Espoo,Terraced house,0,1,Electric heating,Good,680,C,497
105,4,0,0,2,76,1,1,1,8.5,Helsinki,Terraced house,1,1,Air-source heat pump,Good,260,E,444
45,2,9,1,0,4,0,1,1,2.0,Turku,Apartment,0,0,District heating,Excellent,0,B,127
79,3,1,0,1,21,0,1,1,7.4,Espoo,Apartment,0,1,District heating,Good,0,B,257
100,3,0,1,2,32,1,2,2,7.7,Vantaa,Terraced house,1,1,Electric heating,Fair,280,D,237
51,2,0,0,1,28,0,1,1,7.1,Helsinki,Terraced house,0,1,District heating,Good,275,C,220
32,2,2,0,1,24,0,1,1,2.2,Helsinki,Apartment,0,0,District heating,Needs renovation,0,C,146
54,2,3,1,1,11,0,1,1,4.8,Turku,Apartment,0,1,District heating,Excellent,0,B,132
60,2,2,1,1,36,0,1,1,2.4,Tampere,Apartment,0,0,Air-source heat pump,Good,0,C,148
125,5,0,0,1,33,1,1,1,7.7,Espoo,Detached house,1,0,Air-source heat pump,Fair,1035,D,475
51,2,3,0,1,23,0,1,1,2.8,Helsinki,Apartment,0,1,District heating,Needs renovation,0,D,223
36,2,4,0,1,40,0,1,1,5.5,Espoo,Apartment,0,0,District heating,Fair,0,D,112
114,5,0,1,1,20,1,1,2,20.1,Espoo,Detached house,1,1,Geothermal,Fair,1540,D,374
72,3,2,0,1,30,0,1,1,23.0,Vantaa,Apartment,0,1,District heating,Good,0,D,141
120,4,0,0,2,23,1,2,2,3.4,Tampere,Detached house,0,1,Wood heating,Fair,505,D,313
149,6,0,0,1,23,1,2,3,9.8,Pori,Detached house,1,1,Wood heating,Good,2675,E,155
94,4,2,0,0,71,0,1,1,9.8,Espoo,Apartment,0,1,District heating,Needs renovation,0,F,159
110,4,0,1,2,1,1,1,1,17.0,Lahti,Detached house,1,1,Geothermal,New,2090,A,192
96,4,0,0,1,38,0,1,2,3.9,Lahti,Apartment,0,1,District heating,Fair,0,D,109
67,4,3,0,0,37,0,1,1,3.1,Tampere,Apartment,0,0,Air-source heat pump,Good,0,D,144
71,3,2,0,0,64,0,1,1,2.4,Helsinki,Apartment,0,0,Electric heating,Good,0,F,227
87,3,8,1,1,3,0,1,1,3.0,Helsinki,Apartment,1,0,District heating,Excellent,0,A,496
70,2,0,0,1,18,1,1,2,3.3,Lahti,Apartment,1,1,Oil heating,Fair,0,D,105
106,5,0,1,2,30,1,2,2,8.0,Tampere,Detached house,0,1,Wood heating,Fair,1000,D,290
108,4,0,0,1,62,1,2,2,5.6,Lahti,Detached house,1,0,Electric heating,Needs renovation,1715,G,139
73,4,0,1,1,95,1,1,2,5.4,Helsinki,Terraced house,0,1,Electric heating,Fair,315,F,288
84,4,0,0,1,16,1,2,2,9.7,Tampere,Semi-detached house,0,0,District heating,Excellent,1055,C,231
87,3,0,1,1,4,0,1,1,1.4,Tampere,Apartment,0,1,District heating,Excellent,0,B,278
72,4,1,0,0,73,0,2,3,8.4,Helsinki,Apartment,0,1,District heating,Needs renovation,0,F,157
61,3,3,0,0,5,0,1,1,5.3,Vantaa,Apartment,0,0,Air-source heat pump,Good,0,C,181
76,4,0,0,1,23,1,1,1,3.4,Tampere,Apartment,1,1,District heating,Good,0,D,196
66,2,0,0,1,35,0,1,1,2.6,Oulu,Apartment,0,0,District heating,Needs renovation,0,D,107
41,2,2,1,0,5,0,1,1,4.0,Turku,Apartment,0,0,Electric heating,Excellent,0,B,111
44,1,2,0,1,19,0,1,1,2.0,Oulu,Apartment,0,1,District heating,Fair,0,C,95
85,3,1,1,0,35,0,1,1,11.5,Vantaa,Apartment,0,0,District heating,Good,0,C,180
149,6,0,1,2,19,1,3,3,10.1,Espoo,Detached house,1,1,Electric heating,Good,1910,D,634
34,1,5,1,1,1,0,1,1,3.4,Helsinki,Apartment,0,1,District heating,New,0,B,217
94,5,6,0,1,24,0,1,1,4.4,Vantaa,Apartment,0,1,District heating,Good,0,C,252
78,4,0,0,1,21,1,3,3,4.5,Turku,Terraced house,0,0,District heating,Excellent,500,C,196
85,3,1,1,1,14,0,1,2,3.8,Helsinki,Apartment,0,1,District heating,Fair,0,C,338
85,4,0,0,1,21,0,1,1,2.5,Turku,Apartment,0,0,Geothermal,Good,0,C,196
80,4,2,1,1,39,0,1,1,3.4,Tampere,Apartment,0,1,District heating,Good,0,E,208
68,4,6,1,1,13,0,1,1,3.3,Jyväskylä,Apartment,0,1,Air-source heat pump,Fair,0,C,160
51,2,2,0,1,16,0,1,2,2.6,Tampere,Apartment,0,1,District heating,Needs renovation,0,C,132
50,3,4,0,0,8,0,1,1,7.7,Espoo,Apartment,0,1,District heating,Good,0,B,179
185,7,0,1,0,16,1,3,4,3.0,Kuopio,Detached house,1,1,District heating,Fair,1805,D,303
74,2,9,0,1,33,0,1,2,1.7,Tampere,Apartment,0,1,District heating,Good,0,C,235
229,8,0,0,1,84,1,3,4,10.8,Turku,Detached house,1,1,Electric heating,Fair,1105,F,248
108,5,0,1,2,35,1,1,1,7.1,Helsinki,Detached house,1,0,Geothermal,Needs renovation,585,C,445
50,3,4,1,0,22,0,1,1,2.5,Tampere,Apartment,0,1,District heating,Fair,0,D,131
48,2,0,1,1,23,0,1,1,4.4,Espoo,Apartment,0,0,District heating,Fair,0,C,135
68,3,0,0,1,24,1,1,1,1.9,Lahti,Apartment,0,1,Geothermal,Fair,0,D,109
137,5,0,1,1,6,1,2,3,5.0,Oulu,Semi-detached house,0,0,Air-source heat pump,Good,435,B,288
103,4,0,0,1,27,1,2,2,3.0,Helsinki,Terraced house,0,1,District heating,Good,295,C,498
73,2,0,0,1,29,1,1,1,3.6,Helsinki,Apartment,0,0,Air-source heat pump,Fair,0,C,245
85,3,0,0,2,20,1,1,1,5.7,Lahti,Semi-detached house,0,1,Electric heating,Good,560,D,132
86,4,2,0,1,32,0,1,1,8.5,Vantaa,Apartment,0,0,Electric heating,Fair,0,C,193
60,3,2,0,0,34,0,2,2,6.0,Vantaa,Apartment,0,1,District heating,Needs renovation,0,D,127
61,2,1,0,1,69,0,1,1,5.7,Lahti,Apartment,0,1,District heating,Fair,0,F,82
27,1,0,1,1,61,1,1,1,3.9,Espoo,Apartment,0,0,District heating,Good,0,F,96
122,5,0,1,1,14,1,3,3,8.1,Vantaa,Semi-detached house,0,1,Oil heating,Good,975,D,335
48,2,6,0,0,7,0,1,1,2.6,Helsinki,Apartment,0,1,District heating,Good,0,C,254
24,1,6,1,0,30,0,1,1,5.4,Espoo,Apartment,0,1,District heating,Fair,0,D,75
63,2,1,0,0,75,0,1,1,13.0,Lahti,Apartment,1,0,District heating,Fair,0,F,61
58,3,2,0,1,62,0,1,1,10.1,Vantaa,Apartment,0,1,District heating,Fair,0,F,126
74,3,1,0,1,18,0,1,1,6.6,Jyväskylä,Apartment,0,1,Air-source heat pump,Fair,0,C,134
111,4,2,0,1,19,0,1,1,5.4,Vantaa,Apartment,0,1,District heating,Good,0,B,283
39,2,8,0,1,36,0,1,1,1.2,Tampere,Apartment,0,0,Oil heating,Needs renovation,0,E,94
27,1,4,1,1,13,0,1,1,2.5,Tampere,Apartment,0,1,Electric heating,Fair,0,C,93
55,2,1,0,1,61,0,1,1,2.0,Helsinki,Apartment,0,0,District heating,Good,0,D,232
131,5,0,0,2,63,1,2,3,3.1,Jyväskylä,Detached house,1,1,Electric heating,Fair,2555,G,225
34,2,0,1,1,16,1,1,1,5.6,Vantaa,Apartment,0,1,District heating,Good,0,D,103
44,2,3,0,0,18,0,1,1,3.7,Helsinki,Apartment,0,1,District heating,Good,0,B,181
72,2,1,0,0,37,0,1,1,4.7,Espoo,Apartment,0,1,District heating,Fair,0,E,200
93,3,0,0,1,25,0,1,1,10.0,Oulu,Apartment,1,1,District heating,Needs renovation,0,D,112
124,4,0,0,1,43,1,1,1,5.5,Kuopio,Detached house,0,1,Air-source heat pump,Good,2110,E,190
30,2,2,1,1,31,0,1,1,7.1,Kuopio,Apartment,0,1,Electric heating,Good,0,D,52
39,1,4,1,1,11,0,1,1,6.9,Vantaa,Apartment,0,1,District heating,Excellent,0,B,130
95,4,2,0,1,37,0,1,1,1.6,Oulu,Apartment,0,0,Electric heating,Good,0,D,168
66,2,0,1,1,45,0,1,1,7.5,Espoo,Apartment,0,1,Air-source heat pump,Needs renovation,0,D,152
73,3,1,0,1,30,0,1,1,4.7,Oulu,Apartment,0,1,Electric heating,Fair,0,D,138
108,4,0,1,2,3,1,2,2,11.3,Helsinki,Semi-detached house,0,1,Air-source heat pump,Good,435,A,519
238,9,0,1,2,95,1,3,3,18.7,Helsinki,Detached house,1,1,Wood heating,Needs renovation,860,G,431
48,2,4,0,1,27,0,1,1,17.8,Vantaa,Apartment,0,1,District heating,Good,0,C,114
89,5,1,0,1,37,0,1,1,7.9,Oulu,Apartment,0,0,District heating,Needs renovation,0,D,116
72,3,1,0,1,56,0,2,2,6.1,Lahti,Apartment,0,1,District heating,Good,0,F,99
117,5,0,0,2,24,1,2,2,6.5,Tampere,Terraced house,1,1,Electric heating,Good,445,D,271
52,2,0,0,1,22,0,1,1,14.2,Espoo,Apartment,0,0,District heating,Good,0,B,152
90,3,1,0,1,26,0,2,2,4.9,Vantaa,Apartment,1,1,District heating,Needs renovation,0,C,232
80,3,0,0,1,36,1,2,2,9.6,Vantaa,Terraced house,0,1,District heating,Good,165,D,191
53,3,3,1,1,0,0,1,1,26.3,Espoo,Apartment,0,1,Air-source heat pump,Good,0,A,166
70,3,0,0,2,19,1,1,1,8.0,Oulu,Terraced house,1,0,Air-source heat pump,Fair,440,C,124
42,1,1,1,0,45,0,1,1,2.9,Tampere,Apartment,0,1,Geothermal,Excellent,0,C,111
56,2,3,0,1,34,0,1,1,2.2,Jyväskylä,Apartment,0,0,District heating,Good,0,E,99
72,3,5,0,0,5,0,1,1,7.5,Espoo,Apartment,0,1,District heating,Excellent,0,B,257
116,4,0,0,3,29,1,3,3,3.2,Helsinki,Detached house,1,1,Air-source heat pump,Fair,500,E,575
54,2,1,0,1,51,0,1,1,2.0,Turku,Apartment,0,1,District heating,Fair,0,D,104
111,4,6,0,1,46,0,2,2,6.9,Espoo,Apartment,0,0,District heating,Fair,0,E,291
55,2,4,0,1,58,0,1,1,1.5,Jyväskylä,Apartment,0,0,Electric heating,Needs renovation,0,F,84
136,5,0,1,3,4,1,2,2,7.0,Oulu,Semi-detached house,1,1,Electric heating,Good,1020,B,274
63,2,0,1,1,49,0,1,1,1.5,Helsinki,Apartment,0,1,District heating,Good,0,E,245
95,4,0,1,2,20,0,1,1,11.0,Espoo,Terraced house,1,1,District heating,Fair,335,D,318
103,4,0,1,2,27,1,1,1,1.7,Oulu,Detached house,1,1,Geothermal,Good,1255,D,242
50,3,1,0,0,60,0,1,1,2.8,Lahti,Apartment,0,1,Air-source heat pump,Fair,0,E,59
85,4,3,1,0,34,0,1,1,2.6,Helsinki,Apartment,0,0,District heating,Excellent,0,D,344
37,1,2,0,0,95,0,1,1,14.7,Espoo,Apartment,0,1,Air-source heat pump,Excellent,0,D,90
47,2,2,0,1,25,0,1,1,1.1,Pori,Apartment,1,1,District heating,Needs renovation,0,C,51
69,3,3,1,0,2,0,1,1,16.0,Helsinki,Apartment,0,1,District heating,New,0,A,240
77,4,0,0,3,29,0,2,2,9.8,Vantaa,Terraced house,0,1,Oil heating,Needs renovation,215,E,152
39,1,2,1,1,14,0,1,1,3.9,Oulu,Apartment,0,0,District heating,Good,0,B,87
88,3,1,1,1,20,0,1,1,2.5,Helsinki,Apartment,0,1,District heating,Good,0,C,399
82,3,0,1,1,13,0,1,2,5.0,Espoo,Apartment,0,1,District heating,Excellent,0,C,269
77,3,1,1,1,4,0,1,1,2.7,Jyväskylä,Apartment,0,1,District heating,Good,0,B,173
59,3,2,0,0,46,0,1,1,6.7,Vantaa,Apartment,0,1,Electric heating,Needs renovation,0,E,106
30,1,2,0,0,95,0,1,1,3.0,Tampere,Apartment,0,0,District heating,Needs renovation,0,G,46
149,5,0,0,1,48,1,2,2,15.6,Vantaa,Detached house,1,1,Air-source heat pump,Needs renovation,1005,F,237
110,5,0,0,1,22,1,2,3,9.0,Tampere,Detached house,1,1,District heating,Fair,1385,D,299
77,3,0,0,2,23,1,1,1,5.9,Vantaa,Terraced house,0,1,Electric heating,Good,325,C,223
28,1,0,0,0,13,0,1,1,3.1,Helsinki,Apartment,0,1,District heating,Fair,0,C,113
159,6,0,0,2,22,1,2,3,7.0,Jyväskylä,Detached house,1,1,Electric heating,Fair,1960,D,226
68,3,0,0,0,74,0,1,1,3.6,Turku,Apartment,0,0,District heating,Needs renovation,0,G,97
80,3,0,0,3,25,1,2,2,13.1,Lahti,Detached house,0,1,Electric heating,Good,995,D,108
50,2,0,0,1,25,0,1,1,2.2,Jyväskylä,Apartment,0,0,Electric heating,Fair,0,D,94
166,7,0,1,2,35,1,2,2,14.5,Lahti,Detached house,1,1,District heating,Excellent,2380,D,227
135,5,0,1,2,14,1,2,3,11.5,Pori,Detached house,0,1,Geothermal,Excellent,2200,B,176
56,2,4,1,1,5,0,1,1,4.4,Tampere,Apartment,0,1,District heating,Excellent,0,C,186
86,3,0,1,1,25,0,1,1,3.3,Lahti,Apartment,0,0,District heating,Fair,0,C,118
62,3,1,0,1,44,0,1,1,14.1,Vantaa,Apartment,0,1,District heating,Good,0,D,125
93,4,0,1,1,2,0,1,2,4.3,Helsinki,Apartment,1,1,District heating,New,0,B,467
52,2,0,0,1,67,0,1,1,1.8,Kuopio,Apartment,0,1,District heating,Fair,0,G,73
55,2,1,0,1,66,0,1,1,7.3,Jyväskylä,Apartment,0,0,District heating,Good,0,E,86
101,4,0,0,1,41,1,2,3,2.3,Kuopio,Terraced house,0,1,District heating,Fair,490,E,157
77,2,4,1,1,24,0,1,1,8.4,Vantaa,Apartment,0,1,District heating,Needs renovation,0,D,152
117,5,1,1,1,29,0,2,2,1.6,Helsinki,Apartment,0,0,District heating,Good,0,D,461
138,5,0,0,2,43,1,3,3,13.4,Helsinki,Detached house,1,1,Air-source heat pump,Good,760,D,560
44,2,3,0,0,40,0,1,1,8.8,Espoo,Apartment,0,1,District heating,Good,0,D,124
85,4,0,1,2,77,0,2,3,11.8,Espoo,Terraced house,0,1,District heating,Needs renovation,290,E,212
109,4,0,1,1,0,1,1,2,8.9,Oulu,Detached house,1,1,Electric heating,Excellent,1275,B,253
132,5,0,1,1,18,1,2,2,5.3,Turku,Semi-detached house,0,0,Electric heating,Fair,875,D,310
83,3,0,0,3,25,1,1,1,4.9,Lahti,Detached house,0,1,Geothermal,Good,1665,B,153
82,3,5,0,1,30,0,2,2,8.3,Vantaa,Apartment,0,0,District heating,Good,0,D,205
67,3,2,0,1,22,0,1,1,2.7,Helsinki,Apartment,0,1,District heating,Good,0,C,307
100,4,3,1,2,16,0,2,2,4.4,Oulu,Apartment,1,1,District heating,Excellent,0,B,231
52,2,0,1,2,15,1,1,1,5.1,Turku,Apartment,0,0,District heating,Excellent,0,C,124
124,5,0,1,2,11,1,2,3,10.1,Lahti,Detached house,1,1,Air-source heat pump,Excellent,1735,C,224
121,5,0,0,1,4,1,2,2,12.0,Vantaa,Terraced house,0,1,Air-source heat pump,Excellent,380,B,336
49,2,7,1,1,20,0,1,1,10.1,Helsinki,Apartment,0,0,District heating,Good,0,B,199
99,4,0,1,1,11,0,1,1,15.7,Espoo,Semi-detached house,1,1,Air-source heat pump,Good,250,B,330
76,4,3,1,1,22,0,1,1,8.8,Vantaa,Apartment,0,1,District heating,Needs renovation,0,E,159
55,3,1,0,0,24,0,1,1,8.3,Vantaa,Apartment,0,1,District heating,Excellent,0,C,136
98,5,1,0,1,35,0,1,1,2.3,Jyväskylä,Apartment,0,1,District heating,Needs renovation,0,E,129
117,5,0,1,1,24,1,2,3,6.0,Oulu,Semi-detached house,0,0,Air-source heat pump,Fair,635,C,213
107,4,3,0,1,18,0,1,1,18.4,Espoo,Apartment,0,1,District heating,Good,0,C,276
93,4,0,0,1,32,1,2,3,9.7,Espoo,Detached house,1,1,Air-source heat pump,Excellent,490,D,312
33,2,2,1,0,24,0,1,1,4.4,Helsinki,Apartment,0,1,District heating,Good,0,C,140
44,2,1,1,0,27,0,1,1,1.7,Kuopio,Apartment,0,1,District heating,Needs renovation,0,D,70
45,2,3,0,1,49,0,1,1,5.0,Vantaa,Apartment,0,0,District heating,Excellent,0,C,108
101,5,0,0,1,29,1,2,2,6.6,Lahti,Detached house,0,1,Geothermal,Good,810,B,159
51,2,2,0,1,25,0,1,1,7.3,Oulu,Apartment,0,1,Air-source heat pump,Fair,0,D,89
109,5,0,0,0,74,0,1,1,2.6,Turku,Apartment,0,1,District heating,Fair,0,E,192
35,1,1,1,2,3,0,1,1,2.6,Turku,Apartment,0,1,District heating,Good,0,A,108
59,2,2,0,1,42,0,1,1,3.6,Turku,Apartment,0,0,District heating,Good,0,D,137
71,3,0,1,1,6,1,2,2,9.6,Espoo,Semi-detached house,1,1,Geothermal,Fair,1540,C,361
74,3,4,0,1,10,0,2,2,5.2,Vantaa,Apartment,0,0,District heating,Good,0,B,216
45,2,1,1,1,19,0,1,1,15.0,Espoo,Apartment,0,0,Electric heating,Fair,0,C,121
59,3,2,1,0,26,0,1,1,1.8,Helsinki,Apartment,0,1,District heating,Good,0,D,272
138,5,0,1,3,23,1,2,3,4.7,Oulu,Detached house,1,1,Electric heating,Fair,670,C,227
54,2,7,1,1,3,0,1,1,4.4,Tampere,Apartment,0,1,District heating,New,0,B,187
39,1,1,1,1,3,0,1,1,2.4,Pori,Apartment,0,0,Electric heating,New,0,B,61
70,2,1,0,1,67,0,1,1,4.6,Helsinki,Apartment,1,1,District heating,Fair,0,E,201
79,4,7,0,1,55,0,2,2,3.5,Vantaa,Apartment,0,0,District heating,Needs renovation,0,F,164
87,3,1,0,1,23,0,1,1,1.1,Turku,Apartment,0,0,District heating,Good,0,D,200
44,2,3,1,0,2,0,1,1,6.3,Helsinki,Apartment,0,0,District heating,New,0,A,219
50,2,0,0,0,54,0,1,1,2.8,Pori,Apartment,0,1,District heating,Fair,0,F,50
91,4,0,0,1,2,1,2,2,3.1,Turku,Terraced house,0,1,Air-source heat pump,Excellent,300,B,225
94,3,0,1,2,16,1,1,1,1.8,Pori,Detached house,0,0,Geothermal,Excellent,1925,C,162
98,4,0,0,2,5,0,2,2,7.8,Lahti,Apartment,0,0,District heating,New,0,A,162
91,3,0,1,2,34,1,2,3,7.2,Turku,Semi-detached house,0,1,District heating,Good,915,D,208
36,2,5,1,2,55,0,1,1,1.1,Tampere,Apartment,0,0,District heating,Good,0,F,113
108,5,0,0,2,27,1,2,2,3.3,Oulu,Detached house,0,1,Geothermal,Good,815,C,216
77,3,0,0,1,49,1,1,1,12.8,Tampere,Detached house,0,1,Electric heating,Excellent,955,E,173
69,3,7,1,1,4,0,1,1,9.6,Espoo,Apartment,0,1,District heating,Excellent,0,C,271
246,9,0,0,1,48,1,3,4,10.4,Vantaa,Detached house,1,1,Electric heating,Needs renovation,1930,E,448
91,4,0,0,1,46,1,1,1,16.6,Vantaa,Terraced house,0,1,District heating,Needs renovation,270,E,165
89,5,0,0,1,21,1,1,1,11.4,Helsinki,Terraced house,1,1,Air-source heat pump,Fair,295,D,336
66,3,0,0,0,16,0,1,1,3.1,Helsinki,Apartment,0,1,Air-source heat pump,Excellent,0,B,281
100,4,0,0,0,3,1,1,2,6.4,Pori,Detached house,0,1,Geothermal,Excellent,1030,A,152
58,3,0,0,1,29,0,1,1,4.0,Helsinki,Apartment,0,1,Air-source heat pump,Excellent,0,C,227
146,5,0,0,2,27,1,2,3,4.8,Helsinki,Detached house,0,1,Electric heating,Excellent,1010,C,732
113,5,0,0,1,42,1,2,3,5.4,Pori,Detached house,0,0,District heating,Needs renovation,2205,E,131
123,6,0,0,1,21,1,1,1,15.3,Helsinki,Semi-detached house,0,1,District heating,Good,515,B,475
122,4,9,0,1,67,0,2,2,8.0,Espoo,Apartment,1,0,District heating,Fair,0,F,340
66,3,3,0,1,25,0,1,1,8.7,Lahti,Apartment,0,1,District heating,Fair,0,C,76
82,3,7,0,0,19,0,1,1,3.7,Tampere,Apartment,0,1,District heating,Good,0,B,226
30,1,2,1,1,7,0,1,1,5.5,Oulu,Apartment,0,1,Air-source heat pump,Good,0,A,75
69,3,0,0,1,44,1,1,1,8.5,Oulu,Terraced house,0,1,Air-source heat pump,Fair,435,E,122
111,5,0,0,3,6,1,1,1,10.4,Tampere,Detached house,1,1,Electric heating,Good,1360,D,293
103,4,0,0,1,5,1,1,1,11.0,Jyväskylä,Terraced house,0,1,District heating,Good,655,B,189
95,4,0,1,2,40,1,2,2,14.4,Vantaa,Detached house,1,0,Air-source heat pump,Good,1410,D,245
36,1,1,1,2,48,0,1,1,3.0,Kuopio,Apartment,0,1,Electric heating,Needs renovation,0,E,47
55,2,0,0,1,60,1,1,1,9.3,Turku,Apartment,0,0,District heating,Needs renovation,0,F,73
125,6,0,1,2,36,0,1,2,3.5,Helsinki,Apartment,1,1,District heating,Needs renovation,0,E,387
85,4,0,0,2,28,0,1,1,10.1,Espoo,Semi-detached house,0,1,District heating,Needs renovation,255,D,230
51,2,2,0,0,46,0,1,1,4.5,Helsinki,Apartment,0,1,District heating,Needs renovation,0,F,145
165,7,0,0,3,32,1,3,4,4.8,Oulu,Detached house,1,1,Electric heating,Needs renovation,2185,F,256
69,3,0,1,1,2,1,1,1,7.9,Vantaa,Terraced house,0,1,District heating,Excellent,190,A,218
66,3,0,0,0,4,0,1,2,2.8,Turku,Apartment,0,1,District heating,Good,0,B,168
68,3,0,0,2,1,1,1,1,4.7,Kuopio,Terraced house,0,0,District heating,New,510,B,144
54,2,6,0,0,1,0,1,1,5.6,Tampere,Apartment,0,1,District heating,Excellent,0,A,169
62,3,2,1,0,3,0,1,1,2.5,Turku,Apartment,0,1,District heating,New,0,A,174
103,4,2,0,1,27,0,2,2,8.2,Vantaa,Apartment,1,1,District heating,Fair,0,D,258
123,4,0,1,3,82,1,1,1,9.1,Kuopio,Detached house,0,1,Air-source heat pump,Excellent,2435,E,187
154,6,0,0,2,5,1,2,2,14.9,Lahti,Detached house,1,1,Geothermal,Good,990,B,205
53,2,7,0,1,14,0,1,1,20.6,Turku,Apartment,0,1,District heating,Good,0,C,85
83,4,0,0,1,24,1,2,2,12.1,Espoo,Semi-detached house,1,1,Electric heating,Fair,700,D,319
57,3,4,0,0,38,0,1,1,6.2,Helsinki,Apartment,0,1,District heating,Fair,0,D,187
33,2,1,1,1,46,0,1,1,2.2,Jyväskylä,Apartment,0,1,Electric heating,Fair,0,E,63
88,4,0,0,2,1,1,1,1,12.9,Helsinki,Terraced house,0,0,Electric heating,Good,530,B,422
46,2,0,0,2,17,0,1,1,2.8,Lahti,Apartment,0,1,District heating,Good,0,B,87
88,4,1,1,1,54,0,1,1,3.4,Helsinki,Apartment,0,1,District heating,Fair,0,D,302
115,5,0,0,2,33,1,2,3,13.7,Turku,Detached house,0,1,Air-source heat pump,Good,1115,D,216
126,5,0,0,1,16,1,2,2,16.1,Pori,Detached house,0,1,Geothermal,Good,4295,C,128
84,4,1,0,1,22,0,1,1,1.8,Turku,Apartment,0,1,District heating,Fair,0,D,186
70,2,1,0,0,43,0,1,1,3.9,Helsinki,Apartment,0,1,District heating,Fair,0,E,241
98,3,0,1,2,53,1,1,1,3.9,Kuopio,Terraced house,0,1,Geothermal,Needs renovation,480,E,109
106,4,0,0,0,57,1,2,2,11.4,Vantaa,Semi-detached house,0,1,Oil heating,Good,740,F,210
74,4,1,0,1,26,0,1,1,2.5,Helsinki,Apartment,0,0,Electric heating,Fair,0,D,260
78,3,0,0,1,33,1,1,1,2.1,Turku,Terraced house,0,1,District heating,Fair,635,C,183
46,2,3,0,1,2,0,1,1,6.7,Espoo,Apartment,0,0,District heating,New,0,B,203
129,5,0,0,1,94,1,2,3,2.5,Kuopio,Semi-detached house,0,1,Wood heating,Needs renovation,880,G,145
67,3,0,0,1,75,0,1,1,0.9,Turku,Apartment,0,1,District heating,Needs renovation,0,G,110
92,3,0,1,1,6,1,1,1,8.9,Kuopio,Detached house,0,1,Air-source heat pump,Good,1270,B,183
97,3,0,1,1,0,1,2,2,9.5,Helsinki,Terraced house,1,0,District heating,New,320,A,460
96,5,0,0,0,52,1,2,3,9.2,Tampere,Terraced house,0,1,District heating,Good,430,E,203
76,3,3,0,1,32,0,2,2,6.2,Jyväskylä,Apartment,0,1,Air-source heat pump,Fair,0,D,144
89,4,6,1,0,41,0,2,2,1.0,Helsinki,Apartment,0,1,District heating,Needs renovation,0,E,358
79,3,3,1,0,61,0,1,1,4.8,Turku,Apartment,0,0,District heating,Good,0,F,152
53,2,2,1,1,4,0,1,1,2.7,Turku,Apartment,0,0,District heating,Good,0,B,141
37,1,2,0,1,16,0,1,1,7.0,Espoo,Apartment,0,1,District heating,Fair,0,C,137
49,2,7,0,1,25,0,1,1,13.2,Espoo,Apartment,0,0,District heating,Fair,0,C,155
41,2,0,0,1,7,1,1,1,2.6,Pori,Apartment,0,0,Air-source heat pump,Needs renovation,0,C,51
41,1,4,0,1,24,0,1,1,4.9,Vantaa,Apartment,0,1,District heating,Good,0,D,117
111,5,0,1,1,72,1,2,3,2.9,Tampere,Terraced house,0,1,Air-source heat pump,Good,510,F,259
116,5,4,0,0,95,0,2,2,3.0,Helsinki,Apartment,0,0,District heating,Fair,0,E,367
93,5,0,0,2,4,1,1,1,4.5,Lahti,Detached house,0,1,Air-source heat pump,Good,1150,A,214
58,3,1,1,1,8,0,1,1,4.2,Helsinki,Apartment,0,1,Air-source heat pump,Excellent,0,A,316
54,2,3,1,1,27,0,1,1,5.7,Espoo,Apartment,0,0,District heating,Needs renovation,0,C,153
80,3,1,1,2,34,0,2,2,3.1,Jyväskylä,Apartment,0,0,District heating,Good,0,D,139
49,2,6,1,1,1,0,1,1,11.8,Espoo,Apartment,0,1,District heating,New,0,A,214
42,2,3,0,0,39,0,1,1,9.2,Espoo,Apartment,0,0,District heating,Good,0,E,117
58,2,3,0,1,23,0,1,1,2.7,Helsinki,Apartment,0,1,District heating,Needs renovation,0,E,215
110,4,0,0,0,31,1,2,2,12.8,Oulu,Detached house,1,0,Electric heating,Good,1475,D,186
51,2,0,0,1,38,0,1,1,13.0,Vantaa,Terraced house,0,0,District heating,Fair,280,D,118
52,2,1,0,1,8,0,1,1,8.1,Helsinki,Apartment,0,1,District heating,Good,0,B,235
77,4,3,1,1,71,0,1,1,4.1,Helsinki,Apartment,0,1,District heating,Fair,0,G,205
60,2,3,0,1,16,0,1,1,2.2,Helsinki,Apartment,0,1,District heating,Good,0,B,291
48,2,1,0,1,15,0,1,1,3.1,Kuopio,Apartment,0,1,Geothermal,Fair,0,C,92
47,2,1,0,1,41,0,1,1,4.7,Turku,Apartment,0,1,District heating,Fair,0,E,93
119,5,0,1,2,32,1,2,3,4.0,Helsinki,Terraced house,0,1,Electric heating,Good,820,D,641
81,4,0,0,1,78,1,1,1,6.1,Tampere,Terraced house,0,1,District heating,Good,660,F,205
61,4,1,0,1,24,0,1,1,3.4,Oulu,Apartment,0,1,Air-source heat pump,Good,0,B,128
103,4,0,0,2,27,1,2,2,5.4,Pori,Semi-detached house,1,1,Geothermal,Fair,990,C,139
139,6,0,0,1,31,1,2,2,17.6,Espoo,Semi-detached house,0,1,Wood heating,Good,1420,E,410
104,5,0,1,1,15,1,1,2,10.3,Espoo,Detached house,1,1,Electric heating,Fair,1590,D,417
43,1,2,0,1,35,0,1,1,2.5,Pori,Apartment,0,1,District heating,Good,0,D,52
50,3,7,1,0,26,0,1,1,1.5,Helsinki,Apartment,0,0,Air-source heat pump,Fair,0,C,242
69,3,3,0,0,0,0,1,1,9.6,Helsinki,Apartment,0,1,District heating,New,0,A,315
121,6,5,1,1,11,0,2,3,11.5,Espoo,Apartment,0,1,District heating,Good,0,C,385
128,5,0,0,1,12,1,2,3,1.0,Pori,Terraced house,1,1,Air-source heat pump,Excellent,650,B,196
41,1,1,0,1,36,0,1,1,1.6,Helsinki,Apartment,0,0,District heating,Fair,0,D,164
77,2,0,0,0,95,0,1,2,4.2,Helsinki,Apartment,0,1,District heating,Excellent,0,E,235
110,4,3,0,1,22,0,1,1,12.9,Tampere,Apartment,0,1,District heating,Fair,0,C,202
64,2,0,0,1,36,0,1,1,2.3,Turku,Apartment,0,0,District heating,Good,0,C,128
118,4,0,0,2,49,1,1,2,7.3,Helsinki,Terraced house,0,1,Air-source heat pump,Fair,540,E,492
99,4,1,1,1,16,0,2,2,3.9,Espoo,Apartment,0,1,District heating,Excellent,0,B,421
93,3,0,1,2,21,1,2,2,3.6,Kuopio,Terraced house,0,1,District heating,Fair,520,C,153
218,8,0,1,3,18,1,3,4,4.4,Lahti,Detached house,1,1,Geothermal,Good,1060,C,405
59,2,0,0,1,62,1,1,1,3.3,Turku,Apartment,0,0,District heating,Good,0,E,111
101,4,1,0,1,35,0,2,2,3.5,Turku,Apartment,0,1,District heating,Fair,0,E,176
46,2,0,0,2,25,0,1,1,3.6,Vantaa,Apartment,0,1,District heating,Good,0,C,132
70,4,0,0,2,26,0,2,2,3.1,Kuopio,Terraced house,0,1,District heating,Good,340,D,141
72,3,5,1,1,1,0,1,1,4.3,Helsinki,Apartment,0,1,District heating,New,0,A,383
48,2,3,1,0,3,0,1,1,2.8,Helsinki,Apartment,0,1,District heating,Excellent,0,A,249
113,5,0,0,2,20,1,2,2,7.2,Helsinki,Terraced house,0,1,Electric heating,Fair,440,D,557
71,3,0,1,2,95,1,1,1,3.1,Jyväskylä,Terraced house,0,1,Electric heating,Needs renovation,640,G,128
61,2,6,1,0,3,0,1,1,2.3,Tampere,Apartment,0,1,District heating,Good,0,B,190
100,4,9,0,1,19,0,1,1,8.9,Tampere,Apartment,0,1,District heating,Excellent,0,B,270
92,4,0,0,2,16,1,1,1,7.0,Vantaa,Detached house,0,1,Geothermal,Fair,900,C,304
46,2,1,1,1,33,0,1,1,4.0,Lahti,Apartment,0,1,Electric heating,Needs renovation,0,E,61
67,3,0,1,2,17,0,1,1,2.4,Tampere,Semi-detached house,0,1,Electric heating,Excellent,355,C,211
84,3,2,0,1,40,0,1,1,2.5,Helsinki,Apartment,0,0,District heating,Good,0,D,322
68,2,2,1,1,34,0,1,1,3.3,Oulu,Apartment,0,1,District heating,Needs renovation,0,E,95
42,2,5,1,1,4,0,1,1,12.7,Kuopio,Apartment,0,0,Electric heating,Excellent,0,B,74
